# Blender 4.0.2
# www.blender.org
mtllib Bisturi-2.mtl
o Navaja
v 0.007329 0.563866 0.229297
v 0.007329 0.563866 0.006641
v 0.007329 1.918261 0.229297
v 0.007329 1.732596 0.006641
v -0.002671 0.563866 0.229297
v -0.002671 0.563866 0.006641
v -0.002671 1.918261 0.229297
v -0.002671 1.732596 0.006641
vn 1.0000 -0.0000 -0.0000
vn -1.0000 -0.0000 -0.0000
vn -0.0000 -1.0000 -0.0000
vn -0.0000 0.7680 -0.6404
vn -0.0000 -0.0000 1.0000
vn -0.0000 -0.0000 -1.0000
vt 0.391196 0.583333
vt 0.625000 0.583333
vt 0.625000 0.666667
vt 0.391196 0.666667
s 0
usemtl Material
f 3/1/1 1/2/1 2/3/1 4/4/1
f 7/1/2 8/4/2 6/3/2 5/2/2
f 2/3/3 1/2/3 5/2/3 6/3/3
f 3/1/4 4/4/4 8/4/4 7/1/4
f 1/2/5 3/1/5 7/1/5 5/2/5
f 4/4/6 2/3/6 6/3/6 8/4/6
o Cuerpo
v -0.031913 0.188886 0.381531
v -0.031913 1.512103 0.257468
v -0.031913 0.188886 -0.017424
v -0.031913 1.512103 -0.024107
v 0.031913 0.188886 0.381531
v 0.031913 1.450939 0.257468
v 0.031913 0.188886 -0.017424
v 0.031913 1.450939 -0.024107
v -0.031913 0.291510 0.353397
v -0.031913 0.291510 -0.023883
v 0.031913 0.291510 -0.023883
v 0.031913 0.291510 0.353397
v -0.031913 0.433408 0.264675
v -0.031913 0.505278 -0.024107
v 0.031913 0.505278 -0.024107
v 0.031913 0.433408 0.264675
v -0.031913 0.010183 0.127259
v -0.031913 0.010183 0.247069
v 0.031913 0.010183 0.127259
v 0.031913 0.010183 0.247069
v -0.031913 0.108140 0.362277
v 0.031913 0.108140 0.362277
v 0.031913 0.108140 0.014576
v -0.031913 0.108140 0.014576
v -0.031913 1.028733 0.261412
v -0.031913 1.028733 -0.024107
v 0.031913 1.018539 -0.024107
v 0.031913 1.018538 0.261412
v -0.031913 0.188886 0.055052
v -0.031913 0.188886 0.142931
v -0.031913 1.563243 0.124315
v -0.031913 1.563243 0.057519
v 0.031913 0.188886 0.207329
v 0.031913 0.188886 0.050881
v 0.031913 1.450939 0.033111
v 0.031913 1.450939 0.184707
v 0.031913 0.308233 0.061397
v 0.031913 0.308233 0.171521
v -0.031913 0.291510 0.139886
v -0.031913 0.291510 0.056818
v 0.031913 0.505278 0.033111
v 0.031913 0.505278 0.187727
v -0.031913 0.505278 0.128028
v -0.031913 0.505278 0.057519
v -0.031913 0.002337 0.164112
v -0.031913 0.002337 0.197618
v 0.031913 0.002337 0.197618
v 0.031913 0.002337 0.164112
v 0.031913 0.107791 0.207171
v 0.031913 0.107791 0.069541
v -0.031913 0.107791 0.066537
v -0.031913 0.107791 0.146854
v 0.031913 1.018538 0.033111
v 0.031913 1.018538 0.184707
v -0.031913 1.037256 0.124973
v -0.031913 1.037256 0.057519
v -0.031913 0.042897 0.310563
v 0.031913 0.042897 0.069064
v 0.031913 0.042897 0.310563
v -0.031913 0.042897 0.069064
v 0.031913 0.040921 0.111674
v 0.031913 0.040921 0.204571
v -0.031913 0.040921 0.173614
v -0.031913 0.040921 0.109146
v 0.000000 0.183602 -0.022626
v 0.000000 1.483158 -0.029483
v 0.000000 0.183602 0.387738
v 0.000000 1.483158 0.260430
v 0.000000 0.288910 0.358868
v 0.000000 0.288910 -0.029254
v 0.000000 0.434519 0.267825
v 0.000000 0.505632 -0.029483
v 0.000000 0.000225 0.125919
v 0.000000 0.000225 0.249760
v 0.000000 0.100744 0.010211
v 0.000000 0.100744 0.367980
v 0.000000 1.035702 0.264478
v 0.000000 1.025155 -0.029483
v 0.000000 -0.007826 0.164133
v 0.000000 -0.007826 0.198930
v 0.000000 0.033795 0.066124
v 0.000000 0.033795 0.314914
v -0.031913 0.188886 0.189729
v -0.031913 0.188886 0.247544
v -0.031913 0.188886 0.312701
v -0.031913 1.159727 0.260685
v -0.031913 1.282019 0.259736
v -0.031913 1.398511 0.258639
v -0.031913 1.553814 0.039861
v -0.031913 1.541508 0.019848
v -0.031913 1.527285 -0.001737
v -0.031913 0.263043 -0.023593
v -0.031913 0.236593 -0.022740
v -0.031913 0.211945 -0.020844
v -0.007978 0.184056 -0.022179
v -0.015956 0.185253 -0.021000
v -0.023934 0.186945 -0.019334
v 0.007978 1.475372 -0.029021
v 0.015956 1.467355 -0.027803
v 0.023935 1.459185 -0.026081
v 0.031913 0.263043 -0.023593
v 0.031913 0.236593 -0.022740
v 0.031913 0.211945 -0.020844
v 0.031913 0.188886 0.026480
v 0.031913 0.188886 0.008358
v 0.031913 0.188886 -0.005579
v 0.031913 1.450939 0.202897
v 0.031913 1.450939 0.221088
v 0.031913 1.450939 0.239278
v 0.031913 0.263043 0.366652
v 0.031913 0.236593 0.375311
v 0.031913 0.211945 0.380047
v 0.007978 0.184056 0.387204
v 0.015956 0.185253 0.385798
v 0.023935 0.186945 0.383810
v -0.007978 1.490663 0.260175
v -0.015956 1.497938 0.259504
v -0.023934 1.505059 0.258555
v -0.031913 0.211945 0.380047
v -0.031913 0.236593 0.375311
v -0.031913 0.263043 0.366652
v -0.031913 0.422987 -0.024103
v -0.031913 0.364786 -0.024079
v -0.031913 0.323389 -0.024012
v 0.031913 0.422987 -0.024103
v 0.031913 0.364786 -0.024079
v 0.031913 0.323389 -0.024012
v 0.031913 0.387690 0.288292
v 0.031913 0.354328 0.313066
v 0.031913 0.322082 0.335207
v -0.007978 0.289134 0.358398
v -0.015956 0.289723 0.357158
v -0.023934 0.290556 0.355406
v 0.031913 0.296511 0.230200
v 0.031913 0.292904 0.274720
v 0.031913 0.291685 0.314988
v 0.007978 0.289134 -0.028792
v 0.015956 0.289723 -0.027575
v 0.023935 0.290556 -0.025855
v -0.031913 0.291510 0.039289
v -0.031913 0.291510 0.019492
v -0.031913 0.291510 -0.001817
v -0.031913 0.322082 0.335207
v -0.031913 0.354328 0.313066
v -0.031913 0.387690 0.288292
v -0.031913 0.888411 -0.024107
v -0.031913 0.747232 -0.024107
v -0.031913 0.615939 -0.024107
v 0.031913 0.884110 -0.024107
v 0.031913 0.745957 -0.024107
v 0.031913 0.615780 -0.024107
v 0.031913 0.882803 0.261869
v 0.031913 0.735499 0.262103
v 0.031913 0.580483 0.262189
v 0.007978 0.434424 0.267555
v 0.015956 0.434172 0.266841
v 0.023935 0.433816 0.265832
v 0.031913 0.504407 0.210548
v 0.031913 0.498306 0.232273
v 0.031913 0.480003 0.251439
v 0.007978 0.505601 -0.029021
v 0.015956 0.505521 -0.027803
v 0.023935 0.505408 -0.026081
v -0.031913 0.505278 0.039861
v -0.031913 0.505278 0.019848
v -0.031913 0.505278 -0.001737
v -0.031913 0.003048 0.208153
v -0.031913 0.004363 0.219903
v -0.031913 0.006627 0.232874
v -0.007978 0.001081 0.126034
v -0.015956 0.003337 0.126338
v -0.023934 0.006527 0.126767
v 0.031913 0.003048 0.156293
v 0.031913 0.004363 0.147880
v 0.031913 0.006627 0.138370
v 0.007978 0.001081 0.249528
v 0.015956 0.003337 0.248919
v 0.023935 0.006527 0.248057
v -0.031913 0.031491 0.294679
v -0.031913 0.022384 0.278452
v -0.031913 0.015355 0.262408
v 0.031913 0.127048 0.370612
v 0.031913 0.146660 0.376666
v 0.031913 0.167198 0.380339
v 0.031913 0.031491 0.084487
v 0.031913 0.022384 0.099762
v 0.031913 0.015355 0.114237
v -0.031913 0.127048 0.004028
v -0.031913 0.146660 -0.004909
v -0.031913 0.167198 -0.012103
v -0.031913 0.167198 0.380339
v -0.031913 0.146660 0.376666
v -0.031913 0.127048 0.370612
v 0.031913 0.056703 0.325613
v 0.031913 0.072518 0.339468
v 0.031913 0.089834 0.351799
v 0.031913 0.167198 -0.012103
v 0.031913 0.146660 -0.004909
v 0.031913 0.127048 0.004028
v -0.031913 0.056703 0.054075
v -0.031913 0.072518 0.039835
v -0.031913 0.089834 0.026587
v 0.031913 0.107855 0.048949
v 0.031913 0.107939 0.034229
v 0.031913 0.108036 0.023424
v -0.031913 0.107855 0.189508
v -0.031913 0.107939 0.241764
v -0.031913 0.108036 0.300420
v -0.007978 0.101380 0.010586
v -0.015956 0.103055 0.011575
v -0.023934 0.105424 0.012973
v 0.007978 0.101380 0.367490
v 0.015956 0.103055 0.366198
v 0.023935 0.105424 0.364371
v -0.031913 0.580642 0.262189
v -0.031913 0.736773 0.262103
v -0.031913 0.887104 0.261869
v -0.031913 1.398511 -0.024107
v -0.031913 1.282019 -0.024107
v -0.031913 1.159727 -0.024107
v 0.031913 1.352479 -0.024107
v 0.031913 1.250163 -0.024107
v 0.031913 1.140135 -0.024107
v 0.031913 1.352479 0.258639
v 0.031913 1.250163 0.259736
v 0.031913 1.140135 0.260685
v -0.007978 1.035939 0.264214
v -0.015956 1.034480 0.263520
v -0.023934 1.031889 0.262538
v 0.031913 1.018538 0.203884
v 0.031913 1.018538 0.223060
v 0.031913 1.018539 0.242236
v 0.007978 1.023750 -0.029021
v 0.015956 1.022132 -0.027803
v 0.023935 1.020371 -0.026081
v -0.031913 1.035684 0.039861
v -0.031913 1.033633 0.019848
v -0.031913 1.031263 -0.001737
v -0.031913 0.188886 0.002087
v -0.031913 0.188886 0.021042
v -0.031913 0.188886 0.038882
v -0.031913 0.188886 0.069792
v -0.031913 0.188886 0.086532
v -0.031913 0.188886 0.109502
v -0.031913 1.527285 0.219801
v -0.031913 1.541508 0.183885
v -0.031913 1.553814 0.151473
v -0.031913 1.568996 0.103449
v -0.031913 1.570914 0.087052
v -0.031913 1.568996 0.072588
v 0.031913 0.188886 0.338248
v 0.031913 0.188886 0.294858
v 0.031913 0.188886 0.251254
v 0.031913 0.188886 0.163360
v 0.031913 0.188886 0.121163
v 0.031913 0.188886 0.082936
v 0.031913 1.450939 -0.009802
v 0.031913 1.450939 0.004502
v 0.031913 1.450939 0.018807
v 0.031913 0.291685 -0.009655
v 0.031913 0.292904 0.006766
v 0.031913 0.296511 0.027943
v 0.031913 0.295478 0.086984
v 0.031913 0.291226 0.117591
v 0.031913 0.295478 0.147633
v -0.031913 0.291510 0.291904
v -0.031913 0.291510 0.233657
v -0.031913 0.291510 0.181902
v -0.031913 0.291510 0.109648
v -0.031913 0.291510 0.088392
v -0.031913 0.291510 0.072116
v 0.031913 0.505278 -0.009802
v 0.031913 0.505278 0.004502
v 0.031913 0.505278 0.018807
v -0.031913 0.480003 0.231265
v -0.031913 0.498306 0.194024
v -0.031913 0.504407 0.158425
v -0.031913 0.505278 0.105015
v -0.031913 0.505278 0.087517
v -0.031913 0.505278 0.072646
v -0.031913 0.006627 0.138370
v -0.031913 0.004363 0.147880
v -0.031913 0.003048 0.156293
v -0.031913 0.001946 0.171812
v -0.031913 0.001815 0.179746
v -0.031913 0.001946 0.188239
v 0.031913 0.006627 0.232874
v 0.031913 0.004363 0.219903
v 0.031913 0.003048 0.208153
v 0.031913 0.001946 0.188239
v 0.031913 0.001815 0.179746
v 0.031913 0.001946 0.171812
v 0.031913 0.108036 0.323700
v 0.031913 0.107939 0.285043
v 0.031913 0.107855 0.246227
v 0.031913 0.107752 0.168149
v 0.031913 0.107739 0.130846
v 0.031913 0.107752 0.097297
v -0.031913 0.108036 0.027905
v -0.031913 0.107939 0.041099
v -0.031913 0.107855 0.054021
v -0.031913 0.107752 0.079090
v -0.031913 0.107739 0.094436
v -0.031913 0.107752 0.115912
v 0.031913 1.018539 -0.009802
v 0.031913 1.018539 0.004502
v 0.031913 1.018539 0.018807
v -0.031913 1.031263 0.222769
v -0.031913 1.033633 0.185940
v -0.031913 1.035684 0.152736
v -0.031913 1.038215 0.103727
v -0.031913 1.038534 0.087135
v -0.031913 1.038215 0.072598
v -0.031913 0.892007 0.125094
v -0.031913 0.748297 0.125453
v -0.031913 0.616072 0.126336
v -0.031913 0.892007 0.057519
v -0.031913 0.748297 0.057519
v -0.031913 0.616073 0.057519
v 0.031913 0.884110 0.033111
v 0.031913 0.745957 0.033111
v 0.031913 0.615780 0.033111
v 0.031913 0.884110 0.184755
v 0.031913 0.745957 0.185085
v 0.031913 0.615780 0.185981
v -0.031913 0.167192 0.142629
v -0.031913 0.146616 0.142734
v -0.031913 0.126901 0.143918
v -0.031913 0.167192 0.055710
v -0.031913 0.146616 0.057514
v -0.031913 0.126901 0.060958
v 0.031913 0.167192 0.053239
v 0.031913 0.146616 0.057085
v 0.031913 0.126901 0.062494
v 0.031913 0.167192 0.207741
v 0.031913 0.146616 0.207765
v 0.031913 0.126901 0.207532
v 0.031913 0.029031 0.124312
v 0.031913 0.019065 0.137355
v 0.031913 0.010380 0.150666
v 0.031913 0.029031 0.203190
v 0.031913 0.019065 0.201503
v 0.031913 0.010380 0.199612
v -0.031913 0.029031 0.180371
v -0.031913 0.019065 0.186480
v -0.031913 0.010380 0.192157
v -0.031913 0.029031 0.122450
v -0.031913 0.019065 0.136128
v -0.031913 0.010380 0.150058
v -0.007978 -0.006952 0.164131
v -0.015956 -0.004650 0.164126
v -0.023934 -0.001394 0.164120
v -0.007978 -0.006952 0.198818
v -0.015956 -0.004650 0.198520
v -0.023934 -0.001394 0.198100
v -0.031913 0.422987 0.130680
v -0.031913 0.364786 0.133895
v -0.031913 0.323389 0.137142
v -0.031913 0.422987 0.057508
v -0.031913 0.364786 0.057431
v -0.031913 0.323389 0.057223
v 0.031913 0.423249 0.033553
v 0.031913 0.366877 0.036647
v 0.031913 0.330444 0.045044
v 0.031913 0.423249 0.190022
v 0.031913 0.366877 0.190231
v 0.031913 0.330444 0.185137
v -0.031913 0.263043 0.141718
v -0.031913 0.236593 0.142708
v -0.031913 0.211945 0.143048
v -0.031913 0.263043 0.056200
v -0.031913 0.236593 0.055547
v -0.031913 0.211945 0.055089
v 0.031913 0.267694 0.053521
v 0.031913 0.237862 0.050738
v 0.031913 0.212104 0.049987
v 0.031913 0.267694 0.194054
v 0.031913 0.237862 0.202467
v 0.031913 0.212104 0.206106
v 0.031913 1.352479 0.033111
v 0.031913 1.250163 0.033111
v 0.031913 1.140135 0.033111
v 0.031913 1.352479 0.184707
v 0.031913 1.250163 0.184707
v 0.031913 1.140135 0.184707
v -0.031913 1.436999 0.124511
v -0.031913 1.308655 0.124693
v -0.031913 1.176107 0.124852
v -0.031913 1.436999 0.057519
v -0.031913 1.308655 0.057519
v -0.031913 1.176108 0.057519
v -0.031913 0.089834 0.351799
v -0.031913 0.072518 0.339468
v -0.031913 0.056703 0.325613
v 0.031913 0.089834 0.026587
v 0.031913 0.072518 0.039835
v 0.031913 0.056703 0.054075
v 0.031913 0.015355 0.262408
v 0.031913 0.022384 0.278452
v 0.031913 0.031491 0.294679
v -0.031913 0.015355 0.114237
v -0.031913 0.022384 0.099762
v -0.031913 0.031491 0.084487
v 0.031913 0.089165 0.078240
v 0.031913 0.071442 0.088357
v 0.031913 0.055176 0.099599
v 0.031913 0.089165 0.206774
v 0.031913 0.071442 0.206277
v 0.031913 0.055176 0.205577
v -0.031913 0.089165 0.151964
v -0.031913 0.071442 0.158675
v -0.031913 0.055176 0.166166
v -0.031913 0.089165 0.074575
v -0.031913 0.071442 0.084711
v -0.031913 0.055176 0.096412
v -0.031913 0.040699 0.120566
v -0.031913 0.040625 0.134115
v -0.031913 0.040699 0.151297
v -0.031913 0.041286 0.202043
v -0.031913 0.041761 0.235450
v -0.031913 0.042311 0.272177
v 0.031913 0.040699 0.178362
v 0.031913 0.040625 0.153369
v 0.031913 0.040699 0.130752
v 0.031913 0.041286 0.096907
v 0.031913 0.041761 0.085667
v 0.031913 0.042311 0.076778
v 0.031913 0.042311 0.284033
v 0.031913 0.041761 0.257515
v 0.031913 0.041286 0.231023
v -0.031913 0.042311 0.078693
v -0.031913 0.041761 0.088479
v -0.031913 0.041286 0.098578
v -0.007978 0.034577 0.066376
v -0.015956 0.036640 0.067042
v -0.023934 0.039555 0.067984
v 0.007978 0.034577 0.314540
v 0.015956 0.036640 0.313554
v 0.023935 0.039555 0.312161
v 0.023935 0.186945 -0.019334
v 0.015956 0.185253 -0.021000
v 0.007978 0.184056 -0.022179
v -0.023934 1.505059 -0.026081
v -0.015956 1.497938 -0.027803
v -0.007978 1.490663 -0.029021
v -0.023934 0.186945 0.383810
v -0.015956 0.185253 0.385798
v -0.007978 0.184056 0.387204
v 0.023935 1.459185 0.258555
v 0.015956 1.467355 0.259504
v 0.007978 1.475372 0.260175
v 0.023935 0.290556 0.355406
v 0.015956 0.289723 0.357158
v 0.007978 0.289134 0.358398
v -0.023934 0.290556 -0.025855
v -0.015956 0.289723 -0.027575
v -0.007978 0.289134 -0.028792
v -0.023934 0.433816 0.265832
v -0.015956 0.434172 0.266841
v -0.007978 0.434424 0.267555
v -0.023934 0.505408 -0.026081
v -0.015956 0.505521 -0.027803
v -0.007978 0.505602 -0.029021
v 0.023935 0.006527 0.126767
v 0.015956 0.003337 0.126338
v 0.007978 0.001081 0.126034
v -0.023934 0.006527 0.248057
v -0.015956 0.003337 0.248919
v -0.007978 0.001081 0.249528
v 0.023935 0.105424 0.012973
v 0.015956 0.103055 0.011575
v 0.007978 0.101380 0.010586
v -0.023934 0.105424 0.364371
v -0.015956 0.103055 0.366198
v -0.007978 0.101380 0.367490
v 0.023935 1.024243 0.262538
v 0.015956 1.029383 0.263520
v 0.007978 1.033391 0.264214
v -0.023934 1.028016 -0.026081
v -0.015956 1.027229 -0.027803
v -0.007978 1.026299 -0.029021
v 0.023935 -0.001394 0.164120
v 0.015956 -0.004650 0.164126
v 0.007978 -0.006952 0.164131
v 0.023935 -0.001394 0.198100
v 0.015956 -0.004650 0.198520
v 0.007978 -0.006952 0.198818
v 0.023935 0.039555 0.067984
v 0.015956 0.036640 0.067042
v 0.007978 0.034577 0.066376
v -0.023934 0.039555 0.312161
v -0.015956 0.036640 0.313554
v -0.007978 0.034577 0.314540
v 0.000000 0.387605 0.292060
v 0.000000 0.353370 0.317482
v 0.000000 0.320281 0.340202
v 0.000000 0.081959 0.357228
v 0.000000 0.064191 0.344575
v 0.000000 0.047961 0.330358
v 0.000000 0.081959 0.022536
v 0.000000 0.064191 0.036131
v 0.000000 0.047961 0.050743
v 0.000000 -0.008228 0.172155
v 0.000000 -0.008362 0.180412
v 0.000000 -0.008228 0.189229
v 0.000000 -0.003424 0.137393
v 0.000000 -0.005747 0.147246
v 0.000000 -0.007097 0.155990
v 0.000000 0.887643 -0.029483
v 0.000000 0.747756 -0.029483
v 0.000000 0.616687 -0.029483
v 0.000000 0.895983 0.264946
v 0.000000 0.744604 0.265186
v 0.000000 0.585452 0.265275
v 0.000000 0.161346 0.386514
v 0.000000 0.140271 0.382745
v 0.000000 0.120147 0.376533
v 0.000000 0.161346 -0.017165
v 0.000000 0.140271 -0.009783
v 0.000000 0.120147 -0.000613
v 0.000000 0.022090 0.081952
v 0.000000 0.012745 0.097635
v 0.000000 0.005532 0.112511
v 0.000000 -0.007097 0.209790
v 0.000000 -0.005747 0.221872
v 0.000000 -0.003424 0.235191
v 0.000000 0.422713 -0.029480
v 0.000000 0.363773 -0.029455
v 0.000000 0.321582 -0.029386
v 0.000000 0.259698 -0.028957
v 0.000000 0.232556 -0.028081
v 0.000000 0.207264 -0.026135
v 0.000000 0.259698 0.372469
v 0.000000 0.232556 0.381356
v 0.000000 0.207264 0.386215
v 0.000000 0.022090 0.298614
v 0.000000 0.012745 0.281963
v 0.000000 0.005532 0.265499
v 0.000000 1.381011 0.261632
v 0.000000 1.274977 0.262757
v 0.000000 1.161169 0.263731
v 0.000000 1.377138 -0.029483
v 0.000000 1.267726 -0.029483
v 0.000000 1.151529 -0.029483
v -0.031913 1.173087 0.039861
v -0.031913 1.303744 0.039861
v -0.031913 1.429903 0.039861
v -0.031913 1.169146 0.019848
v -0.031913 1.297335 0.019848
v -0.031913 1.420642 0.019848
v -0.031913 1.164590 -0.001737
v -0.031913 1.289927 -0.001737
v -0.031913 1.409938 -0.001737
v 0.007978 1.148943 -0.029021
v 0.007978 1.263603 -0.029021
v 0.007978 1.371243 -0.029021
v 0.015956 1.146132 -0.027803
v 0.015956 1.259251 -0.027803
v 0.015956 1.365117 -0.027803
v 0.023935 1.143171 -0.026081
v 0.023935 1.254745 -0.026081
v 0.023935 1.358836 -0.026081
v 0.031913 1.140135 0.203702
v 0.031913 1.250163 0.203465
v 0.031913 1.352479 0.203190
v 0.031913 1.140135 0.222696
v 0.031913 1.250163 0.222222
v 0.031913 1.352479 0.221673
v 0.031913 1.140135 0.241691
v 0.031913 1.250163 0.240979
v 0.031913 1.352479 0.240156
v -0.007978 1.162653 0.263470
v -0.007978 1.278195 0.262498
v -0.007978 1.386291 0.261374
v -0.015956 1.162555 0.262779
v -0.015956 1.280164 0.261813
v -0.015956 1.390795 0.260696
v -0.023934 1.161404 0.261804
v -0.023934 1.281300 0.260845
v -0.023934 1.394783 0.259738
v -0.007978 0.022898 0.298276
v -0.015956 0.025028 0.297385
v -0.023934 0.028039 0.296124
v -0.007978 0.013573 0.281662
v -0.015956 0.015757 0.280866
v -0.023934 0.018844 0.279742
v -0.007978 0.006376 0.265233
v -0.015956 0.008602 0.264533
v -0.023934 0.011748 0.263543
v -0.007978 0.207666 0.385685
v -0.007978 0.232903 0.380836
v -0.007978 0.259985 0.371970
v -0.015956 0.208727 0.384288
v -0.015956 0.233817 0.379467
v -0.015956 0.260743 0.370651
v -0.023934 0.210226 0.382312
v -0.023934 0.235110 0.377531
v -0.023934 0.261814 0.368788
v 0.031913 0.212068 0.249974
v 0.031913 0.237579 0.246153
v 0.031913 0.266129 0.238767
v 0.031913 0.211989 0.293575
v 0.031913 0.236941 0.289924
v 0.031913 0.264044 0.283405
v 0.031913 0.211951 0.336891
v 0.031913 0.236636 0.332891
v 0.031913 0.263168 0.325716
v 0.007978 0.207666 -0.025680
v 0.007978 0.232903 -0.027622
v 0.007978 0.259985 -0.028496
v 0.015956 0.208727 -0.024482
v 0.015956 0.233817 -0.026412
v 0.015956 0.260743 -0.027281
v 0.023935 0.210226 -0.022787
v 0.023935 0.235110 -0.024701
v 0.023935 0.261815 -0.025563
v -0.031913 0.211945 0.038313
v -0.031913 0.236593 0.038381
v -0.031913 0.263043 0.038801
v -0.031913 0.211945 0.019646
v -0.031913 0.236593 0.019152
v -0.031913 0.263043 0.019216
v -0.031913 0.211945 -0.000284
v -0.031913 0.236593 -0.001450
v -0.031913 0.263043 -0.001824
v 0.031913 0.326666 0.226214
v 0.031913 0.365657 0.222287
v 0.031913 0.422497 0.216414
v 0.031913 0.324173 0.264713
v 0.031913 0.363392 0.253608
v 0.031913 0.418020 0.241960
v 0.031913 0.322834 0.300640
v 0.031913 0.359383 0.283704
v 0.031913 0.406461 0.265914
v 0.007978 0.321737 -0.028925
v 0.007978 0.363860 -0.028993
v 0.007978 0.422737 -0.029018
v 0.015956 0.322146 -0.027707
v 0.015956 0.364090 -0.027775
v 0.015956 0.422799 -0.027799
v 0.023935 0.322725 -0.025986
v 0.023935 0.364414 -0.026053
v 0.023935 0.422887 -0.026077
v -0.031913 0.323389 0.039620
v -0.031913 0.364786 0.039790
v -0.031913 0.422987 0.039852
v -0.031913 0.323389 0.019698
v -0.031913 0.364786 0.019803
v -0.031913 0.422987 0.019842
v -0.031913 0.323389 -0.001771
v -0.031913 0.364786 -0.001747
v -0.031913 0.422987 -0.001738
v 0.007978 -0.006225 0.209649
v 0.015956 -0.003927 0.209278
v 0.023935 -0.000677 0.208754
v 0.007978 -0.004878 0.221703
v 0.015956 -0.002588 0.221257
v 0.023935 0.000651 0.220626
v 0.007978 -0.002560 0.234992
v 0.015956 -0.000283 0.234467
v 0.023935 0.002936 0.233725
v 0.007978 0.022898 0.082170
v 0.015956 0.025028 0.082744
v 0.023935 0.028039 0.083556
v 0.007978 0.013573 0.097818
v 0.015956 0.015757 0.098300
v 0.023935 0.018844 0.098981
v 0.007978 0.006376 0.112659
v 0.015956 0.008602 0.113050
v 0.023935 0.011748 0.113603
v -0.031913 0.029474 0.112457
v -0.031913 0.030059 0.102901
v -0.031913 0.030748 0.093625
v -0.031913 0.019587 0.126814
v -0.031913 0.020334 0.117741
v -0.031913 0.021299 0.108740
v -0.031913 0.010994 0.141478
v -0.031913 0.011996 0.132770
v -0.031913 0.013494 0.123674
v 0.031913 0.029474 0.225808
v 0.031913 0.030059 0.248640
v 0.031913 0.030748 0.271622
v 0.031913 0.019587 0.220159
v 0.031913 0.020334 0.239283
v 0.031913 0.021299 0.258773
v 0.031913 0.010994 0.214226
v 0.031913 0.011996 0.229657
v 0.031913 0.013494 0.245808
v 0.031913 0.167193 0.251257
v 0.031913 0.167195 0.294459
v 0.031913 0.167196 0.337451
v 0.031913 0.146624 0.250336
v 0.031913 0.146635 0.292610
v 0.031913 0.146647 0.334687
v 0.031913 0.126928 0.248617
v 0.031913 0.126964 0.289432
v 0.031913 0.127005 0.330067
v -0.031913 0.167193 0.040384
v -0.031913 0.167195 0.023663
v -0.031913 0.167196 0.006013
v -0.031913 0.146624 0.043167
v -0.031913 0.146635 0.027741
v -0.031913 0.146647 0.011596
v -0.031913 0.126928 0.047592
v -0.031913 0.126964 0.033483
v -0.031913 0.127005 0.018879
v 0.007978 0.161849 -0.016730
v 0.015956 0.163175 -0.015583
v 0.023935 0.165049 -0.013962
v 0.007978 0.140820 -0.009364
v 0.015956 0.142268 -0.008260
v 0.023935 0.144314 -0.006699
v 0.007978 0.120740 -0.000214
v 0.015956 0.122304 0.000837
v 0.023935 0.124514 0.002323
v -0.007978 0.161849 0.385984
v -0.015956 0.163175 0.384584
v -0.023934 0.165049 0.382606
v -0.007978 0.140820 0.382223
v -0.015956 0.142268 0.380845
v -0.023934 0.144314 0.378898
v -0.007978 0.120740 0.376024
v -0.015956 0.122304 0.374683
v -0.023934 0.124514 0.372786
v -0.007978 0.585051 0.265009
v -0.007978 0.744036 0.264921
v -0.007978 0.895573 0.264681
v -0.015956 0.583964 0.264310
v -0.015956 0.742276 0.264223
v -0.015956 0.893611 0.263984
v -0.023934 0.582417 0.263322
v -0.023934 0.739723 0.263235
v -0.023934 0.890616 0.262998
v 0.031913 0.615154 0.206752
v 0.031913 0.745740 0.204842
v 0.031913 0.884083 0.204096
v 0.031913 0.610769 0.226734
v 0.031913 0.744214 0.224325
v 0.031913 0.883892 0.223403
v 0.031913 0.599248 0.245221
v 0.031913 0.740510 0.243351
v 0.031913 0.883429 0.242653
v 0.007978 0.616596 -0.029021
v 0.007978 0.747497 -0.029021
v 0.007978 0.886986 -0.029021
v 0.015956 0.616389 -0.027803
v 0.015956 0.747074 -0.027803
v 0.015956 0.886136 -0.027803
v 0.023935 0.616104 -0.026081
v 0.023935 0.746543 -0.026081
v 0.023935 0.885155 -0.026081
v -0.031913 0.616048 0.039861
v -0.031913 0.748101 0.039861
v -0.031913 0.891344 0.039861
v -0.031913 0.616016 0.019848
v -0.031913 0.747844 0.019848
v -0.031913 0.890478 0.019848
v -0.031913 0.615979 -0.001737
v -0.031913 0.747548 -0.001737
v -0.031913 0.889478 -0.001737
v -0.031913 0.599447 0.225457
v -0.031913 0.742101 0.223797
v -0.031913 0.888797 0.223176
v -0.031913 0.611005 0.189148
v -0.031913 0.746101 0.187076
v -0.031913 0.890260 0.186274
v -0.031913 0.615421 0.155224
v -0.031913 0.747883 0.153614
v -0.031913 0.891316 0.152965
v -0.031913 0.616087 0.104302
v -0.031913 0.748417 0.103929
v -0.031913 0.892411 0.103778
v -0.031913 0.616092 0.087305
v -0.031913 0.748457 0.087195
v -0.031913 0.892546 0.087150
v -0.031913 0.616087 0.072619
v -0.031913 0.748417 0.072606
v -0.031913 0.892411 0.072600
v 0.031913 0.615780 -0.009802
v 0.031913 0.745957 -0.009802
v 0.031913 0.884110 -0.009802
v 0.031913 0.615780 0.004502
v 0.031913 0.745957 0.004502
v 0.031913 0.884110 0.004502
v 0.031913 0.615780 0.018807
v 0.031913 0.745957 0.018807
v 0.031913 0.884110 0.018807
v -0.031913 0.167196 0.311785
v -0.031913 0.167195 0.246882
v -0.031913 0.167193 0.189280
v -0.031913 0.146647 0.309244
v -0.031913 0.146635 0.245399
v -0.031913 0.146624 0.188703
v -0.031913 0.127005 0.305362
v -0.031913 0.126964 0.243543
v -0.031913 0.126928 0.188585
v -0.031913 0.167192 0.109285
v -0.031913 0.167192 0.086427
v -0.031913 0.167192 0.069941
v -0.031913 0.146611 0.109814
v -0.031913 0.146610 0.087261
v -0.031913 0.146611 0.071139
v -0.031913 0.126885 0.111790
v -0.031913 0.126879 0.089706
v -0.031913 0.126884 0.073988
v 0.031913 0.167196 -0.001057
v 0.031913 0.167195 0.012105
v 0.031913 0.167193 0.029498
v 0.031913 0.146647 0.005332
v 0.031913 0.146635 0.017675
v 0.031913 0.146624 0.034225
v 0.031913 0.127005 0.013516
v 0.031913 0.126964 0.025055
v 0.031913 0.126928 0.040698
v 0.031913 0.167192 0.084721
v 0.031913 0.167192 0.122445
v 0.031913 0.167192 0.164192
v 0.031913 0.146611 0.087641
v 0.031913 0.146610 0.124407
v 0.031913 0.146611 0.165182
v 0.031913 0.126885 0.091799
v 0.031913 0.126879 0.127167
v 0.031913 0.126884 0.166459
v 0.031913 0.030748 0.092214
v 0.031913 0.030059 0.100829
v 0.031913 0.029474 0.111226
v 0.031913 0.021299 0.107811
v 0.031913 0.020334 0.116376
v 0.031913 0.019587 0.126003
v 0.031913 0.013494 0.123213
v 0.031913 0.011996 0.132093
v 0.031913 0.010994 0.141075
v 0.031913 0.028762 0.140708
v 0.031913 0.028673 0.159874
v 0.031913 0.028762 0.180978
v 0.031913 0.018753 0.150929
v 0.031913 0.018649 0.166455
v 0.031913 0.018753 0.183468
v 0.031913 0.010028 0.161326
v 0.031913 0.009910 0.173088
v 0.031913 0.010028 0.185875
v -0.031913 0.030748 0.262883
v -0.031913 0.030059 0.232376
v -0.031913 0.029474 0.204446
v -0.031913 0.021299 0.253019
v -0.031913 0.020334 0.228576
v -0.031913 0.019587 0.206095
v -0.031913 0.013494 0.242954
v -0.031913 0.011996 0.224343
v -0.031913 0.010994 0.207247
v -0.031913 0.028762 0.161027
v -0.031913 0.028673 0.145682
v -0.031913 0.028762 0.133201
v -0.031913 0.018753 0.170334
v -0.031913 0.018649 0.157112
v -0.031913 0.018753 0.145987
v -0.031913 0.010028 0.179357
v -0.031913 0.009910 0.168451
v -0.031913 0.010028 0.158874
v 0.007978 -0.002560 0.137477
v 0.015956 -0.000283 0.137698
v 0.023935 0.002936 0.138011
v 0.007978 -0.004878 0.147301
v 0.015956 -0.002588 0.147444
v 0.023935 0.000651 0.147647
v 0.007978 -0.006225 0.156016
v 0.015956 -0.003927 0.156084
v 0.023935 -0.000677 0.156182
v 0.007978 -0.007354 0.172126
v 0.015956 -0.005049 0.172048
v 0.023935 -0.001790 0.171938
v 0.007978 -0.007487 0.180355
v 0.015956 -0.005182 0.180204
v 0.023935 -0.001922 0.179990
v 0.007978 -0.007354 0.189144
v 0.015956 -0.005049 0.188920
v 0.023935 -0.001790 0.188603
v -0.031913 0.322708 0.278331
v -0.031913 0.359339 0.262141
v -0.031913 0.406455 0.245101
v -0.031913 0.323171 0.224390
v -0.031913 0.363043 0.213595
v -0.031913 0.417976 0.202740
v -0.031913 0.323362 0.176330
v -0.031913 0.364568 0.169901
v -0.031913 0.422361 0.163581
v -0.031913 0.323389 0.108704
v -0.031913 0.364786 0.107444
v -0.031913 0.422987 0.106128
v -0.031913 0.323389 0.088400
v -0.031913 0.364786 0.088174
v -0.031913 0.422987 0.087838
v -0.031913 0.323389 0.072487
v -0.031913 0.364786 0.072648
v -0.031913 0.422987 0.072676
v 0.031913 0.323514 -0.009664
v 0.031913 0.364830 -0.009752
v 0.031913 0.422993 -0.009796
v 0.031913 0.324391 0.006065
v 0.031913 0.365135 0.005041
v 0.031913 0.423031 0.004570
v 0.031913 0.326693 0.024352
v 0.031913 0.365875 0.020611
v 0.031913 0.423123 0.019032
v -0.031913 0.211945 0.311670
v -0.031913 0.236593 0.308209
v -0.031913 0.263043 0.301794
v -0.031913 0.211945 0.246944
v -0.031913 0.236593 0.244687
v -0.031913 0.263043 0.240386
v -0.031913 0.211945 0.189520
v -0.031913 0.236593 0.188326
v -0.031913 0.263043 0.185878
v -0.031913 0.211945 0.109857
v -0.031913 0.236593 0.110103
v -0.031913 0.263043 0.110085
v -0.031913 0.211945 0.086988
v -0.031913 0.236593 0.087554
v -0.031913 0.263043 0.088073
v -0.031913 0.211945 0.070159
v -0.031913 0.236593 0.070791
v -0.031913 0.263043 0.071504
v 0.031913 0.211951 -0.008257
v 0.031913 0.236636 -0.009480
v 0.031913 0.263168 -0.009752
v 0.031913 0.211989 0.006389
v 0.031913 0.236941 0.005911
v 0.031913 0.264044 0.006417
v 0.031913 0.212068 0.025140
v 0.031913 0.237579 0.025456
v 0.031913 0.266129 0.027135
v 0.031913 0.212031 0.082219
v 0.031913 0.237281 0.082644
v 0.031913 0.265229 0.084299
v 0.031913 0.211970 0.120380
v 0.031913 0.236793 0.119690
v 0.031913 0.263484 0.118734
v 0.031913 0.212031 0.162350
v 0.031913 0.237281 0.159997
v 0.031913 0.265229 0.155087
v 0.031913 1.140135 -0.009802
v 0.031913 1.250163 -0.009802
v 0.031913 1.352479 -0.009802
v 0.031913 1.140135 0.004502
v 0.031913 1.250163 0.004502
v 0.031913 1.352479 0.004502
v 0.031913 1.140135 0.018807
v 0.031913 1.250163 0.018807
v 0.031913 1.352479 0.018807
v -0.031913 1.164590 0.222222
v -0.031913 1.289927 0.221508
v -0.031913 1.409938 0.220682
v -0.031913 1.169145 0.185561
v -0.031913 1.297335 0.185067
v -0.031913 1.420642 0.184495
v -0.031913 1.173087 0.152504
v -0.031913 1.303744 0.152199
v -0.031913 1.429903 0.151848
v -0.031913 1.177950 0.103675
v -0.031913 1.311651 0.103609
v -0.031913 1.441329 0.103532
v -0.031913 1.178564 0.087119
v -0.031913 1.312650 0.087100
v -0.031913 1.442773 0.087077
v -0.031913 1.177950 0.072596
v -0.031913 1.311651 0.072594
v -0.031913 1.441329 0.072591
v -0.031913 0.089090 0.122622
v -0.031913 0.089065 0.101881
v -0.031913 0.089090 0.086835
v -0.031913 0.071321 0.131324
v -0.031913 0.071281 0.111499
v -0.031913 0.071321 0.096771
v -0.031913 0.055005 0.141167
v -0.031913 0.054947 0.122506
v -0.031913 0.055005 0.108236
v -0.031913 0.089635 0.294647
v -0.031913 0.089449 0.240372
v -0.031913 0.089289 0.191852
v -0.031913 0.072199 0.288048
v -0.031913 0.071900 0.239116
v -0.031913 0.071641 0.195162
v -0.031913 0.056249 0.280574
v -0.031913 0.055825 0.237606
v -0.031913 0.055458 0.198779
v 0.031913 0.089090 0.104178
v 0.031913 0.089065 0.135504
v 0.031913 0.089090 0.170332
v 0.031913 0.071321 0.112229
v 0.031913 0.071281 0.140967
v 0.031913 0.071321 0.172880
v 0.031913 0.055005 0.121177
v 0.031913 0.054947 0.147000
v 0.031913 0.055005 0.175616
v 0.031913 0.089635 0.034953
v 0.031913 0.089449 0.045137
v 0.031913 0.089289 0.058960
v 0.031913 0.072199 0.047867
v 0.031913 0.071900 0.057538
v 0.031913 0.071641 0.070488
v 0.031913 0.056249 0.061898
v 0.031913 0.055825 0.071143
v 0.031913 0.055458 0.083236
v 0.031913 0.089289 0.243269
v 0.031913 0.089449 0.279560
v 0.031913 0.089635 0.315713
v 0.031913 0.071641 0.239757
v 0.031913 0.071900 0.273081
v 0.031913 0.072199 0.306300
v 0.031913 0.055458 0.235678
v 0.031913 0.055825 0.265701
v 0.031913 0.056249 0.295670
v -0.031913 0.089289 0.062684
v -0.031913 0.089449 0.050702
v -0.031913 0.089635 0.038660
v -0.031913 0.071641 0.073283
v -0.031913 0.071900 0.062035
v -0.031913 0.072199 0.050905
v -0.031913 0.055458 0.085391
v -0.031913 0.055825 0.074744
v -0.031913 0.056249 0.064347
v 0.007978 0.082636 0.022884
v 0.015956 0.084420 0.023802
v 0.023935 0.086942 0.025099
v 0.007978 0.064906 0.036449
v 0.015956 0.066793 0.037288
v 0.023935 0.069460 0.038475
v 0.007978 0.048713 0.051030
v 0.015956 0.050693 0.051785
v 0.023935 0.053493 0.052852
v -0.007978 0.082636 0.356761
v -0.015956 0.084420 0.355531
v -0.023934 0.086942 0.353792
v -0.007978 0.064906 0.344136
v -0.015956 0.066793 0.342979
v -0.023934 0.069460 0.341343
v -0.007978 0.048713 0.329950
v -0.015956 0.050693 0.328875
v -0.023934 0.053493 0.327355
v -0.007978 0.320436 0.339772
v -0.007978 0.353453 0.317103
v -0.007978 0.387612 0.291736
v -0.015956 0.320844 0.338641
v -0.015956 0.353670 0.316102
v -0.015956 0.387632 0.290883
v -0.023934 0.321421 0.337041
v -0.023934 0.353976 0.314688
v -0.023934 0.387659 0.289676
v 0.023935 0.321421 0.337041
v 0.023935 0.353976 0.314688
v 0.023935 0.387659 0.289676
v 0.015956 0.320844 0.338641
v 0.015956 0.353670 0.316102
v 0.015956 0.387632 0.290883
v 0.007978 0.320436 0.339772
v 0.007978 0.353453 0.317103
v 0.007978 0.387612 0.291736
v 0.023935 0.086942 0.353792
v 0.015956 0.084420 0.355531
v 0.007978 0.082636 0.356761
v 0.023935 0.069460 0.341343
v 0.015956 0.066793 0.342979
v 0.007978 0.064906 0.344136
v 0.023935 0.053493 0.327355
v 0.015956 0.050693 0.328875
v 0.007978 0.048713 0.329950
v -0.023934 0.086942 0.025099
v -0.015956 0.084420 0.023802
v -0.007978 0.082636 0.022884
v -0.023934 0.069460 0.038475
v -0.015956 0.066793 0.037288
v -0.007978 0.064906 0.036449
v -0.023934 0.053493 0.052852
v -0.015956 0.050693 0.051785
v -0.007978 0.048713 0.051030
v -0.023934 -0.001790 0.171938
v -0.015956 -0.005049 0.172048
v -0.007978 -0.007354 0.172126
v -0.023934 -0.001922 0.179990
v -0.015956 -0.005182 0.180204
v -0.007978 -0.007487 0.180355
v -0.023934 -0.001790 0.188603
v -0.015956 -0.005049 0.188920
v -0.007978 -0.007354 0.189144
v -0.023934 0.002936 0.138011
v -0.015956 -0.000283 0.137698
v -0.007978 -0.002560 0.137477
v -0.023934 0.000651 0.147647
v -0.015956 -0.002588 0.147444
v -0.007978 -0.004878 0.147301
v -0.023934 -0.000677 0.156182
v -0.015956 -0.003927 0.156084
v -0.007978 -0.006225 0.156016
v -0.023934 0.616223 -0.026081
v -0.023934 0.747499 -0.026081
v -0.023934 0.888381 -0.026081
v -0.015956 0.616468 -0.027803
v -0.015956 0.747711 -0.027803
v -0.015956 0.888286 -0.027803
v -0.007978 0.616636 -0.029021
v -0.007978 0.747815 -0.029021
v -0.007978 0.888062 -0.029021
v 0.023935 0.582298 0.263322
v 0.023935 0.738768 0.263235
v 0.023935 0.887390 0.262998
v 0.015956 0.583884 0.264310
v 0.015956 0.741639 0.264223
v 0.015956 0.891461 0.263984
v 0.007978 0.585012 0.265009
v 0.007978 0.743717 0.264921
v 0.007978 0.894498 0.264681
v 0.023935 0.165049 0.382606
v 0.015956 0.163175 0.384584
v 0.007978 0.161849 0.385984
v 0.023935 0.144314 0.378898
v 0.015956 0.142268 0.380845
v 0.007978 0.140820 0.382223
v 0.023935 0.124514 0.372786
v 0.015956 0.122304 0.374683
v 0.007978 0.120740 0.376024
v -0.023934 0.165049 -0.013962
v -0.015956 0.163175 -0.015583
v -0.007978 0.161849 -0.016730
v -0.023934 0.144314 -0.006699
v -0.015956 0.142268 -0.008260
v -0.007978 0.140820 -0.009364
v -0.023934 0.124514 0.002323
v -0.015956 0.122304 0.000837
v -0.007978 0.120740 -0.000214
v -0.023934 0.028039 0.083556
v -0.015956 0.025028 0.082744
v -0.007978 0.022898 0.082170
v -0.023934 0.018844 0.098981
v -0.015956 0.015757 0.098300
v -0.007978 0.013573 0.097818
v -0.023934 0.011748 0.113603
v -0.015956 0.008602 0.113050
v -0.007978 0.006376 0.112659
v -0.023934 -0.000677 0.208754
v -0.015956 -0.003927 0.209278
v -0.007978 -0.006225 0.209649
v -0.023934 0.000651 0.220626
v -0.015956 -0.002588 0.221257
v -0.007978 -0.004878 0.221703
v -0.023934 0.002936 0.233725
v -0.015956 -0.000283 0.234467
v -0.007978 -0.002560 0.234992
v -0.023934 0.322725 -0.025986
v -0.023934 0.364414 -0.026053
v -0.023934 0.422887 -0.026077
v -0.015956 0.322146 -0.027707
v -0.015956 0.364090 -0.027775
v -0.015956 0.422799 -0.027799
v -0.007978 0.321737 -0.028925
v -0.007978 0.363860 -0.028993
v -0.007978 0.422737 -0.029018
v -0.023934 0.210226 -0.022787
v -0.023934 0.235110 -0.024701
v -0.023934 0.261814 -0.025563
v -0.015956 0.208727 -0.024482
v -0.015956 0.233817 -0.026412
v -0.015956 0.260743 -0.027281
v -0.007978 0.207666 -0.025680
v -0.007978 0.232903 -0.027622
v -0.007978 0.259985 -0.028496
v 0.023935 0.210226 0.382312
v 0.023935 0.235110 0.377531
v 0.023935 0.261815 0.368788
v 0.015956 0.208727 0.384288
v 0.015956 0.233817 0.379467
v 0.015956 0.260743 0.370651
v 0.007978 0.207666 0.385685
v 0.007978 0.232903 0.380836
v 0.007978 0.259985 0.371969
v 0.023935 0.028039 0.296124
v 0.015956 0.025028 0.297385
v 0.007978 0.022898 0.298276
v 0.023935 0.018844 0.279742
v 0.015956 0.015757 0.280866
v 0.007978 0.013573 0.281662
v 0.023935 0.011748 0.263543
v 0.015956 0.008602 0.264533
v 0.007978 0.006376 0.265233
v 0.023935 1.146711 0.261804
v 0.023935 1.257408 0.260845
v 0.023935 1.360258 0.259738
v 0.015956 1.152760 0.262779
v 0.015956 1.264236 0.261813
v 0.015956 1.367779 0.260696
v 0.007978 1.157755 0.263470
v 0.007978 1.270231 0.262498
v 0.007978 1.374783 0.261374
v -0.023934 1.157865 -0.026081
v -0.023934 1.278638 -0.026081
v -0.023934 1.393361 -0.026081
v -0.015956 1.155928 -0.027803
v -0.015956 1.275179 -0.027803
v -0.015956 1.388133 -0.027803
v -0.007978 1.153841 -0.029021
v -0.007978 1.271567 -0.029021
v -0.007978 1.382751 -0.029021
v -0.024048 0.188802 0.375355
v -0.022650 1.512064 0.253700
v -0.024029 0.190038 -0.011381
v -0.022482 1.512103 -0.020782
v 0.024048 0.188802 0.375355
v 0.025548 1.450847 0.249755
v 0.024029 0.190038 -0.011381
v 0.025088 1.450939 -0.016797
v -0.024389 0.288391 0.347595
v -0.024042 0.291553 -0.017714
v 0.024042 0.291553 -0.017714
v 0.024389 0.288391 0.347595
v -0.023835 0.431956 0.258961
v -0.024038 0.505278 -0.017943
v 0.024038 0.505278 -0.017943
v 0.024141 0.431859 0.258576
v -0.023564 0.015362 0.129124
v -0.023522 0.015402 0.245537
v 0.023564 0.015362 0.129124
v 0.023522 0.015402 0.245537
v -0.023752 0.110715 0.357102
v 0.023752 0.110715 0.357102
v 0.023826 0.111168 0.019619
v -0.023826 0.111168 0.019619
v -0.024361 1.028705 0.254857
v -0.024038 1.028733 -0.017943
v 0.024038 1.018539 -0.017943
v 0.024357 1.018511 0.254862
v -0.021913 0.188886 0.055052
v -0.021913 0.188886 0.142931
v -0.021913 1.563243 0.124315
v -0.021913 1.563243 0.057519
v 0.021913 0.188886 0.207329
v 0.021913 0.188886 0.050881
v 0.021913 1.450939 0.033111
v 0.021913 1.450939 0.184707
v 0.021913 0.308233 0.061397
v 0.021913 0.308233 0.171521
v -0.021913 0.291510 0.139886
v -0.021913 0.291510 0.056818
v 0.021913 0.505278 0.033111
v 0.021913 0.505278 0.187727
v -0.021913 0.505278 0.128028
v -0.021913 0.505278 0.057519
v -0.023509 0.007744 0.164496
v -0.023490 0.007719 0.197326
v 0.023490 0.007719 0.197326
v 0.023509 0.007744 0.164496
v 0.021913 0.107791 0.207171
v 0.021913 0.107791 0.069541
v -0.021913 0.107791 0.066537
v -0.021913 0.107791 0.146854
v 0.021913 1.018538 0.033111
v 0.021913 1.018538 0.184707
v -0.021913 1.037256 0.124973
v -0.021913 1.037256 0.057519
v -0.023607 0.047205 0.307034
v 0.023700 0.047277 0.072721
v 0.023607 0.047205 0.307034
v -0.023700 0.047277 0.072721
v 0.021913 0.040921 0.111674
v 0.021913 0.040921 0.204571
v -0.021913 0.040921 0.173614
v -0.021913 0.040921 0.109146
v 0.000000 0.185542 -0.012816
v 0.000283 1.483158 -0.019487
v 0.000000 0.183576 0.377738
v 0.000061 1.483041 0.250431
v 0.000000 0.284252 0.350019
v 0.000000 0.288982 -0.019254
v -0.000000 0.432080 0.258127
v 0.000000 0.505632 -0.019483
v 0.000000 0.009646 0.129273
v 0.000000 0.009821 0.246946
v 0.000000 0.105935 0.018758
v 0.000000 0.105264 0.359060
v -0.000009 1.035655 0.254478
v 0.000000 1.025155 -0.019483
v 0.000000 0.002150 0.164828
v 0.000000 0.002160 0.198388
v 0.000000 0.041512 0.072483
v 0.000000 0.041561 0.308614
v -0.021913 0.188886 0.189729
v -0.021913 0.188886 0.247544
v -0.021913 0.188886 0.312701
v -0.024365 1.159683 0.254125
v -0.024376 1.281962 0.253163
v -0.024394 1.398444 0.252046
v -0.021913 1.553814 0.039861
v -0.021913 1.541508 0.019848
v -0.021913 1.527285 -0.001737
v -0.024052 0.263167 -0.017414
v -0.024058 0.236915 -0.016560
v -0.024052 0.212611 -0.014698
v -0.006791 0.185979 -0.012438
v -0.013905 0.187144 -0.011397
v -0.021385 0.188811 -0.009846
v 0.007165 1.475372 -0.019054
v 0.014296 1.467355 -0.017942
v 0.021751 1.459185 -0.016322
v 0.024052 0.263167 -0.017414
v 0.024058 0.236915 -0.016560
v 0.024052 0.212611 -0.014698
v 0.021913 0.188886 0.026480
v 0.021913 0.188886 0.008358
v 0.021913 0.188886 -0.005579
v 0.021913 1.450939 0.202897
v 0.021913 1.450939 0.221088
v 0.021913 1.450939 0.239278
v 0.024326 0.260596 0.360613
v 0.024240 0.234926 0.369119
v 0.024143 0.211087 0.373810
v 0.006779 0.184026 0.377277
v 0.013885 0.185216 0.376015
v 0.021361 0.186903 0.374147
v -0.007357 1.490549 0.250195
v -0.014938 1.497828 0.249557
v -0.022693 1.504953 0.248633
v -0.024143 0.211087 0.373810
v -0.024240 0.234926 0.369119
v -0.024326 0.260596 0.360613
v -0.024038 0.422989 -0.017939
v -0.024039 0.364792 -0.017914
v -0.024040 0.323406 -0.017846
v 0.024038 0.422989 -0.017939
v 0.024039 0.364792 -0.017914
v 0.024040 0.323406 -0.017846
v 0.024180 0.384360 0.282896
v 0.024407 0.350478 0.307696
v 0.024407 0.318498 0.329654
v -0.007270 0.284484 0.349573
v -0.014723 0.285092 0.348381
v -0.022392 0.285941 0.346669
v 0.021913 0.296511 0.230200
v 0.021913 0.292904 0.274720
v 0.021913 0.291685 0.314988
v 0.006931 0.289205 -0.018848
v 0.014142 0.289793 -0.017742
v 0.021673 0.290625 -0.016114
v -0.021913 0.291510 0.039289
v -0.021913 0.291510 0.019492
v -0.021913 0.291510 -0.001817
v -0.024407 0.318498 0.329654
v -0.024407 0.350478 0.307696
v -0.024180 0.384360 0.282896
v -0.024038 0.888411 -0.017943
v -0.024038 0.747232 -0.017943
v -0.024038 0.615939 -0.017943
v 0.024038 0.884110 -0.017943
v 0.024038 0.745957 -0.017943
v 0.024038 0.615780 -0.017943
v 0.024360 0.882789 0.255314
v 0.024361 0.735493 0.255547
v 0.024337 0.580418 0.255662
v 0.007326 0.431989 0.257877
v 0.014821 0.431747 0.257206
v 0.022514 0.431399 0.256233
v 0.021913 0.504407 0.210548
v 0.021913 0.498306 0.232273
v 0.021913 0.480003 0.251439
v 0.006933 0.505602 -0.019076
v 0.014146 0.505522 -0.017968
v 0.021678 0.505408 -0.016339
v -0.021913 0.505278 0.039861
v -0.021913 0.505278 0.019848
v -0.021913 0.505278 -0.001737
v -0.023501 0.008434 0.207673
v -0.023510 0.009731 0.219138
v -0.023516 0.011940 0.231747
v -0.006104 0.010334 0.129331
v -0.012776 0.012266 0.129524
v -0.020040 0.015199 0.129867
v 0.023531 0.008461 0.156964
v 0.023549 0.009740 0.148944
v 0.023557 0.011918 0.139852
v 0.006018 0.010490 0.246769
v 0.012638 0.012389 0.246264
v 0.019879 0.015298 0.245484
v -0.023575 0.036139 0.291701
v -0.023549 0.027286 0.276001
v -0.023532 0.020441 0.260436
v 0.023817 0.129063 0.365098
v 0.023891 0.148021 0.370852
v 0.023968 0.167848 0.374301
v 0.023654 0.036172 0.087631
v 0.023614 0.027286 0.102427
v 0.023584 0.020415 0.116480
v -0.023872 0.129707 0.009346
v -0.023925 0.148875 0.000685
v -0.023980 0.168899 -0.006257
v -0.023968 0.167848 0.374301
v -0.023891 0.148021 0.370852
v -0.023817 0.129063 0.365098
v 0.023632 0.060604 0.321587
v 0.023662 0.076003 0.335019
v 0.023701 0.092886 0.346976
v 0.023980 0.168899 -0.006257
v 0.023925 0.148875 0.000685
v 0.023872 0.129707 0.009346
v -0.023732 0.060725 0.058185
v -0.023761 0.076199 0.044307
v -0.023791 0.093190 0.031359
v 0.021913 0.107855 0.048949
v 0.021913 0.107939 0.034229
v 0.021913 0.108036 0.023424
v -0.021913 0.107855 0.189508
v -0.021913 0.107939 0.241764
v -0.021913 0.108036 0.300420
v -0.006520 0.106513 0.019043
v -0.013452 0.108076 0.019853
v -0.020837 0.110353 0.021104
v 0.006361 0.105836 0.358685
v 0.013191 0.107391 0.357621
v 0.020526 0.109662 0.355979
v -0.024337 0.580578 0.255662
v -0.024361 0.736767 0.255547
v -0.024361 0.887089 0.255313
v -0.024038 1.398511 -0.017943
v -0.024038 1.282019 -0.017943
v -0.024038 1.159727 -0.017943
v 0.024038 1.352479 -0.017943
v 0.024038 1.250163 -0.017943
v 0.024038 1.140135 -0.017943
v 0.024341 1.352407 0.252107
v 0.024345 1.250103 0.253199
v 0.024352 1.140091 0.254141
v -0.007378 1.035893 0.254232
v -0.014903 1.034434 0.253576
v -0.022612 1.031844 0.252626
v 0.021913 1.018538 0.203884
v 0.021913 1.018538 0.223060
v 0.021913 1.018539 0.242236
v 0.006933 1.023750 -0.019076
v 0.014146 1.022132 -0.017968
v 0.021678 1.020371 -0.016339
v -0.021913 1.035684 0.039861
v -0.021913 1.033633 0.019848
v -0.021913 1.031263 -0.001737
v -0.021913 0.188886 0.002087
v -0.021913 0.188886 0.021042
v -0.021913 0.188886 0.038882
v -0.021913 0.188886 0.069792
v -0.021913 0.188886 0.086532
v -0.021913 0.188886 0.109502
v -0.021913 1.527285 0.219801
v -0.021913 1.541508 0.183885
v -0.021913 1.553814 0.151473
v -0.021913 1.568996 0.103449
v -0.021913 1.570914 0.087052
v -0.021913 1.568996 0.072588
v 0.021913 0.188886 0.338248
v 0.021913 0.188886 0.294858
v 0.021913 0.188886 0.251254
v 0.021913 0.188886 0.163360
v 0.021913 0.188886 0.121163
v 0.021913 0.188886 0.082936
v 0.021913 1.450939 -0.009802
v 0.021913 1.450939 0.004502
v 0.021913 1.450939 0.018807
v 0.021913 0.291685 -0.009655
v 0.021913 0.292904 0.006766
v 0.021913 0.296511 0.027943
v 0.021913 0.295478 0.086984
v 0.021913 0.291226 0.117591
v 0.021913 0.295478 0.147633
v -0.021913 0.291510 0.291904
v -0.021913 0.291510 0.233657
v -0.021913 0.291510 0.181902
v -0.021913 0.291510 0.109648
v -0.021913 0.291510 0.088392
v -0.021913 0.291510 0.072116
v 0.021913 0.505278 -0.009802
v 0.021913 0.505278 0.004502
v 0.021913 0.505278 0.018807
v -0.021913 0.480003 0.231265
v -0.021913 0.498306 0.194024
v -0.021913 0.504407 0.158425
v -0.021913 0.505278 0.105015
v -0.021913 0.505278 0.087517
v -0.021913 0.505278 0.072646
v -0.023557 0.011918 0.139852
v -0.023549 0.009740 0.148944
v -0.023531 0.008461 0.156964
v -0.023503 0.007353 0.171995
v -0.023499 0.007219 0.179750
v -0.023492 0.007338 0.188087
v 0.023516 0.011940 0.231747
v 0.023510 0.009731 0.219138
v 0.023501 0.008434 0.207673
v 0.023492 0.007338 0.188087
v 0.023499 0.007219 0.179750
v 0.023503 0.007353 0.171995
v 0.021913 0.108036 0.323700
v 0.021913 0.107939 0.285043
v 0.021913 0.107855 0.246227
v 0.021913 0.107752 0.168149
v 0.021913 0.107739 0.130846
v 0.021913 0.107752 0.097297
v -0.021913 0.108036 0.027905
v -0.021913 0.107939 0.041099
v -0.021913 0.107855 0.054021
v -0.021913 0.107752 0.079090
v -0.021913 0.107739 0.094436
v -0.021913 0.107752 0.115912
v 0.021913 1.018539 -0.009802
v 0.021913 1.018539 0.004502
v 0.021913 1.018539 0.018807
v -0.021913 1.031263 0.222769
v -0.021913 1.033633 0.185940
v -0.021913 1.035684 0.152736
v -0.021913 1.038215 0.103727
v -0.021913 1.038534 0.087135
v -0.021913 1.038215 0.072598
v -0.021913 0.892007 0.125094
v -0.021913 0.748297 0.125453
v -0.021913 0.616072 0.126336
v -0.021913 0.892007 0.057519
v -0.021913 0.748297 0.057519
v -0.021913 0.616073 0.057519
v 0.021913 0.884110 0.033111
v 0.021913 0.745957 0.033111
v 0.021913 0.615780 0.033111
v 0.021913 0.884110 0.184755
v 0.021913 0.745957 0.185085
v 0.021913 0.615780 0.185981
v -0.021913 0.167192 0.142629
v -0.021913 0.146616 0.142734
v -0.021913 0.126901 0.143918
v -0.021913 0.167192 0.055710
v -0.021913 0.146616 0.057514
v -0.021913 0.126901 0.060958
v 0.021913 0.167192 0.053239
v 0.021913 0.146616 0.057085
v 0.021913 0.126901 0.062494
v 0.021913 0.167192 0.207741
v 0.021913 0.146616 0.207765
v 0.021913 0.126901 0.207532
v 0.021913 0.029031 0.124312
v 0.021913 0.019065 0.137355
v 0.021913 0.010380 0.150666
v 0.021913 0.029031 0.203190
v 0.021913 0.019065 0.201503
v 0.021913 0.010380 0.199612
v -0.021913 0.029031 0.180371
v -0.021913 0.019065 0.186480
v -0.021913 0.010380 0.192157
v -0.021913 0.029031 0.122450
v -0.021913 0.019065 0.136128
v -0.021913 0.010380 0.150058
v -0.006047 0.002836 0.164815
v -0.012686 0.004777 0.164787
v -0.019935 0.007749 0.164764
v -0.006032 0.002842 0.198285
v -0.012661 0.004778 0.198007
v -0.019908 0.007746 0.197602
v -0.021913 0.422987 0.130680
v -0.021913 0.364786 0.133895
v -0.021913 0.323389 0.137142
v -0.021913 0.422987 0.057508
v -0.021913 0.364786 0.057431
v -0.021913 0.323389 0.057223
v 0.021913 0.423249 0.033553
v 0.021913 0.366877 0.036647
v 0.021913 0.330444 0.045044
v 0.021913 0.423249 0.190022
v 0.021913 0.366877 0.190231
v 0.021913 0.330444 0.185137
v -0.021913 0.263043 0.141718
v -0.021913 0.236593 0.142708
v -0.021913 0.211945 0.143048
v -0.021913 0.263043 0.056200
v -0.021913 0.236593 0.055547
v -0.021913 0.211945 0.055089
v 0.021913 0.267694 0.053521
v 0.021913 0.237862 0.050738
v 0.021913 0.212104 0.049987
v 0.021913 0.267694 0.194054
v 0.021913 0.237862 0.202467
v 0.021913 0.212104 0.206106
v 0.021913 1.352479 0.033111
v 0.021913 1.250163 0.033111
v 0.021913 1.140135 0.033111
v 0.021913 1.352479 0.184707
v 0.021913 1.250163 0.184707
v 0.021913 1.140135 0.184707
v -0.021913 1.436999 0.124511
v -0.021913 1.308655 0.124693
v -0.021913 1.176107 0.124852
v -0.021913 1.436999 0.057519
v -0.021913 1.308655 0.057519
v -0.021913 1.176108 0.057519
v -0.023701 0.092886 0.346976
v -0.023662 0.076003 0.335019
v -0.023632 0.060604 0.321587
v 0.023791 0.093190 0.031359
v 0.023761 0.076199 0.044307
v 0.023732 0.060725 0.058185
v 0.023532 0.020441 0.260436
v 0.023549 0.027286 0.276001
v 0.023575 0.036139 0.291701
v -0.023584 0.020415 0.116480
v -0.023614 0.027286 0.102427
v -0.023654 0.036172 0.087631
v 0.021913 0.089165 0.078240
v 0.021913 0.071442 0.088357
v 0.021913 0.055176 0.099599
v 0.021913 0.089165 0.206774
v 0.021913 0.071442 0.206277
v 0.021913 0.055176 0.205577
v -0.021913 0.089165 0.151964
v -0.021913 0.071442 0.158675
v -0.021913 0.055176 0.166166
v -0.021913 0.089165 0.074575
v -0.021913 0.071442 0.084711
v -0.021913 0.055176 0.096412
v -0.021913 0.040699 0.120566
v -0.021913 0.040625 0.134115
v -0.021913 0.040699 0.151297
v -0.021913 0.041286 0.202043
v -0.021913 0.041761 0.235450
v -0.021913 0.042311 0.272177
v 0.021913 0.040699 0.178362
v 0.021913 0.040625 0.153369
v 0.021913 0.040699 0.130752
v 0.021913 0.041286 0.096907
v 0.021913 0.041761 0.085667
v 0.021913 0.042311 0.076778
v 0.021913 0.042311 0.284033
v 0.021913 0.041761 0.257515
v 0.021913 0.041286 0.231023
v -0.021913 0.042311 0.078693
v -0.021913 0.041761 0.088479
v -0.021913 0.041286 0.098578
v -0.006276 0.042180 0.072646
v -0.013052 0.044019 0.073134
v -0.020362 0.046756 0.073933
v 0.006110 0.042205 0.308349
v 0.012784 0.044000 0.307575
v 0.020048 0.046705 0.306350
v 0.021385 0.188811 -0.009846
v 0.013905 0.187144 -0.011397
v 0.006791 0.185979 -0.012438
v -0.021612 1.505059 -0.016354
v -0.014006 1.497938 -0.017995
v -0.006711 1.490663 -0.019102
v -0.021361 0.186903 0.374147
v -0.013885 0.185216 0.376015
v -0.006779 0.184026 0.377277
v 0.022590 1.459067 0.248647
v 0.014916 1.467237 0.249559
v 0.007421 1.475253 0.250191
v 0.022392 0.285941 0.346669
v 0.014723 0.285092 0.348381
v 0.007270 0.284484 0.349573
v -0.021673 0.290625 -0.016114
v -0.014142 0.289793 -0.017742
v -0.006931 0.289205 -0.018848
v -0.022514 0.431399 0.256232
v -0.014821 0.431747 0.257206
v -0.007326 0.431989 0.257877
v -0.021678 0.505408 -0.016339
v -0.014146 0.505522 -0.017968
v -0.006933 0.505602 -0.019076
v 0.020040 0.015199 0.129867
v 0.012776 0.012266 0.129524
v 0.006104 0.010334 0.129331
v -0.019879 0.015298 0.245484
v -0.012638 0.012389 0.246264
v -0.006018 0.010490 0.246769
v 0.020837 0.110353 0.021104
v 0.013452 0.108076 0.019853
v 0.006520 0.106513 0.019043
v -0.020526 0.109662 0.355979
v -0.013191 0.107391 0.357621
v -0.006361 0.105836 0.358685
v 0.022594 1.024197 0.252628
v 0.014885 1.029336 0.253577
v 0.007360 1.033343 0.254234
v -0.021678 1.028016 -0.016339
v -0.014146 1.027229 -0.017968
v -0.006933 1.026299 -0.019076
v 0.019935 0.007749 0.164764
v 0.012686 0.004777 0.164787
v 0.006047 0.002836 0.164815
v 0.019908 0.007746 0.197602
v 0.012662 0.004778 0.198007
v 0.006032 0.002842 0.198285
v 0.020362 0.046756 0.073933
v 0.013052 0.044019 0.073134
v 0.006276 0.042180 0.072646
v -0.020048 0.046705 0.306350
v -0.012784 0.044000 0.307575
v -0.006110 0.042205 0.308349
v 0.000000 0.382302 0.283582
v 0.000000 0.347562 0.309342
v 0.000000 0.314899 0.331773
v 0.000000 0.087360 0.348812
v 0.000000 0.070402 0.336738
v 0.000000 0.054959 0.323214
v 0.000000 0.087752 0.030687
v 0.000000 0.070588 0.043816
v 0.000000 0.055001 0.057846
v 0.000000 0.001767 0.172486
v 0.000000 0.001638 0.180417
v 0.000000 0.001768 0.188945
v 0.000000 0.006215 0.140054
v 0.000000 0.004069 0.149155
v 0.000000 0.002830 0.157197
v 0.000000 0.887643 -0.019483
v 0.000000 0.747756 -0.019483
v 0.000000 0.616687 -0.019483
v -0.000002 0.895958 0.254946
v -0.000000 0.744593 0.255186
v -0.000000 0.585367 0.255275
v 0.000000 0.162524 0.376584
v 0.000000 0.142650 0.373032
v 0.000000 0.123660 0.367171
v 0.000000 0.164207 -0.007583
v 0.000000 0.144013 -0.000510
v 0.000000 0.124670 0.008305
v 0.000000 0.030422 0.087482
v 0.000000 0.021551 0.102373
v 0.000000 0.014689 0.116530
v 0.000000 0.002863 0.208898
v 0.000000 0.004152 0.220456
v 0.000000 0.006358 0.233115
v 0.000000 0.422716 -0.019480
v 0.000000 0.363783 -0.019455
v 0.000000 0.321610 -0.019386
v 0.000000 0.259912 -0.018959
v 0.000000 0.233107 -0.018096
v 0.000000 0.208392 -0.016199
v -0.000000 0.256045 0.363160
v -0.000000 0.230074 0.371668
v 0.000000 0.206020 0.376293
v 0.000000 0.030528 0.293248
v 0.000000 0.021697 0.277508
v 0.000000 0.014859 0.261894
v -0.000081 1.380899 0.251632
v -0.000050 1.274881 0.252758
v -0.000025 1.161096 0.253732
v 0.000000 1.377138 -0.019483
v 0.000000 1.267726 -0.019483
v 0.000000 1.151529 -0.019483
v -0.021913 1.173087 0.039861
v -0.021913 1.303744 0.039861
v -0.021913 1.429903 0.039861
v -0.021913 1.169146 0.019848
v -0.021913 1.297335 0.019848
v -0.021913 1.420642 0.019848
v -0.021913 1.164590 -0.001737
v -0.021913 1.289927 -0.001737
v -0.021913 1.409938 -0.001737
v 0.006933 1.148943 -0.019076
v 0.006933 1.263603 -0.019076
v 0.006933 1.371243 -0.019076
v 0.014146 1.146132 -0.017968
v 0.014146 1.259251 -0.017968
v 0.014146 1.365117 -0.017968
v 0.021678 1.143171 -0.016339
v 0.021678 1.254745 -0.016339
v 0.021678 1.358836 -0.016339
v 0.021913 1.140135 0.203702
v 0.021913 1.250163 0.203465
v 0.021913 1.352479 0.203190
v 0.021913 1.140135 0.222696
v 0.021913 1.250163 0.222222
v 0.021913 1.352479 0.221673
v 0.021913 1.140135 0.241691
v 0.021913 1.250163 0.240979
v 0.021913 1.352479 0.240156
v -0.007393 1.162581 0.253487
v -0.007422 1.278101 0.252514
v -0.007461 1.386182 0.251388
v -0.014917 1.162485 0.252834
v -0.014948 1.280073 0.251865
v -0.014994 1.390690 0.250743
v -0.022626 1.161336 0.251890
v -0.022658 1.281212 0.250928
v -0.022706 1.394681 0.249814
v -0.006067 0.031180 0.293007
v -0.012716 0.033009 0.292304
v -0.019969 0.035782 0.291193
v -0.006040 0.022356 0.277290
v -0.012673 0.024212 0.276656
v -0.019919 0.027042 0.275658
v -0.006025 0.015524 0.261697
v -0.012648 0.017404 0.261129
v -0.019891 0.020278 0.260244
v -0.006903 0.206424 0.375821
v -0.007034 0.230427 0.371194
v -0.007161 0.256340 0.362693
v -0.014096 0.207492 0.374540
v -0.014319 0.231357 0.369914
v -0.014536 0.257117 0.361441
v -0.021619 0.208997 0.372662
v -0.021892 0.232662 0.368053
v -0.022160 0.258203 0.359633
v 0.021913 0.212068 0.249974
v 0.021913 0.237579 0.246153
v 0.021913 0.266129 0.238767
v 0.021913 0.211989 0.293575
v 0.021913 0.236941 0.289924
v 0.021913 0.264044 0.283405
v 0.021913 0.211951 0.336891
v 0.021913 0.236636 0.332891
v 0.021913 0.263168 0.325716
v 0.006856 0.208785 -0.015807
v 0.006900 0.233449 -0.017696
v 0.006923 0.260198 -0.018554
v 0.014015 0.209828 -0.014734
v 0.014089 0.234355 -0.016603
v 0.014128 0.260953 -0.017452
v 0.021518 0.211313 -0.013144
v 0.021608 0.235641 -0.014990
v 0.021656 0.262021 -0.015828
v -0.021913 0.211945 0.038313
v -0.021913 0.236593 0.038381
v -0.021913 0.263043 0.038801
v -0.021913 0.211945 0.019646
v -0.021913 0.236593 0.019152
v -0.021913 0.263043 0.019216
v -0.021913 0.211945 -0.000284
v -0.021913 0.236593 -0.001450
v -0.021913 0.263043 -0.001824
v 0.021913 0.326666 0.226214
v 0.021913 0.365657 0.222287
v 0.021913 0.422497 0.216414
v 0.021913 0.324173 0.264713
v 0.021913 0.363392 0.253608
v 0.021913 0.418020 0.241960
v 0.021913 0.322834 0.300640
v 0.021913 0.359383 0.283704
v 0.021913 0.406461 0.265914
v 0.006933 0.321765 -0.018979
v 0.006933 0.363870 -0.019047
v 0.006933 0.422739 -0.019072
v 0.014145 0.322174 -0.017872
v 0.014146 0.364100 -0.017940
v 0.014146 0.422801 -0.017965
v 0.021677 0.322753 -0.016244
v 0.021678 0.364424 -0.016310
v 0.021678 0.422889 -0.016335
v -0.021913 0.323389 0.039620
v -0.021913 0.364786 0.039790
v -0.021913 0.422987 0.039852
v -0.021913 0.323389 0.019698
v -0.021913 0.364786 0.019803
v -0.021913 0.422987 0.019842
v -0.021913 0.323389 -0.001771
v -0.021913 0.364786 -0.001747
v -0.021913 0.422987 -0.001738
v 0.006027 0.003544 0.208775
v 0.012654 0.005475 0.208437
v 0.019898 0.008436 0.207938
v 0.006021 0.004830 0.220315
v 0.012644 0.006753 0.219921
v 0.019887 0.009703 0.219331
v 0.006017 0.007032 0.232956
v 0.012637 0.008945 0.232509
v 0.019879 0.011878 0.231827
v 0.006214 0.031097 0.087616
v 0.012951 0.032970 0.088025
v 0.020243 0.035777 0.088704
v 0.006166 0.022232 0.102480
v 0.012874 0.024131 0.102813
v 0.020153 0.026992 0.103376
v 0.006130 0.015374 0.116611
v 0.012818 0.017293 0.116872
v 0.020088 0.020196 0.117322
v -0.021913 0.029474 0.112457
v -0.021913 0.030059 0.102901
v -0.021913 0.030748 0.093625
v -0.021913 0.019587 0.126814
v -0.021913 0.020334 0.117741
v -0.021913 0.021299 0.108740
v -0.021913 0.010994 0.141478
v -0.021913 0.011996 0.132770
v -0.021913 0.013494 0.123674
v 0.021913 0.029474 0.225808
v 0.021913 0.030059 0.248640
v 0.021913 0.030748 0.271622
v 0.021913 0.019587 0.220159
v 0.021913 0.020334 0.239283
v 0.021913 0.021299 0.258773
v 0.021913 0.010994 0.214226
v 0.021913 0.011996 0.229657
v 0.021913 0.013494 0.245808
v 0.021913 0.167193 0.251257
v 0.021913 0.167195 0.294459
v 0.021913 0.167196 0.337451
v 0.021913 0.146624 0.250336
v 0.021913 0.146635 0.292610
v 0.021913 0.146647 0.334687
v 0.021913 0.126928 0.248617
v 0.021913 0.126964 0.289432
v 0.021913 0.127005 0.330067
v -0.021913 0.167193 0.040384
v -0.021913 0.167195 0.023663
v -0.021913 0.167196 0.006013
v -0.021913 0.146624 0.043167
v -0.021913 0.146635 0.027741
v -0.021913 0.146647 0.011596
v -0.021913 0.126928 0.047592
v -0.021913 0.126964 0.033483
v -0.021913 0.127005 0.018879
v 0.006716 0.164684 -0.007224
v 0.013779 0.165960 -0.006229
v 0.021232 0.167793 -0.004733
v 0.006643 0.144526 -0.000173
v 0.013658 0.145903 0.000768
v 0.021084 0.147891 0.002194
v 0.006578 0.125216 0.008618
v 0.013548 0.126688 0.009496
v 0.020953 0.128823 0.010841
v -0.006660 0.163012 0.376139
v -0.013687 0.164310 0.374912
v -0.021120 0.166162 0.373075
v -0.006548 0.143170 0.372609
v -0.013499 0.144562 0.371428
v -0.020893 0.146563 0.369641
v -0.006446 0.124208 0.366771
v -0.013331 0.125684 0.365645
v -0.020693 0.127824 0.363924
v -0.007368 0.584967 0.255029
v -0.007374 0.744025 0.254939
v -0.007374 0.895548 0.254700
v -0.014891 0.583878 0.254368
v -0.014903 0.742266 0.254278
v -0.014901 0.893587 0.254040
v -0.022599 0.582332 0.253412
v -0.022614 0.739713 0.253322
v -0.022612 0.890592 0.253086
v 0.021913 0.615154 0.206752
v 0.021913 0.745740 0.204842
v 0.021913 0.884083 0.204096
v 0.021913 0.610769 0.226734
v 0.021913 0.744214 0.224325
v 0.021913 0.883892 0.223403
v 0.021913 0.599248 0.245221
v 0.021913 0.740510 0.243351
v 0.021913 0.883429 0.242653
v 0.006933 0.616596 -0.019076
v 0.006933 0.747497 -0.019076
v 0.006933 0.886986 -0.019076
v 0.014146 0.616389 -0.017968
v 0.014146 0.747074 -0.017968
v 0.014146 0.886136 -0.017968
v 0.021678 0.616104 -0.016339
v 0.021678 0.746543 -0.016339
v 0.021678 0.885155 -0.016339
v -0.021913 0.616048 0.039861
v -0.021913 0.748101 0.039861
v -0.021913 0.891344 0.039861
v -0.021913 0.616016 0.019848
v -0.021913 0.747844 0.019848
v -0.021913 0.890478 0.019848
v -0.021913 0.615979 -0.001737
v -0.021913 0.747548 -0.001737
v -0.021913 0.889478 -0.001737
v -0.021913 0.599447 0.225457
v -0.021913 0.742101 0.223797
v -0.021913 0.888797 0.223176
v -0.021913 0.611005 0.189148
v -0.021913 0.746101 0.187076
v -0.021913 0.890260 0.186274
v -0.021913 0.615421 0.155224
v -0.021913 0.747883 0.153614
v -0.021913 0.891316 0.152965
v -0.021913 0.616087 0.104302
v -0.021913 0.748417 0.103929
v -0.021913 0.892411 0.103778
v -0.021913 0.616092 0.087305
v -0.021913 0.748457 0.087195
v -0.021913 0.892546 0.087150
v -0.021913 0.616087 0.072619
v -0.021913 0.748417 0.072606
v -0.021913 0.892411 0.072600
v 0.021913 0.615780 -0.009802
v 0.021913 0.745957 -0.009802
v 0.021913 0.884110 -0.009802
v 0.021913 0.615780 0.004502
v 0.021913 0.745957 0.004502
v 0.021913 0.884110 0.004502
v 0.021913 0.615780 0.018807
v 0.021913 0.745957 0.018807
v 0.021913 0.884110 0.018807
v -0.021913 0.167196 0.311785
v -0.021913 0.167195 0.246882
v -0.021913 0.167193 0.189280
v -0.021913 0.146647 0.309244
v -0.021913 0.146635 0.245399
v -0.021913 0.146624 0.188703
v -0.021913 0.127005 0.305362
v -0.021913 0.126964 0.243543
v -0.021913 0.126928 0.188585
v -0.021913 0.167192 0.109285
v -0.021913 0.167192 0.086427
v -0.021913 0.167192 0.069941
v -0.021913 0.146611 0.109814
v -0.021913 0.146610 0.087261
v -0.021913 0.146611 0.071139
v -0.021913 0.126885 0.111790
v -0.021913 0.126879 0.089706
v -0.021913 0.126884 0.073988
v 0.021913 0.167196 -0.001057
v 0.021913 0.167195 0.012105
v 0.021913 0.167193 0.029498
v 0.021913 0.146647 0.005332
v 0.021913 0.146635 0.017675
v 0.021913 0.146624 0.034225
v 0.021913 0.127005 0.013516
v 0.021913 0.126964 0.025055
v 0.021913 0.126928 0.040698
v 0.021913 0.167192 0.084721
v 0.021913 0.167192 0.122445
v 0.021913 0.167192 0.164192
v 0.021913 0.146611 0.087641
v 0.021913 0.146610 0.124407
v 0.021913 0.146611 0.165182
v 0.021913 0.126885 0.091799
v 0.021913 0.126879 0.127167
v 0.021913 0.126884 0.166459
v 0.021913 0.030748 0.092214
v 0.021913 0.030059 0.100829
v 0.021913 0.029474 0.111226
v 0.021913 0.021299 0.107811
v 0.021913 0.020334 0.116376
v 0.021913 0.019587 0.126003
v 0.021913 0.013494 0.123213
v 0.021913 0.011996 0.132093
v 0.021913 0.010994 0.141075
v 0.021913 0.028762 0.140708
v 0.021913 0.028673 0.159874
v 0.021913 0.028762 0.180978
v 0.021913 0.018753 0.150929
v 0.021913 0.018649 0.166455
v 0.021913 0.018753 0.183468
v 0.021913 0.010028 0.161326
v 0.021913 0.009910 0.173088
v 0.021913 0.010028 0.185875
v -0.021913 0.030748 0.262883
v -0.021913 0.030059 0.232376
v -0.021913 0.029474 0.204446
v -0.021913 0.021299 0.253019
v -0.021913 0.020334 0.228576
v -0.021913 0.019587 0.206095
v -0.021913 0.013494 0.242954
v -0.021913 0.011996 0.224343
v -0.021913 0.010994 0.207247
v -0.021913 0.028762 0.161027
v -0.021913 0.028673 0.145682
v -0.021913 0.028762 0.133201
v -0.021913 0.018753 0.170334
v -0.021913 0.018649 0.157112
v -0.021913 0.018753 0.145987
v -0.021913 0.010028 0.179357
v -0.021913 0.009910 0.168451
v -0.021913 0.010028 0.158874
v 0.006083 0.006904 0.140092
v 0.012742 0.008843 0.140226
v 0.020000 0.011794 0.140472
v 0.006066 0.004756 0.149177
v 0.012714 0.006697 0.149257
v 0.019967 0.009659 0.149413
v 0.006054 0.003516 0.157203
v 0.012695 0.005457 0.157232
v 0.019946 0.008425 0.157299
v 0.006043 0.002452 0.172451
v 0.012680 0.004394 0.172362
v 0.019929 0.007368 0.172244
v 0.006040 0.002323 0.180359
v 0.012674 0.004264 0.180208
v 0.019922 0.007238 0.179995
v 0.006036 0.002452 0.188865
v 0.012668 0.004391 0.188651
v 0.019915 0.007363 0.188342
v -0.021913 0.322708 0.278331
v -0.021913 0.359339 0.262141
v -0.021913 0.406455 0.245101
v -0.021913 0.323171 0.224390
v -0.021913 0.363043 0.213595
v -0.021913 0.417976 0.202740
v -0.021913 0.323362 0.176330
v -0.021913 0.364568 0.169901
v -0.021913 0.422361 0.163581
v -0.021913 0.323389 0.108704
v -0.021913 0.364786 0.107444
v -0.021913 0.422987 0.106128
v -0.021913 0.323389 0.088400
v -0.021913 0.364786 0.088174
v -0.021913 0.422987 0.087838
v -0.021913 0.323389 0.072487
v -0.021913 0.364786 0.072648
v -0.021913 0.422987 0.072676
v 0.021913 0.323514 -0.009664
v 0.021913 0.364830 -0.009752
v 0.021913 0.422993 -0.009796
v 0.021913 0.324391 0.006065
v 0.021913 0.365135 0.005041
v 0.021913 0.423031 0.004570
v 0.021913 0.326693 0.024352
v 0.021913 0.365875 0.020611
v 0.021913 0.423123 0.019032
v -0.021913 0.211945 0.311670
v -0.021913 0.236593 0.308209
v -0.021913 0.263043 0.301794
v -0.021913 0.211945 0.246944
v -0.021913 0.236593 0.244687
v -0.021913 0.263043 0.240386
v -0.021913 0.211945 0.189520
v -0.021913 0.236593 0.188326
v -0.021913 0.263043 0.185878
v -0.021913 0.211945 0.109857
v -0.021913 0.236593 0.110103
v -0.021913 0.263043 0.110085
v -0.021913 0.211945 0.086988
v -0.021913 0.236593 0.087554
v -0.021913 0.263043 0.088073
v -0.021913 0.211945 0.070159
v -0.021913 0.236593 0.070791
v -0.021913 0.263043 0.071504
v 0.021913 0.211951 -0.008257
v 0.021913 0.236636 -0.009480
v 0.021913 0.263168 -0.009752
v 0.021913 0.211989 0.006389
v 0.021913 0.236941 0.005911
v 0.021913 0.264044 0.006417
v 0.021913 0.212068 0.025140
v 0.021913 0.237579 0.025456
v 0.021913 0.266129 0.027135
v 0.021913 0.212031 0.082219
v 0.021913 0.237281 0.082644
v 0.021913 0.265229 0.084299
v 0.021913 0.211970 0.120380
v 0.021913 0.236793 0.119690
v 0.021913 0.263484 0.118734
v 0.021913 0.212031 0.162350
v 0.021913 0.237281 0.159997
v 0.021913 0.265229 0.155087
v 0.021913 1.140135 -0.009802
v 0.021913 1.250163 -0.009802
v 0.021913 1.352479 -0.009802
v 0.021913 1.140135 0.004502
v 0.021913 1.250163 0.004502
v 0.021913 1.352479 0.004502
v 0.021913 1.140135 0.018807
v 0.021913 1.250163 0.018807
v 0.021913 1.352479 0.018807
v -0.021913 1.164590 0.222222
v -0.021913 1.289927 0.221508
v -0.021913 1.409938 0.220682
v -0.021913 1.169145 0.185561
v -0.021913 1.297335 0.185067
v -0.021913 1.420642 0.184495
v -0.021913 1.173087 0.152504
v -0.021913 1.303744 0.152199
v -0.021913 1.429903 0.151848
v -0.021913 1.177950 0.103675
v -0.021913 1.311651 0.103609
v -0.021913 1.441329 0.103532
v -0.021913 1.178564 0.087119
v -0.021913 1.312650 0.087100
v -0.021913 1.442773 0.087077
v -0.021913 1.177950 0.072596
v -0.021913 1.311651 0.072594
v -0.021913 1.441329 0.072591
v -0.021913 0.089090 0.122622
v -0.021913 0.089065 0.101881
v -0.021913 0.089090 0.086835
v -0.021913 0.071321 0.131324
v -0.021913 0.071281 0.111499
v -0.021913 0.071321 0.096771
v -0.021913 0.055005 0.141167
v -0.021913 0.054947 0.122506
v -0.021913 0.055005 0.108236
v -0.021913 0.089635 0.294647
v -0.021913 0.089449 0.240372
v -0.021913 0.089289 0.191852
v -0.021913 0.072199 0.288048
v -0.021913 0.071900 0.239116
v -0.021913 0.071641 0.195162
v -0.021913 0.056249 0.280574
v -0.021913 0.055825 0.237606
v -0.021913 0.055458 0.198779
v 0.021913 0.089090 0.104178
v 0.021913 0.089065 0.135504
v 0.021913 0.089090 0.170332
v 0.021913 0.071321 0.112229
v 0.021913 0.071281 0.140967
v 0.021913 0.071321 0.172880
v 0.021913 0.055005 0.121177
v 0.021913 0.054947 0.147000
v 0.021913 0.055005 0.175616
v 0.021913 0.089635 0.034953
v 0.021913 0.089449 0.045137
v 0.021913 0.089289 0.058960
v 0.021913 0.072199 0.047867
v 0.021913 0.071900 0.057538
v 0.021913 0.071641 0.070488
v 0.021913 0.056249 0.061898
v 0.021913 0.055825 0.071143
v 0.021913 0.055458 0.083236
v 0.021913 0.089289 0.243269
v 0.021913 0.089449 0.279560
v 0.021913 0.089635 0.315713
v 0.021913 0.071641 0.239757
v 0.021913 0.071900 0.273081
v 0.021913 0.072199 0.306300
v 0.021913 0.055458 0.235678
v 0.021913 0.055825 0.265701
v 0.021913 0.056249 0.295670
v -0.021913 0.089289 0.062684
v -0.021913 0.089449 0.050702
v -0.021913 0.089635 0.038660
v -0.021913 0.071641 0.073283
v -0.021913 0.071900 0.062035
v -0.021913 0.072199 0.050905
v -0.021913 0.055458 0.085391
v -0.021913 0.055825 0.074744
v -0.021913 0.056249 0.064347
v 0.006465 0.088360 0.030943
v 0.013361 0.090010 0.031677
v 0.020729 0.092423 0.032825
v 0.006407 0.071222 0.044041
v 0.013267 0.072950 0.044695
v 0.020617 0.075488 0.045731
v 0.006344 0.055655 0.058039
v 0.013163 0.057447 0.058609
v 0.020493 0.060095 0.059528
v -0.006289 0.087957 0.348465
v -0.013073 0.089585 0.347469
v -0.020387 0.091983 0.345918
v -0.006224 0.071019 0.336419
v -0.012968 0.072715 0.335496
v -0.020264 0.075231 0.334047
v -0.006165 0.055592 0.322922
v -0.012872 0.057344 0.322075
v -0.020150 0.059963 0.320736
v -0.007345 0.315063 0.331362
v -0.007385 0.347654 0.308978
v -0.007362 0.382321 0.283273
v -0.014853 0.315491 0.330266
v -0.014921 0.347891 0.308007
v -0.014882 0.382364 0.282451
v -0.022553 0.316084 0.328697
v -0.022637 0.348214 0.306618
v -0.022589 0.382411 0.281271
v 0.022553 0.316084 0.328697
v 0.022637 0.348214 0.306618
v 0.022589 0.382411 0.281271
v 0.014853 0.315491 0.330266
v 0.014921 0.347890 0.308007
v 0.014882 0.382364 0.282451
v 0.007345 0.315063 0.331362
v 0.007385 0.347654 0.308977
v 0.007362 0.382321 0.283273
v 0.020387 0.091983 0.345918
v 0.013073 0.089585 0.347469
v 0.006289 0.087957 0.348465
v 0.020264 0.075231 0.334047
v 0.012968 0.072715 0.335496
v 0.006224 0.071019 0.336419
v 0.020150 0.059963 0.320736
v 0.012872 0.057344 0.322075
v 0.006165 0.055592 0.322922
v -0.020729 0.092423 0.032825
v -0.013361 0.090010 0.031677
v -0.006465 0.088360 0.030943
v -0.020617 0.075488 0.045731
v -0.013267 0.072950 0.044695
v -0.006407 0.071222 0.044041
v -0.020493 0.060095 0.059528
v -0.013163 0.057447 0.058609
v -0.006344 0.055655 0.058039
v -0.019929 0.007368 0.172244
v -0.012680 0.004394 0.172362
v -0.006043 0.002452 0.172451
v -0.019922 0.007238 0.179995
v -0.012674 0.004264 0.180208
v -0.006040 0.002323 0.180359
v -0.019915 0.007363 0.188342
v -0.012668 0.004391 0.188651
v -0.006036 0.002452 0.188865
v -0.020000 0.011794 0.140472
v -0.012742 0.008843 0.140226
v -0.006083 0.006904 0.140092
v -0.019967 0.009659 0.149413
v -0.012714 0.006697 0.149257
v -0.006066 0.004756 0.149177
v -0.019946 0.008425 0.157299
v -0.012695 0.005457 0.157232
v -0.006054 0.003516 0.157203
v -0.021678 0.616223 -0.016339
v -0.021678 0.747499 -0.016339
v -0.021678 0.888381 -0.016339
v -0.014146 0.616468 -0.017968
v -0.014146 0.747711 -0.017968
v -0.014146 0.888286 -0.017968
v -0.006933 0.616636 -0.019076
v -0.006933 0.747815 -0.019076
v -0.006933 0.888062 -0.019076
v 0.022599 0.582212 0.253412
v 0.022614 0.738757 0.253323
v 0.022607 0.887366 0.253087
v 0.014891 0.583799 0.254368
v 0.014902 0.741628 0.254278
v 0.014897 0.891436 0.254040
v 0.007367 0.584927 0.255028
v 0.007374 0.743706 0.254939
v 0.007370 0.894472 0.254700
v 0.021120 0.166162 0.373075
v 0.013687 0.164310 0.374912
v 0.006660 0.163012 0.376139
v 0.020893 0.146563 0.369641
v 0.013499 0.144562 0.371428
v 0.006548 0.143170 0.372609
v 0.020693 0.127824 0.363924
v 0.013331 0.125684 0.365645
v 0.006446 0.124208 0.366771
v -0.021232 0.167793 -0.004733
v -0.013779 0.165960 -0.006229
v -0.006716 0.164684 -0.007224
v -0.021084 0.147891 0.002194
v -0.013658 0.145903 0.000768
v -0.006643 0.144526 -0.000173
v -0.020952 0.128823 0.010841
v -0.013548 0.126688 0.009496
v -0.006578 0.125216 0.008618
v -0.020243 0.035777 0.088705
v -0.012951 0.032970 0.088025
v -0.006214 0.031097 0.087616
v -0.020153 0.026992 0.103376
v -0.012874 0.024131 0.102813
v -0.006166 0.022232 0.102480
v -0.020088 0.020196 0.117322
v -0.012818 0.017293 0.116872
v -0.006130 0.015374 0.116611
v -0.019898 0.008436 0.207938
v -0.012654 0.005475 0.208437
v -0.006027 0.003544 0.208775
v -0.019887 0.009703 0.219331
v -0.012644 0.006753 0.219921
v -0.006021 0.004830 0.220315
v -0.019879 0.011878 0.231827
v -0.012637 0.008945 0.232509
v -0.006017 0.007032 0.232956
v -0.021677 0.322753 -0.016244
v -0.021678 0.364424 -0.016310
v -0.021678 0.422889 -0.016335
v -0.014145 0.322174 -0.017872
v -0.014146 0.364100 -0.017940
v -0.014146 0.422801 -0.017965
v -0.006933 0.321765 -0.018979
v -0.006933 0.363870 -0.019047
v -0.006933 0.422739 -0.019072
v -0.021518 0.211313 -0.013144
v -0.021608 0.235641 -0.014990
v -0.021656 0.262021 -0.015828
v -0.014015 0.209828 -0.014734
v -0.014089 0.234355 -0.016603
v -0.014128 0.260953 -0.017452
v -0.006856 0.208785 -0.015807
v -0.006900 0.233449 -0.017696
v -0.006923 0.260198 -0.018554
v 0.021619 0.208997 0.372662
v 0.021892 0.232662 0.368053
v 0.022160 0.258203 0.359633
v 0.014096 0.207492 0.374540
v 0.014319 0.231357 0.369914
v 0.014536 0.257117 0.361441
v 0.006903 0.206424 0.375821
v 0.007034 0.230427 0.371193
v 0.007161 0.256340 0.362693
v 0.019969 0.035782 0.291193
v 0.012716 0.033009 0.292304
v 0.006067 0.031180 0.293007
v 0.019919 0.027042 0.275658
v 0.012673 0.024212 0.276656
v 0.006040 0.022356 0.277290
v 0.019891 0.020278 0.260244
v 0.012649 0.017404 0.261129
v 0.006025 0.015524 0.261697
v 0.022577 1.146638 0.251896
v 0.022561 1.257312 0.250941
v 0.022550 1.360146 0.249834
v 0.014868 1.152686 0.252839
v 0.014850 1.264139 0.251875
v 0.014835 1.367666 0.250760
v 0.007344 1.157681 0.253490
v 0.007323 1.270134 0.252520
v 0.007301 1.374670 0.251398
v -0.021678 1.157865 -0.016339
v -0.021678 1.278638 -0.016339
v -0.021678 1.393361 -0.016339
v -0.014146 1.155928 -0.017968
v -0.014146 1.275179 -0.017968
v -0.014146 1.388133 -0.017968
v -0.006933 1.153841 -0.019076
v -0.006933 1.271567 -0.019076
v -0.006933 1.382751 -0.019076
vn -1.0000 -0.0000 -0.0000
vn -0.6932 0.6558 -0.2989
vn -0.7003 0.6192 -0.3552
vn -0.7036 0.5994 -0.3816
vn -0.6880 0.5956 -0.4146
vn -0.5399 0.4414 -0.7167
vn -0.7875 -0.0000 -0.6164
vn 0.1045 -0.0000 -0.9945
vn 0.1811 -0.0000 -0.9835
vn 0.2256 -0.0000 -0.9742
vn -0.0000 -0.0000 -1.0000
vn 0.4803 0.4899 -0.7275
vn 0.5619 0.4829 -0.6717
vn 0.6168 0.4852 -0.6198
vn 0.7053 0.4634 -0.5365
vn 0.7978 0.3712 -0.4750
vn 0.7875 -0.0000 -0.6164
vn 1.0000 -0.0000 -0.0000
vn 0.7071 -0.0001 -0.7071
vn 0.7071 -0.0000 -0.7071
vn 0.5774 0.5774 -0.5774
vn 0.7071 0.7071 -0.0000
vn 0.7058 0.7084 0.0015
vn 0.7736 0.3620 0.5200
vn 0.7572 0.0072 0.6532
vn 0.7567 0.0060 0.6537
vn 0.7561 0.0044 0.6544
vn 0.7556 0.0027 0.6551
vn -0.0585 0.0072 0.9983
vn -0.0557 0.0094 0.9984
vn -0.1008 0.0091 0.9949
vn -0.1039 0.0070 0.9946
vn -0.0517 0.0109 0.9986
vn -0.0962 0.0106 0.9953
vn -0.1277 0.0088 0.9918
vn -0.1309 0.0068 0.9914
vn -0.1228 0.0102 0.9924
vn 0.0009 0.0047 1.0000
vn 0.0025 0.0073 1.0000
vn -0.0600 0.0047 0.9982
vn 0.0050 0.0096 0.9999
vn 0.0081 0.0112 0.9999
vn 0.4921 0.5078 0.7071
vn 0.4421 0.5190 0.7316
vn 0.4031 0.5290 0.7468
vn 0.3850 0.3346 0.8601
vn -0.5040 0.5148 0.6935
vn -0.7519 0.0067 0.6593
vn -0.7537 0.0058 0.6572
vn -0.7547 0.0043 0.6560
vn -0.1322 0.0044 0.9912
vn -0.7551 0.0027 0.6556
vn -0.1053 0.0046 0.9944
vn -0.1911 -0.8282 0.5269
vn -0.3240 -0.7981 0.5080
vn -0.3284 -0.8455 0.4211
vn -0.1938 -0.8782 0.4372
vn -0.3966 -0.7743 0.4931
vn -0.4016 -0.8198 0.4083
vn -0.3308 -0.8802 0.3404
vn -0.1954 -0.9147 0.3537
vn -0.4043 -0.8530 0.3299
vn -0.0000 -0.7766 0.6300
vn -0.1868 -0.7627 0.6191
vn -0.0000 -0.8438 0.5366
vn -0.3172 -0.7361 0.5980
vn -0.3887 -0.7150 0.5811
vn -0.8306 -0.4308 0.3529
vn -0.8338 -0.4649 0.2978
vn -0.8364 -0.4902 0.2452
vn -0.8381 -0.5086 0.1972
vn -0.8391 -0.5220 0.1532
vn -0.4055 -0.8771 0.2573
vn -0.3318 -0.9052 0.2655
vn -0.1960 -0.9410 0.2760
vn -0.0000 -0.9327 0.3606
vn -0.0000 -0.9596 0.2814
vn -0.0000 -0.8953 0.4455
vn -0.1075 0.1242 0.9864
vn -0.0944 0.2476 0.9643
vn -0.1638 0.2461 0.9553
vn -0.1860 0.1235 0.9747
vn -0.0818 0.3645 0.9276
vn -0.1421 0.3626 0.9210
vn -0.2042 0.2448 0.9478
vn -0.2316 0.1230 0.9650
vn -0.1775 0.3611 0.9155
vn -0.0000 0.0025 1.0000
vn -0.0000 0.1244 0.9922
vn -0.1199 0.0030 0.9928
vn -0.0000 0.2482 0.9687
vn -0.0000 0.3653 0.9309
vn -0.0000 0.4658 0.8849
vn -0.0709 0.4650 0.8825
vn -0.1233 0.4630 0.8777
vn -0.1543 0.4614 0.8737
vn -0.7524 0.3119 0.5802
vn -0.7586 0.2447 0.6038
vn -0.7673 0.1666 0.6193
vn -0.7770 0.0858 0.6237
vn -0.2573 0.0042 0.9663
vn -0.7865 0.0084 0.6176
vn -0.2071 0.0037 0.9783
vn 0.7711 0.4634 -0.4366
vn 0.7524 0.3119 0.5802
vn 0.7586 0.2447 0.6038
vn 0.7673 0.1666 0.6193
vn 0.7770 0.0858 0.6237
vn 0.7865 0.0084 0.6176
vn 0.1122 -0.1118 -0.9874
vn 0.1079 -0.0546 -0.9927
vn 0.1868 -0.0538 -0.9809
vn 0.1941 -0.1101 -0.9748
vn 0.1056 -0.0213 -0.9942
vn 0.1829 -0.0210 -0.9829
vn 0.2326 -0.0531 -0.9711
vn 0.2416 -0.1086 -0.9643
vn 0.2279 -0.0207 -0.9735
vn -0.0000 -0.1940 -0.9810
vn -0.0000 -0.1128 -0.9936
vn 0.1187 -0.1923 -0.9741
vn -0.0000 -0.0551 -0.9985
vn -0.0000 -0.0214 -0.9998
vn -0.0000 -0.0072 -1.0000
vn 0.1047 -0.0071 -0.9945
vn 0.1815 -0.0070 -0.9834
vn 0.2261 -0.0069 -0.9741
vn 0.7870 -0.0043 -0.6169
vn 0.7861 -0.0125 -0.6180
vn 0.7855 -0.0323 -0.6180
vn 0.7860 -0.0666 -0.6146
vn 0.2550 -0.1865 -0.9488
vn 0.7884 -0.1152 -0.6043
vn 0.2051 -0.1892 -0.9603
vn -0.7870 -0.0043 -0.6169
vn -0.7861 -0.0125 -0.6180
vn -0.7855 -0.0323 -0.6180
vn -0.7860 -0.0666 -0.6146
vn -0.7884 -0.1152 -0.6043
vn 0.7561 0.2210 -0.6161
vn 0.7235 0.0466 -0.6887
vn 0.7098 -0.0112 -0.7043
vn 0.7057 -0.0155 -0.7083
vn 0.7772 0.1550 0.6099
vn 0.7733 0.3330 0.5396
vn 0.7506 0.3850 0.5370
vn 0.7505 0.3584 0.5552
vn 0.1045 -0.0028 -0.9945
vn 0.1045 -0.0010 -0.9945
vn 0.1811 -0.0010 -0.9835
vn 0.1811 -0.0028 -0.9835
vn 0.1045 -0.0002 -0.9945
vn 0.1811 -0.0002 -0.9835
vn 0.2256 -0.0010 -0.9742
vn 0.2257 -0.0028 -0.9742
vn 0.2256 -0.0002 -0.9742
vn -0.0000 -0.0029 -1.0000
vn -0.0000 -0.0010 -1.0000
vn -0.0000 -0.0002 -1.0000
vn 0.7874 -0.0001 -0.6164
vn 0.7874 -0.0006 -0.6165
vn 0.7873 -0.0017 -0.6166
vn -0.7874 -0.0001 -0.6164
vn -0.7874 -0.0006 -0.6165
vn -0.7873 -0.0017 -0.6166
vn 0.1951 -0.9769 0.0874
vn 0.3303 -0.9401 0.0841
vn 0.3312 -0.9341 0.1336
vn 0.1957 -0.9708 0.1388
vn 0.4036 -0.9113 0.0816
vn 0.4048 -0.9052 0.1295
vn 0.3319 -0.9228 0.1958
vn 0.1961 -0.9592 0.2035
vn 0.4056 -0.8941 0.1897
vn -0.0000 -0.9985 0.0543
vn 0.1947 -0.9794 0.0532
vn -0.0000 -0.9960 0.0891
vn 0.3295 -0.9428 0.0513
vn 0.4027 -0.9140 0.0498
vn 0.8423 -0.5382 0.0292
vn 0.8412 -0.5386 0.0480
vn 0.8402 -0.5368 0.0766
vn 0.8396 -0.5313 0.1127
vn 0.8391 -0.5220 0.1532
vn 0.4055 -0.8771 0.2573
vn 0.3318 -0.9052 0.2655
vn 0.1960 -0.9410 0.2760
vn -0.0000 -0.9782 0.2076
vn -0.0000 -0.9899 0.1416
vn 0.1764 -0.8199 -0.5446
vn 0.3005 -0.7943 -0.5281
vn 0.3082 -0.8374 -0.4513
vn 0.1813 -0.8659 -0.4662
vn 0.3691 -0.7738 -0.5148
vn 0.3781 -0.8148 -0.4395
vn 0.3139 -0.8692 -0.3822
vn 0.1848 -0.8998 -0.3952
vn 0.3846 -0.8448 -0.3719
vn -0.0000 -0.7717 -0.6360
vn 0.1702 -0.7602 -0.6269
vn -0.0000 -0.8331 -0.5531
vn 0.2904 -0.7379 -0.6092
vn 0.3573 -0.7201 -0.5949
vn 0.8213 -0.4379 -0.3657
vn 0.8258 -0.4682 -0.3144
vn 0.8298 -0.4902 -0.2665
vn 0.8329 -0.5060 -0.2243
vn 0.8349 -0.5179 -0.1865
vn 0.3895 -0.8673 -0.3100
vn 0.3180 -0.8929 -0.3186
vn 0.1874 -0.9253 -0.3296
vn -0.0000 -0.9157 -0.4019
vn -0.0000 -0.9421 -0.3354
vn -0.0000 -0.8806 -0.4738
vn -0.8213 -0.4379 -0.3657
vn -0.8258 -0.4682 -0.3144
vn -0.8298 -0.4902 -0.2665
vn -0.8329 -0.5060 -0.2243
vn -0.8349 -0.5179 -0.1865
vn -0.8355 -0.5291 -0.1482
vn -0.8364 -0.5377 -0.1064
vn -0.8381 -0.5413 -0.0671
vn -0.8404 -0.5407 -0.0384
vn 0.8306 -0.4308 0.3529
vn 0.8338 -0.4649 0.2978
vn 0.8364 -0.4902 0.2452
vn 0.8381 -0.5086 0.1972
vn 0.7945 -0.0650 0.6038
vn 0.8022 -0.1362 0.5814
vn 0.8095 -0.2014 0.5514
vn 0.8161 -0.2575 0.5174
vn -0.7933 -0.1701 -0.5846
vn -0.7988 -0.2215 -0.5594
vn -0.8040 -0.2659 -0.5318
vn -0.8087 -0.3028 -0.5043
vn 0.1262 -0.2835 -0.9506
vn 0.2177 -0.2785 -0.9354
vn 0.2299 -0.3635 -0.9028
vn 0.1335 -0.3705 -0.9192
vn 0.2703 -0.2743 -0.9229
vn 0.2850 -0.3577 -0.8893
vn 0.2408 -0.4384 -0.8659
vn 0.1401 -0.4476 -0.8832
vn 0.2982 -0.4309 -0.8517
vn -0.0000 -0.2861 -0.9582
vn 0.7933 -0.1701 -0.5846
vn 0.7988 -0.2215 -0.5594
vn 0.8040 -0.2659 -0.5318
vn 0.8087 -0.3028 -0.5043
vn 0.3097 -0.4928 -0.8131
vn 0.2505 -0.5020 -0.8278
vn 0.1459 -0.5133 -0.8457
vn -0.0000 -0.4523 -0.8919
vn -0.0000 -0.5191 -0.8547
vn -0.0000 -0.3742 -0.9274
vn -0.1318 -0.1162 0.9844
vn -0.2270 -0.1135 0.9673
vn -0.2458 -0.2294 0.9418
vn -0.1431 -0.2349 0.9614
vn -0.2814 -0.1112 0.9531
vn -0.3041 -0.2249 0.9257
vn -0.2625 -0.3381 0.9038
vn -0.1532 -0.3468 0.9253
vn -0.3242 -0.3310 0.8862
vn -0.0000 -0.1178 0.9930
vn -0.7945 -0.0650 0.6038
vn -0.8022 -0.1362 0.5814
vn -0.8095 -0.2014 0.5514
vn -0.8161 -0.2575 0.5174
vn -0.3409 -0.4238 0.8392
vn -0.2766 -0.4336 0.8576
vn -0.1617 -0.4457 0.8805
vn -0.0000 -0.3514 0.9362
vn -0.0000 -0.4520 0.8920
vn -0.0000 -0.2379 0.9713
vn -0.0611 0.0085 0.9981
vn -0.0604 0.0011 0.9982
vn -0.1053 0.0011 0.9944
vn -0.1065 0.0085 0.9943
vn -0.0604 0.0025 0.9982
vn -0.1055 0.0025 0.9944
vn -0.1320 0.0011 0.9912
vn -0.1335 0.0086 0.9910
vn -0.1323 0.0024 0.9912
vn -0.0000 0.2439 0.9698
vn -0.0000 0.0085 1.0000
vn -0.0652 0.2434 0.9677
vn -0.0000 0.0011 1.0000
vn 0.0002 0.0025 1.0000
vn -0.7552 0.0014 0.6555
vn -0.7551 0.0006 0.6556
vn -0.7576 0.0064 0.6527
vn -0.1420 0.2417 0.9599
vn -0.8078 0.1452 0.5713
vn -0.1135 0.2425 0.9635
vn 0.7061 -0.0080 -0.7081
vn 0.7066 -0.0033 -0.7076
vn 0.7069 -0.0010 -0.7073
vn 0.7553 0.0014 0.6554
vn 0.7552 0.0006 0.6555
vn 0.7576 0.0064 0.6527
vn 0.7071 -0.0000 0.7071
vn 0.7077 0.0019 0.7065
vn 0.8404 -0.5407 -0.0384
vn 0.8381 -0.5413 -0.0671
vn 0.8364 -0.5377 -0.1064
vn 0.8355 -0.5291 -0.1482
vn 0.8420 -0.5392 0.0152
vn 0.8414 -0.5404 -0.0004
vn 0.8410 -0.5407 -0.0183
vn -0.8423 -0.5382 0.0292
vn -0.8412 -0.5386 0.0480
vn -0.8402 -0.5368 0.0766
vn -0.8396 -0.5313 0.1127
vn -0.8410 -0.5407 -0.0183
vn -0.8414 -0.5404 -0.0004
vn -0.8420 -0.5392 0.0152
vn 0.1895 -0.9464 -0.2616
vn 0.3214 -0.9126 -0.2528
vn 0.3242 -0.9284 -0.1813
vn 0.1913 -0.9634 -0.1876
vn 0.3934 -0.8858 -0.2461
vn 0.3967 -0.9008 -0.1766
vn 0.3261 -0.9384 -0.1147
vn 0.1925 -0.9741 -0.1187
vn 0.3988 -0.9102 -0.1118
vn -0.0000 -0.9639 -0.2661
vn 0.3999 -0.9143 -0.0644
vn 0.3271 -0.9427 -0.0661
vn 0.1931 -0.9788 -0.0684
vn -0.0000 -0.9927 -0.1208
vn -0.0000 -0.9976 -0.0696
vn -0.0000 -0.9816 -0.1909
vn 0.1935 -0.9806 -0.0325
vn 0.3277 -0.9443 -0.0314
vn 0.3282 -0.9446 -0.0005
vn 0.1939 -0.9810 -0.0005
vn 0.4006 -0.9158 -0.0307
vn 0.4012 -0.9160 -0.0005
vn 0.3289 -0.9440 0.0268
vn 0.1943 -0.9806 0.0278
vn 0.4019 -0.9153 0.0261
vn -0.0000 -0.9995 -0.0331
vn -0.0000 -0.9996 0.0284
vn -0.0000 -1.0000 -0.0004
vn -0.7505 0.3584 0.5552
vn -0.7506 0.3850 0.5370
vn -0.7733 0.3330 0.5396
vn 0.7127 0.0211 0.7011
vn 0.7269 0.0963 0.6799
vn 0.7557 0.2734 0.5952
vn 0.7639 0.4938 0.4154
vn 0.7453 0.6369 0.1972
vn 0.7397 0.6729 -0.0009
vn 0.7485 0.6304 -0.2058
vn 0.5774 0.5774 0.5774
vn -0.6927 0.6671 0.2740
vn -0.7055 0.6608 0.2563
vn -0.7039 0.6676 0.2426
vn -0.6999 0.6820 0.2122
vn -0.6903 0.7101 0.1386
vn -0.6803 0.7329 -0.0056
vn -0.6819 0.7091 -0.1797
vn -0.8211 -0.3052 0.4822
vn -0.8281 -0.3901 0.4027
vn -0.8250 -0.3485 0.4449
vn 0.8122 -0.3356 -0.4772
vn 0.8181 -0.4023 -0.4109
vn 0.8152 -0.3680 -0.4472
vn 0.8211 -0.3052 0.4822
vn 0.8250 -0.3485 0.4449
vn 0.8281 -0.3901 0.4027
vn -0.8122 -0.3356 -0.4772
vn -0.8152 -0.3680 -0.4472
vn -0.8181 -0.4023 -0.4109
vn 0.1513 -0.5724 -0.8059
vn 0.2595 -0.5590 -0.7875
vn 0.2689 -0.6157 -0.7407
vn 0.1571 -0.6316 -0.7592
vn 0.3205 -0.5481 -0.7726
vn 0.3318 -0.6028 -0.7256
vn 0.2793 -0.6754 -0.6825
vn 0.1634 -0.6943 -0.7009
vn 0.3441 -0.6602 -0.6676
vn -0.0000 -0.5793 -0.8151
vn -0.0000 -0.7040 -0.7102
vn -0.0000 -0.6397 -0.7686
vn -0.1689 -0.5321 0.8297
vn -0.2883 -0.5165 0.8063
vn -0.2988 -0.5923 0.7483
vn -0.1754 -0.6113 0.7717
vn -0.3548 -0.5041 0.7874
vn -0.3671 -0.5770 0.7296
vn -0.3085 -0.6651 0.6800
vn -0.1814 -0.6879 0.7027
vn -0.3784 -0.6470 0.6619
vn -0.0000 -0.5401 0.8416
vn -0.0000 -0.6997 0.7144
vn -0.0000 -0.6212 0.7837
vn -0.0633 0.5373 0.8410
vn -0.0594 0.5799 0.8125
vn -0.1035 0.5779 0.8095
vn -0.1103 0.5353 0.8374
vn -0.0616 0.5291 0.8463
vn -0.1074 0.5268 0.8432
vn -0.1298 0.5762 0.8069
vn -0.1382 0.5336 0.8344
vn -0.1346 0.5248 0.8405
vn -0.0000 0.5382 0.8428
vn -0.0000 0.5809 0.8140
vn -0.0000 0.5303 0.8478
vn 0.1382 0.5336 0.8344
vn 0.1298 0.5762 0.8069
vn 0.1035 0.5779 0.8095
vn 0.1103 0.5353 0.8374
vn 0.1346 0.5248 0.8405
vn 0.1074 0.5268 0.8432
vn 0.0594 0.5799 0.8125
vn 0.0633 0.5373 0.8410
vn 0.0616 0.5291 0.8463
vn 0.1543 0.4614 0.8737
vn 0.1421 0.2417 0.9599
vn 0.1135 0.2425 0.9635
vn 0.0652 0.2434 0.9677
vn 0.0709 0.4650 0.8825
vn 0.1233 0.4630 0.8777
vn 0.3548 -0.5041 0.7874
vn 0.2883 -0.5165 0.8063
vn 0.2988 -0.5923 0.7483
vn 0.3671 -0.5770 0.7296
vn 0.1689 -0.5321 0.8297
vn 0.1754 -0.6113 0.7717
vn 0.3085 -0.6651 0.6800
vn 0.3784 -0.6470 0.6619
vn 0.1814 -0.6879 0.7027
vn 0.3409 -0.4238 0.8392
vn 0.2766 -0.4336 0.8576
vn 0.1617 -0.4457 0.8805
vn 0.1868 -0.7627 0.6191
vn 0.3172 -0.7361 0.5980
vn 0.3887 -0.7150 0.5811
vn -0.3205 -0.5481 -0.7726
vn -0.2595 -0.5590 -0.7875
vn -0.2689 -0.6157 -0.7407
vn -0.3318 -0.6028 -0.7256
vn -0.1513 -0.5724 -0.8059
vn -0.1571 -0.6316 -0.7592
vn -0.2793 -0.6754 -0.6825
vn -0.3441 -0.6602 -0.6676
vn -0.1634 -0.6943 -0.7009
vn -0.3097 -0.4928 -0.8131
vn -0.2505 -0.5020 -0.8278
vn -0.1459 -0.5133 -0.8457
vn -0.1702 -0.7602 -0.6269
vn -0.2904 -0.7379 -0.6092
vn -0.3573 -0.7201 -0.5949
vn -0.4006 -0.9158 -0.0307
vn -0.3277 -0.9443 -0.0314
vn -0.3282 -0.9446 -0.0005
vn -0.4012 -0.9160 -0.0005
vn -0.1935 -0.9806 -0.0325
vn -0.1939 -0.9810 -0.0005
vn -0.3289 -0.9440 0.0268
vn -0.4019 -0.9153 0.0261
vn -0.1943 -0.9806 0.0278
vn -0.3999 -0.9143 -0.0644
vn -0.3271 -0.9427 -0.0661
vn -0.1931 -0.9788 -0.0684
vn -0.1947 -0.9794 0.0532
vn -0.3295 -0.9428 0.0513
vn -0.4027 -0.9140 0.0498
vn -0.3934 -0.8858 -0.2461
vn -0.3214 -0.9126 -0.2528
vn -0.3242 -0.9284 -0.1813
vn -0.3967 -0.9008 -0.1766
vn -0.1895 -0.9464 -0.2616
vn -0.1913 -0.9634 -0.1876
vn -0.3261 -0.9384 -0.1147
vn -0.3988 -0.9102 -0.1118
vn -0.1925 -0.9741 -0.1187
vn -0.3895 -0.8673 -0.3100
vn -0.3180 -0.8929 -0.3186
vn -0.1874 -0.9253 -0.3296
vn -0.2256 -0.0000 -0.9742
vn -0.1811 -0.0000 -0.9835
vn -0.1045 -0.0000 -0.9945
vn 0.1336 0.0086 0.9910
vn 0.1321 0.0011 0.9912
vn 0.1054 0.0011 0.9944
vn 0.1065 0.0085 0.9943
vn 0.1327 0.0025 0.9911
vn 0.1060 0.0025 0.9944
vn 0.0604 0.0011 0.9982
vn 0.0611 0.0085 0.9981
vn 0.0609 0.0025 0.9981
vn 0.1340 0.0047 0.9910
vn 0.1071 0.0047 0.9942
vn 0.0618 0.0047 0.9981
vn 0.2814 -0.1112 0.9531
vn 0.2270 -0.1135 0.9673
vn 0.2458 -0.2294 0.9418
vn 0.3041 -0.2249 0.9257
vn 0.1318 -0.1162 0.9844
vn 0.1431 -0.2349 0.9614
vn 0.2625 -0.3381 0.9038
vn 0.3242 -0.3310 0.8862
vn 0.1532 -0.3468 0.9253
vn 0.2573 0.0042 0.9663
vn 0.2071 0.0037 0.9783
vn 0.1199 0.0030 0.9928
vn -0.2703 -0.2743 -0.9229
vn -0.2177 -0.2785 -0.9354
vn -0.2299 -0.3635 -0.9028
vn -0.2850 -0.3577 -0.8893
vn -0.1262 -0.2835 -0.9506
vn -0.1335 -0.3705 -0.9192
vn -0.2408 -0.4384 -0.8659
vn -0.2982 -0.4309 -0.8517
vn -0.1401 -0.4476 -0.8832
vn -0.2550 -0.1865 -0.9488
vn -0.2051 -0.1892 -0.9603
vn -0.1187 -0.1923 -0.9741
vn -0.3691 -0.7738 -0.5148
vn -0.3005 -0.7943 -0.5281
vn -0.3082 -0.8374 -0.4513
vn -0.3781 -0.8148 -0.4395
vn -0.1764 -0.8199 -0.5446
vn -0.1813 -0.8659 -0.4662
vn -0.3139 -0.8692 -0.3822
vn -0.3846 -0.8448 -0.3719
vn -0.1848 -0.8998 -0.3952
vn -0.4036 -0.9113 0.0816
vn -0.3303 -0.9401 0.0841
vn -0.3312 -0.9341 0.1336
vn -0.4048 -0.9052 0.1295
vn -0.1951 -0.9769 0.0874
vn -0.1957 -0.9708 0.1388
vn -0.3319 -0.9228 0.1958
vn -0.4056 -0.8941 0.1897
vn -0.1961 -0.9592 0.2035
vn -0.2257 -0.0028 -0.9742
vn -0.2256 -0.0010 -0.9742
vn -0.1811 -0.0010 -0.9835
vn -0.1811 -0.0028 -0.9835
vn -0.2256 -0.0002 -0.9742
vn -0.1811 -0.0002 -0.9835
vn -0.1045 -0.0010 -0.9945
vn -0.1045 -0.0028 -0.9945
vn -0.1045 -0.0002 -0.9945
vn -0.2261 -0.0069 -0.9741
vn -0.1047 -0.0071 -0.9945
vn -0.1815 -0.0070 -0.9834
vn -0.2416 -0.1086 -0.9643
vn -0.2326 -0.0531 -0.9711
vn -0.1868 -0.0538 -0.9809
vn -0.1941 -0.1101 -0.9748
vn -0.2279 -0.0207 -0.9735
vn -0.1829 -0.0210 -0.9829
vn -0.1079 -0.0546 -0.9927
vn -0.1122 -0.1118 -0.9874
vn -0.1056 -0.0213 -0.9942
vn 0.2316 0.1230 0.9650
vn 0.2042 0.2448 0.9478
vn 0.1638 0.2460 0.9553
vn 0.1860 0.1235 0.9747
vn 0.1774 0.3611 0.9155
vn 0.1421 0.3626 0.9210
vn 0.0944 0.2476 0.9643
vn 0.1075 0.1242 0.9864
vn 0.0818 0.3645 0.9276
vn 0.3966 -0.7743 0.4931
vn 0.3240 -0.7981 0.5080
vn 0.3284 -0.8455 0.4211
vn 0.4016 -0.8198 0.4083
vn 0.1911 -0.8282 0.5269
vn 0.1938 -0.8782 0.4372
vn 0.3308 -0.8802 0.3404
vn 0.4043 -0.8530 0.3299
vn 0.1954 -0.9147 0.3537
vn 0.1357 0.0073 0.9907
vn 0.1374 0.0096 0.9905
vn 0.1106 0.0097 0.9938
vn 0.1088 0.0073 0.9940
vn 0.1384 0.0112 0.9903
vn 0.1121 0.0113 0.9936
vn 0.0656 0.0097 0.9978
vn 0.0635 0.0074 0.9980
vn 0.0677 0.0113 0.9976
vn 0.6653 0.4664 0.5829
vn 0.5767 0.4978 0.6478
vn 0.5416 0.5001 0.6757
vn 0.2891 0.3508 -0.8907
vn 0.3296 0.5202 -0.7879
vn 0.3958 0.5050 -0.7670
vn 0.9979 -0.0000 -0.0652
vn 0.9990 -0.0026 -0.0444
vn 0.7003 0.6192 -0.3552
vn 0.6932 0.6558 -0.2989
vn 0.7036 0.5994 -0.3816
vn 0.7143 0.5673 -0.4099
vn 0.3816 0.0173 0.9241
vn 0.7320 0.4750 -0.4884
vn 0.5244 -0.0000 0.8514
vn -0.1053 -0.0000 0.9944
vn -0.1817 -0.0000 0.9834
vn -0.1820 -0.0000 0.9833
vn -0.1060 -0.0000 0.9944
vn 0.1908 -0.0000 0.9816
vn 0.0765 -0.0033 0.9971
vn -0.0000 -0.0000 1.0000
vn -0.0009 -0.0000 1.0000
vn 0.4575 0.4938 0.7395
vn 0.5333 0.5017 0.6811
vn 0.3889 0.4931 0.7782
vn 0.4138 0.4313 0.8017
vn -0.6069 0.0035 0.7947
vn 0.1651 0.7954 0.5832
vn -0.5766 -0.0000 0.8170
vn -0.9953 0.0006 0.0967
vn -0.9952 0.0008 0.0983
vn -0.9933 0.0030 0.1155
vn -0.7071 -0.0001 -0.7071
vn -0.7071 -0.0000 -0.7071
vn -0.7071 0.7071 -0.0000
vn -0.5774 0.5774 -0.5774
vn -0.7346 0.6714 0.0977
vn -0.4608 -0.0043 -0.8875
vn 0.2948 0.7874 -0.5414
vn -0.4252 -0.0081 -0.9051
vn -0.4214 -0.0056 -0.9068
vn -0.9954 0.0004 0.0958
vn -0.4182 -0.0031 -0.9084
vn 0.0588 -0.0072 -0.9982
vn 0.1042 -0.0070 -0.9945
vn 0.1011 -0.0091 -0.9948
vn 0.0559 -0.0094 -0.9984
vn 0.0963 -0.0106 -0.9953
vn 0.0517 -0.0109 -0.9986
vn -0.3834 -0.0065 -0.9236
vn -0.3885 -0.0083 -0.9214
vn -0.4288 -0.0081 -0.9033
vn -0.0009 -0.0048 -1.0000
vn 0.0603 -0.0047 -0.9982
vn -0.0025 -0.0073 -1.0000
vn -0.0050 -0.0096 -0.9999
vn -0.0084 -0.0112 -0.9999
vn 0.5352 0.5083 -0.6747
vn 0.5078 0.4981 -0.7028
vn 0.5502 0.5170 -0.6557
vn -0.3332 0.8375 -0.4332
vn 0.2597 0.0105 -0.9656
vn 0.7148 0.5507 0.4311
vn 0.3566 -0.0088 -0.9342
vn 0.3617 -0.0061 -0.9323
vn -0.3805 -0.0042 -0.9248
vn 0.3631 -0.0035 -0.9318
vn 0.1055 -0.0046 -0.9944
vn 0.1945 0.8277 -0.5264
vn 0.1974 0.8777 -0.4367
vn 0.3307 0.8448 -0.4206
vn 0.3263 0.7974 -0.5075
vn 0.2040 0.8765 -0.4360
vn 0.1964 0.8276 -0.5258
vn 0.1990 0.9141 -0.3533
vn 0.3332 0.8794 -0.3400
vn 0.2074 0.9125 -0.3527
vn -0.0000 0.7767 -0.6299
vn -0.0000 0.8439 -0.5364
vn 0.1901 0.7622 -0.6187
vn 0.3194 0.7355 -0.5975
vn 0.1823 0.7640 -0.6189
vn 0.7301 0.5795 -0.3621
vn 0.7114 0.5455 -0.4431
vn 0.7566 0.5918 -0.2781
vn 0.8174 0.5505 -0.1694
vn 0.2083 0.9385 -0.2753
vn -0.9378 0.3335 -0.0960
vn 0.3342 0.9044 -0.2652
vn 0.1997 0.9403 -0.2757
vn -0.0000 0.9328 -0.3604
vn -0.0000 0.9596 -0.2813
vn -0.0000 0.8954 -0.4454
vn 0.1084 -0.1242 -0.9863
vn 0.1867 -0.1236 -0.9746
vn 0.1642 -0.2462 -0.9552
vn 0.0951 -0.2476 -0.9642
vn 0.1424 -0.3628 -0.9209
vn 0.0822 -0.3646 -0.9275
vn -0.1416 -0.1224 -0.9823
vn -0.1996 -0.2426 -0.9494
vn -0.2579 -0.3525 -0.8995
vn -0.0000 -0.0024 -1.0000
vn 0.1211 -0.0030 -0.9926
vn -0.0000 -0.1243 -0.9923
vn -0.0000 -0.2481 -0.9687
vn -0.0000 -0.3653 -0.9309
vn 0.0712 -0.4651 -0.8824
vn -0.0000 -0.4659 -0.8848
vn 0.1235 -0.4632 -0.8776
vn -0.3106 -0.4425 -0.8412
vn 0.4237 -0.3584 -0.8319
vn 0.3918 -0.4513 -0.8017
vn 0.4605 -0.2496 -0.8518
vn 0.4983 -0.1361 -0.8563
vn -0.0869 -0.0017 -0.9962
vn 0.5341 -0.0272 -0.8450
vn 0.2079 -0.0038 -0.9781
vn -0.9995 0.0051 0.0315
vn -0.9994 0.0095 0.0339
vn -0.9992 0.0148 0.0373
vn -0.7711 0.4634 -0.4366
vn -0.9989 0.0211 0.0421
vn -0.4372 -0.3580 -0.8251
vn -0.4082 -0.4511 -0.7937
vn -0.4721 -0.2492 -0.8456
vn -0.5086 -0.1359 -0.8502
vn -0.9996 0.0014 0.0298
vn -0.5436 -0.0274 -0.8389
vn -0.1132 0.1116 0.9873
vn -0.1948 0.1099 0.9747
vn -0.1874 0.0537 0.9808
vn -0.1087 0.0545 0.9926
vn -0.1835 0.0209 0.9828
vn -0.1064 0.0212 0.9941
vn 0.1358 0.1125 0.9843
vn 0.1622 0.0549 0.9852
vn 0.1788 0.0215 0.9836
vn -0.0000 0.1940 0.9810
vn -0.1198 0.1922 0.9740
vn -0.0000 0.1126 0.9936
vn -0.0000 0.0550 0.9985
vn -0.0000 0.0214 0.9998
vn -0.1056 0.0071 0.9944
vn -0.0000 0.0072 1.0000
vn -0.1821 0.0070 0.9833
vn 0.1870 0.0072 0.9823
vn -0.5886 0.0168 0.8083
vn -0.5803 0.0065 0.8143
vn -0.6040 0.0400 0.7960
vn -0.6272 0.0801 0.7747
vn 0.1022 0.1939 0.9757
vn -0.6580 0.1372 0.7404
vn -0.2059 0.1890 0.9602
vn 0.9971 -0.0071 -0.0756
vn 0.9974 -0.0031 -0.0715
vn 0.9976 -0.0011 -0.0686
vn 0.9978 -0.0003 -0.0668
vn 0.5322 0.0160 0.8465
vn 0.5275 0.0059 0.8495
vn 0.5421 0.0407 0.8393
vn 0.5585 0.0842 0.8252
vn 0.9966 -0.0139 -0.0816
vn 0.5812 0.1464 0.8005
vn -0.9983 0.0284 0.0509
vn -0.9958 0.0424 0.0814
vn -0.8650 0.1550 0.4772
vn -0.7561 0.2210 -0.6161
vn -0.7235 0.0466 -0.6887
vn -0.7098 -0.0112 -0.7043
vn -0.7057 -0.0155 -0.7083
vn -0.9884 0.0082 0.1515
vn -0.3374 -0.5455 -0.7672
vn 0.9301 0.1665 0.3275
vn -0.3831 -0.5624 -0.7328
vn -0.3920 -0.5170 -0.7610
vn -0.1054 0.0028 0.9944
vn -0.1818 0.0028 0.9833
vn -0.1817 0.0010 0.9834
vn -0.1053 0.0010 0.9944
vn -0.1817 0.0002 0.9834
vn -0.1053 0.0002 0.9944
vn 0.1898 0.0028 0.9818
vn 0.1905 0.0010 0.9817
vn 0.1907 0.0002 0.9816
vn -0.0000 0.0029 1.0000
vn -0.0000 0.0010 1.0000
vn -0.0000 0.0002 1.0000
vn -0.5766 0.0002 0.8170
vn -0.5765 0.0007 0.8171
vn -0.5771 0.0024 0.8167
vn 0.9978 -0.0001 -0.0658
vn 0.9979 -0.0000 -0.0654
vn 0.5246 0.0002 0.8514
vn 0.5245 -0.0000 0.8514
vn 0.5248 0.0009 0.8512
vn 0.5255 0.0025 0.8508
vn -0.1986 0.9762 -0.0872
vn -0.1993 0.9701 -0.1386
vn -0.3335 0.9333 -0.1333
vn -0.3325 0.9393 -0.0839
vn -0.2033 0.9692 -0.1390
vn -0.1982 0.9762 -0.0879
vn -0.1997 0.9585 -0.2033
vn -0.3342 0.9220 -0.1955
vn -0.2069 0.9570 -0.2032
vn -0.0000 0.9985 -0.0542
vn -0.0000 0.9960 -0.0890
vn -0.1981 0.9787 -0.0531
vn -0.3317 0.9420 -0.0512
vn -0.1938 0.9796 -0.0536
vn -0.8820 0.4674 -0.0604
vn -0.8684 0.4947 -0.0350
vn -0.9183 0.3822 -0.1026
vn -0.9072 0.0596 -0.4164
vn -0.2083 0.9385 -0.2753
vn 0.8892 0.4392 -0.1284
vn -0.3342 0.9044 -0.2652
vn -0.1997 0.9403 -0.2757
vn -0.0000 0.9782 -0.2075
vn -0.0000 0.9899 -0.1414
vn -0.1793 0.8196 0.5442
vn -0.1843 0.8655 0.4658
vn -0.3103 0.8369 0.4509
vn -0.3025 0.7938 0.5277
vn -0.1557 0.8699 0.4680
vn -0.1402 0.8252 0.5471
vn -0.1879 0.8993 0.3949
vn -0.3160 0.8685 0.3818
vn -0.1666 0.9028 0.3966
vn -0.0000 0.7718 0.6359
vn -0.0000 0.8333 0.5528
vn -0.1728 0.7599 0.6267
vn -0.2922 0.7375 0.6089
vn -0.1177 0.7670 0.6308
vn 0.9519 0.2671 0.1500
vn 0.9892 0.1385 0.0489
vn 0.9108 0.3691 0.1850
vn 0.8758 0.4444 0.1882
vn -0.1754 0.9273 0.3308
vn 0.8361 0.5149 0.1892
vn -0.3202 0.8922 0.3184
vn -0.1906 0.9247 0.3295
vn -0.0000 0.9157 0.4018
vn -0.0000 0.9421 0.3353
vn -0.0000 0.8807 0.4736
vn 0.2794 -0.8530 -0.4407
vn 0.3982 -0.7780 -0.4860
vn 0.7583 -0.6461 -0.0871
vn 0.4379 -0.8817 -0.1754
vn 0.2038 -0.9190 -0.3374
vn 0.6062 -0.6296 -0.4859
vn -0.9905 0.1352 -0.0258
vn 0.9446 0.3255 0.0411
vn -0.9403 0.3118 0.1361
vn -0.8879 0.4258 0.1739
vn -0.9425 0.2916 0.1630
vn -0.8403 0.5089 0.1871
vn 0.8597 -0.0287 0.5099
vn 0.9371 0.3369 0.0916
vn 0.9056 -0.4228 -0.0347
vn 0.8959 0.4415 0.0505
vn -0.9238 -0.3397 0.1764
vn -0.9895 -0.1209 0.0798
vn -0.9317 -0.3621 0.0299
vn -0.7850 -0.6146 0.0780
vn -0.3378 -0.9024 0.2674
vn -0.9966 -0.0629 0.0538
vn -0.7568 0.5558 -0.3441
vn -0.7298 0.5313 -0.4302
vn -0.8029 0.5431 -0.2457
vn -0.9198 0.3897 -0.0454
vn -0.9589 -0.2835 0.0136
vn -0.9996 -0.0053 0.0285
vn -0.9996 -0.0020 0.0288
vn -0.9996 -0.0088 0.0286
vn -0.5757 0.0737 -0.8143
vn -0.6059 0.1701 -0.7771
vn -0.6325 0.2577 -0.7305
vn -0.9995 -0.0128 0.0296
vn -0.6547 0.3316 -0.6792
vn 0.9939 -0.0385 -0.1035
vn 0.9956 -0.0240 -0.0903
vn 0.9905 -0.0596 -0.1236
vn 0.6087 0.2176 0.7630
vn 0.6378 0.2826 0.7165
vn 0.6690 0.3345 0.6637
vn 0.9840 -0.0909 -0.1532
vn 0.7042 0.3704 0.6058
vn -0.1275 0.2834 0.9505
vn -0.1350 0.3705 0.9190
vn -0.2310 0.3634 0.9025
vn -0.2187 0.2784 0.9353
vn 0.0377 0.3747 0.9264
vn 0.0681 0.2862 0.9557
vn -0.1417 0.4476 0.8829
vn -0.2420 0.4383 0.8656
vn 0.0115 0.4529 0.8915
vn -0.0000 0.2862 0.9582
vn -0.6959 0.2010 0.6895
vn -0.7388 0.2548 0.6239
vn -0.7884 0.2895 0.5428
vn -0.0117 0.5196 0.8543
vn -0.8451 0.2999 0.4425
vn -0.2517 0.5019 0.8275
vn -0.1477 0.5132 0.8455
vn -0.0000 0.4525 0.8918
vn -0.0000 0.5192 0.8547
vn -0.0000 0.3743 0.9273
vn 0.1332 0.1162 -0.9843
vn 0.1448 0.2349 -0.9612
vn 0.2470 0.2293 -0.9415
vn 0.2280 0.1133 -0.9670
vn 0.0124 0.2390 -0.9710
vn -0.0351 0.1187 -0.9923
vn 0.1552 0.3468 -0.9250
vn 0.2640 0.3379 -0.9034
vn 0.0526 0.3519 -0.9346
vn -0.0000 0.1179 -0.9930
vn 0.5666 0.0743 -0.8206
vn 0.5969 0.1715 -0.7837
vn 0.6233 0.2600 -0.7375
vn 0.0850 0.4512 -0.8884
vn 0.6450 0.3352 -0.6867
vn 0.2782 0.4334 -0.8572
vn 0.1640 0.4456 -0.8801
vn -0.0000 0.3516 -0.9361
vn -0.0000 0.4522 -0.8919
vn -0.0000 0.2381 -0.9713
vn 0.0614 -0.0093 -0.9981
vn 0.1068 -0.0094 -0.9942
vn 0.1055 -0.0011 -0.9944
vn 0.0606 -0.0011 -0.9982
vn 0.1057 -0.0025 -0.9944
vn 0.0607 -0.0025 -0.9982
vn -0.3965 -0.0087 -0.9180
vn -0.3810 -0.0010 -0.9246
vn -0.3800 -0.0023 -0.9250
vn -0.0000 -0.2427 -0.9701
vn 0.0656 -0.2422 -0.9680
vn -0.0000 -0.0093 -1.0000
vn -0.0000 -0.0011 -1.0000
vn -0.0002 -0.0025 -1.0000
vn 0.3630 -0.0016 -0.9318
vn 0.3620 -0.0004 -0.9322
vn 0.3339 -0.0105 -0.9426
vn -0.4078 -0.2192 -0.8863
vn 0.3396 -0.2253 -0.9132
vn 0.1139 -0.2413 -0.9637
vn -0.9938 0.0014 0.1115
vn -0.9949 0.0005 0.1004
vn -0.9954 0.0003 0.0962
vn -0.7061 -0.0080 -0.7081
vn -0.7066 -0.0033 -0.7076
vn -0.7069 -0.0010 -0.7073
vn -0.4172 -0.0011 -0.9088
vn -0.4212 0.0012 -0.9070
vn -0.4496 0.0023 -0.8932
vn 0.9992 0.0009 0.0391
vn 0.9993 0.0002 0.0386
vn 0.9993 0.0001 0.0381
vn 0.9992 0.0033 0.0389
vn 0.9993 0.0002 0.0382
vn -0.9919 -0.0000 -0.1273
vn -0.7071 -0.0000 0.7071
vn -0.7077 0.0019 0.7065
vn 0.9999 -0.0007 0.0169
vn 0.9999 -0.0024 0.0165
vn 0.9999 -0.0041 0.0165
vn 0.9998 0.0011 0.0176
vn 0.9998 -0.0061 0.0170
vn -0.9745 -0.0633 -0.2152
vn -0.9612 -0.1037 -0.2556
vn -0.9361 -0.1614 -0.3124
vn -0.9817 -0.0352 -0.1869
vn -0.8906 -0.2406 -0.3858
vn -0.3150 -0.8070 -0.4995
vn -0.2496 -0.8625 -0.4402
vn -0.1958 -0.9205 -0.3382
vn -0.4122 -0.8932 -0.1797
vn -0.7512 -0.6543 -0.0867
vn -0.4096 -0.7245 -0.5544
vn -0.9120 -0.4090 -0.0315
vn -0.9320 0.3496 0.0955
vn -0.8893 0.4541 0.0533
vn -0.7840 -0.0594 0.6179
vn 0.9349 0.3170 0.1597
vn -0.9500 -0.3121 -0.0122
vn -0.9620 -0.2729 -0.0027
vn -0.9651 -0.2617 0.0045
vn -0.8633 0.5044 -0.0148
vn -0.8620 0.5068 0.0056
vn -0.8694 0.4934 0.0279
vn 0.9973 -0.0586 0.0441
vn 0.9865 -0.1415 0.0827
vn 0.4626 -0.8500 0.2519
vn 0.8804 -0.4711 0.0542
vn 0.9593 -0.2816 0.0189
vn 0.9990 -0.0315 0.0312
vn 0.9684 -0.2492 0.0092
vn 0.8741 0.4827 -0.0544
vn 0.8605 0.5085 -0.0297
vn 0.8929 0.4388 -0.1007
vn 0.9526 0.2320 -0.1970
vn 0.9671 -0.2542 0.0036
vn 0.9604 -0.2787 -0.0035
vn 0.9450 -0.3267 -0.0144
vn 0.8722 0.4884 0.0273
vn 0.8594 0.5113 0.0065
vn 0.8555 0.5177 -0.0126
vn -0.1928 0.9458 0.2615
vn -0.1947 0.9628 0.1874
vn -0.3265 0.9277 0.1811
vn -0.3236 0.9118 0.2527
vn -0.1901 0.9635 0.1887
vn -0.1838 0.9472 0.2626
vn -0.1959 0.9735 0.1183
vn -0.3284 0.9376 0.1143
vn -0.1919 0.9740 0.1200
vn -0.0000 0.9639 0.2662
vn -0.1908 0.9792 0.0693
vn -0.3293 0.9419 0.0658
vn -0.1966 0.9781 0.0681
vn -0.0000 0.9927 0.1204
vn -0.0000 0.9976 0.0693
vn -0.0000 0.9816 0.1908
vn -0.1969 0.9799 0.0325
vn -0.1973 0.9803 0.0004
vn -0.3305 0.9438 0.0004
vn -0.3299 0.9435 0.0314
vn -0.1911 0.9816 0.0006
vn -0.1905 0.9811 0.0329
vn -0.1977 0.9799 -0.0278
vn -0.3311 0.9432 -0.0268
vn -0.1918 0.9810 -0.0279
vn -0.0000 0.9995 0.0330
vn -0.0000 0.9996 -0.0284
vn -0.0000 1.0000 0.0004
vn 0.9995 0.0145 0.0266
vn 0.9994 0.0158 0.0318
vn 0.9991 0.0130 0.0408
vn 0.9996 0.0117 0.0238
vn 0.3704 -0.5165 -0.7720
vn 0.3501 -0.5562 -0.7537
vn 0.3364 -0.5015 -0.7971
vn -0.9919 -0.0003 -0.1273
vn -0.9919 -0.0002 -0.1271
vn -0.9915 -0.0004 -0.1298
vn -0.7127 0.0211 0.7011
vn -0.7269 0.0963 0.6799
vn -0.7557 0.2734 0.5952
vn -0.7639 0.4938 0.4154
vn 0.9998 0.0032 0.0186
vn 0.9998 0.0057 0.0200
vn 0.9997 0.0085 0.0217
vn -0.9861 -0.0168 -0.1656
vn -0.9888 -0.0065 -0.1493
vn -0.9905 -0.0018 -0.1372
vn -0.7453 0.6369 0.1972
vn -0.7397 0.6729 -0.0009
vn -0.7485 0.6304 -0.2058
vn -0.9891 0.0018 -0.1475
vn -0.7400 0.6608 -0.1258
vn -0.5774 0.5774 0.5774
vn 0.9993 0.0002 0.0385
vn 0.9992 0.0003 0.0390
vn 0.9996 -0.0022 0.0293
vn 0.7168 0.6405 0.2756
vn 0.7055 0.6608 0.2563
vn 0.7039 0.6676 0.2426
vn 0.6999 0.6820 0.2122
vn 0.6903 0.7101 0.1386
vn 0.6803 0.7329 -0.0056
vn 0.6819 0.7091 -0.1797
vn 0.9998 -0.0086 0.0182
vn 0.9997 -0.0124 0.0206
vn 0.9995 -0.0189 0.0245
vn 0.6629 0.3975 -0.6344
vn 0.6951 0.5005 -0.5161
vn 0.6792 0.4513 -0.5788
vn -0.8124 -0.3460 -0.4694
vn -0.6936 -0.4738 -0.5427
vn -0.5471 -0.6071 -0.5763
vn -0.9045 0.2929 0.3101
vn 0.9913 0.0410 -0.1251
vn -0.8874 0.4600 -0.0286
vn -0.9990 -0.0254 0.0355
vn -0.9993 -0.0179 0.0317
vn -0.9984 -0.0380 0.0420
vn -0.6736 0.3924 -0.6263
vn -0.6913 0.4443 -0.5698
vn -0.7095 0.4907 -0.5057
vn 0.9366 -0.2272 -0.2667
vn 0.9703 -0.1403 -0.1972
vn 0.8373 -0.3938 -0.3794
vn 0.7458 0.3907 0.5395
vn 0.7993 0.3946 0.4533
vn 0.8708 0.3701 0.3235
vn -0.1533 0.5722 0.8056
vn -0.1592 0.6313 0.7590
vn -0.2704 0.6153 0.7405
vn -0.2609 0.5587 0.7873
vn -0.0608 0.6393 0.7666
vn -0.0350 0.5796 0.8141
vn -0.1657 0.6939 0.7007
vn -0.2809 0.6750 0.6823
vn -0.0893 0.7019 0.7067
vn -0.0000 0.5794 0.8151
vn -0.0000 0.7040 0.7102
vn -0.0000 0.6398 0.7686
vn 0.1715 0.5319 -0.8293
vn 0.1782 0.6110 -0.7714
vn 0.3007 0.5918 -0.7479
vn 0.2901 0.5162 -0.8058
vn 0.1375 0.6160 -0.7756
vn 0.1124 0.5375 -0.8357
vn 0.1844 0.6874 -0.7024
vn 0.3105 0.6645 -0.6797
vn 0.1615 0.6912 -0.7044
vn -0.0000 0.5403 -0.8415
vn -0.0000 0.6998 -0.7144
vn -0.0000 0.6212 -0.7836
vn 0.0635 -0.5374 -0.8409
vn 0.1105 -0.5354 -0.8373
vn 0.1037 -0.5777 -0.8097
vn 0.0596 -0.5796 -0.8127
vn 0.1078 -0.5247 -0.8444
vn 0.0619 -0.5271 -0.8475
vn -0.3506 -0.5039 -0.7894
vn -0.3822 -0.5355 -0.7531
vn -0.4072 -0.4827 -0.7754
vn -0.0000 -0.5383 -0.8428
vn -0.0000 -0.5806 -0.8142
vn -0.0000 -0.5283 -0.8490
vn 0.3506 -0.5039 -0.7894
vn -0.1105 -0.5354 -0.8373
vn -0.1037 -0.5777 -0.8097
vn 0.3822 -0.5355 -0.7531
vn -0.1078 -0.5247 -0.8444
vn 0.3926 -0.4857 -0.7810
vn -0.0635 -0.5374 -0.8409
vn -0.0596 -0.5796 -0.8127
vn -0.0619 -0.5271 -0.8475
vn 0.3106 -0.4425 -0.8412
vn 0.3766 -0.2229 -0.8992
vn -0.1140 -0.2413 -0.9637
vn -0.0656 -0.2422 -0.9680
vn -0.0712 -0.4651 -0.8824
vn -0.1235 -0.4632 -0.8776
vn -0.1124 0.5375 -0.8357
vn -0.1375 0.6160 -0.7756
vn -0.3007 0.5918 -0.7479
vn -0.2901 0.5162 -0.8058
vn -0.1782 0.6110 -0.7714
vn -0.1715 0.5319 -0.8293
vn -0.1615 0.6912 -0.7044
vn -0.3105 0.6645 -0.6797
vn -0.1844 0.6874 -0.7024
vn -0.0850 0.4512 -0.8884
vn -0.2782 0.4334 -0.8572
vn -0.1640 0.4456 -0.8801
vn -0.1901 0.7622 -0.6187
vn -0.3194 0.7355 -0.5975
vn -0.1823 0.7640 -0.6189
vn 0.0350 0.5796 0.8141
vn 0.0608 0.6393 0.7666
vn 0.2704 0.6153 0.7405
vn 0.2609 0.5587 0.7873
vn 0.1592 0.6313 0.7590
vn 0.1533 0.5722 0.8056
vn 0.0893 0.7019 0.7067
vn 0.2809 0.6750 0.6823
vn 0.1657 0.6939 0.7007
vn 0.0117 0.5196 0.8543
vn 0.2517 0.5019 0.8275
vn 0.1477 0.5132 0.8455
vn 0.1728 0.7599 0.6267
vn 0.2922 0.7375 0.6089
vn 0.1177 0.7670 0.6308
vn 0.1905 0.9811 0.0329
vn 0.1911 0.9816 0.0006
vn 0.3305 0.9438 0.0004
vn 0.3299 0.9435 0.0314
vn 0.1973 0.9803 0.0004
vn 0.1969 0.9799 0.0325
vn 0.1918 0.9810 -0.0279
vn 0.3311 0.9432 -0.0268
vn 0.1977 0.9799 -0.0278
vn 0.1908 0.9792 0.0693
vn 0.3293 0.9419 0.0658
vn 0.1966 0.9781 0.0681
vn 0.1981 0.9787 -0.0531
vn 0.3317 0.9420 -0.0512
vn 0.1938 0.9796 -0.0536
vn 0.1838 0.9472 0.2626
vn 0.1901 0.9635 0.1887
vn 0.3265 0.9277 0.1811
vn 0.3236 0.9118 0.2527
vn 0.1947 0.9628 0.1874
vn 0.1928 0.9458 0.2615
vn 0.1919 0.9740 0.1200
vn 0.3284 0.9376 0.1143
vn 0.1959 0.9735 0.1183
vn 0.1754 0.9273 0.3308
vn 0.3202 0.8922 0.3184
vn 0.1906 0.9247 0.3295
vn -0.1908 -0.0000 0.9816
vn 0.1817 -0.0000 0.9834
vn 0.1053 -0.0000 0.9944
vn 0.3847 -0.0086 -0.9230
vn -0.1068 -0.0094 -0.9942
vn -0.1056 -0.0011 -0.9944
vn 0.3806 -0.0010 -0.9247
vn -0.1062 -0.0025 -0.9943
vn 0.3785 -0.0023 -0.9256
vn -0.0614 -0.0093 -0.9981
vn -0.0607 -0.0011 -0.9982
vn -0.0611 -0.0025 -0.9981
vn 0.3757 -0.0043 -0.9267
vn -0.1073 -0.0047 -0.9942
vn -0.0621 -0.0047 -0.9981
vn 0.0351 0.1187 -0.9923
vn -0.0124 0.2390 -0.9710
vn -0.2470 0.2293 -0.9415
vn -0.2280 0.1133 -0.9670
vn -0.1448 0.2349 -0.9612
vn -0.1332 0.1162 -0.9843
vn -0.0526 0.3519 -0.9346
vn -0.2640 0.3379 -0.9034
vn -0.1552 0.3468 -0.9250
vn 0.0870 -0.0017 -0.9962
vn -0.2079 -0.0038 -0.9781
vn -0.1211 -0.0030 -0.9926
vn -0.0681 0.2862 0.9557
vn -0.0377 0.3747 0.9264
vn 0.2310 0.3634 0.9025
vn 0.2187 0.2784 0.9353
vn 0.1350 0.3705 0.9190
vn 0.1275 0.2834 0.9505
vn -0.0115 0.4529 0.8915
vn 0.2420 0.4383 0.8656
vn 0.1417 0.4476 0.8829
vn -0.1022 0.1939 0.9757
vn 0.2059 0.1890 0.9602
vn 0.1198 0.1922 0.9740
vn 0.1402 0.8252 0.5471
vn 0.1557 0.8699 0.4680
vn 0.3103 0.8369 0.4509
vn 0.3025 0.7938 0.5277
vn 0.1843 0.8655 0.4658
vn 0.1793 0.8196 0.5442
vn 0.1666 0.9028 0.3966
vn 0.3160 0.8685 0.3818
vn 0.1879 0.8993 0.3949
vn 0.1982 0.9762 -0.0879
vn 0.2033 0.9692 -0.1390
vn 0.3335 0.9333 -0.1333
vn 0.3325 0.9393 -0.0839
vn 0.1993 0.9701 -0.1386
vn 0.1986 0.9762 -0.0872
vn 0.2069 0.9570 -0.2032
vn 0.3342 0.9220 -0.1955
vn 0.1997 0.9585 -0.2033
vn -0.1898 0.0028 0.9818
vn 0.1818 0.0028 0.9833
vn 0.1817 0.0010 0.9834
vn -0.1905 0.0010 0.9817
vn 0.1817 0.0002 0.9834
vn -0.1907 0.0002 0.9816
vn 0.1054 0.0028 0.9944
vn 0.1053 0.0010 0.9944
vn 0.1053 0.0002 0.9944
vn -0.1870 0.0072 0.9823
vn 0.1056 0.0071 0.9944
vn 0.1821 0.0070 0.9833
vn -0.1358 0.1125 0.9843
vn 0.1948 0.1099 0.9747
vn 0.1874 0.0537 0.9808
vn -0.1622 0.0549 0.9852
vn 0.1835 0.0209 0.9828
vn -0.1788 0.0215 0.9836
vn 0.1132 0.1116 0.9873
vn 0.1087 0.0545 0.9926
vn 0.1064 0.0212 0.9941
vn 0.1416 -0.1224 -0.9823
vn -0.1867 -0.1236 -0.9746
vn -0.1642 -0.2462 -0.9552
vn 0.1996 -0.2426 -0.9494
vn -0.1424 -0.3628 -0.9209
vn 0.2580 -0.3525 -0.8995
vn -0.1084 -0.1242 -0.9863
vn -0.0951 -0.2476 -0.9642
vn -0.0822 -0.3646 -0.9275
vn -0.1964 0.8276 -0.5258
vn -0.2040 0.8765 -0.4360
vn -0.3307 0.8448 -0.4206
vn -0.3263 0.7974 -0.5075
vn -0.1974 0.8777 -0.4367
vn -0.1945 0.8277 -0.5264
vn -0.2074 0.9125 -0.3527
vn -0.3332 0.8794 -0.3400
vn -0.1990 0.9141 -0.3533
vn 0.3724 -0.0068 -0.9280
vn -0.1090 -0.0073 -0.9940
vn -0.1108 -0.0097 -0.9938
vn 0.3697 -0.0090 -0.9291
vn -0.1124 -0.0113 -0.9936
vn 0.2332 -0.0151 -0.9723
vn -0.0637 -0.0074 -0.9979
vn -0.0658 -0.0097 -0.9978
vn -0.0682 -0.0113 -0.9976
vn 0.4894 0.4150 -0.7670
vn 0.4339 0.4854 -0.7590
vn 0.4690 0.4895 -0.7352
vn 0.1814 -0.0000 0.9834
vn -0.2232 0.0011 0.9748
vn 0.1046 -0.0000 0.9945
vn -0.1649 0.7751 0.6099
vn 0.6104 0.5262 0.5921
vn 0.5843 0.5143 0.6277
vt 0.567967 0.187500
vt 0.588437 0.187500
vt 0.588437 0.208333
vt 0.567967 0.208333
vt 0.607156 0.187500
vt 0.607156 0.208333
vt 0.588437 0.229167
vt 0.567967 0.229167
vt 0.607156 0.229167
vt 0.544871 0.166667
vt 0.567967 0.166667
vt 0.544871 0.187500
vt 0.588437 0.166667
vt 0.607156 0.166667
vt 0.625000 0.166667
vt 0.625000 0.187500
vt 0.625000 0.208333
vt 0.625000 0.229167
vt 0.625000 0.250000
vt 0.607156 0.250000
vt 0.588437 0.250000
vt 0.567967 0.250000
vt 0.544871 0.229167
vt 0.544871 0.250000
vt 0.544871 0.208333
vt 0.566282 0.406250
vt 0.587170 0.406250
vt 0.587484 0.437500
vt 0.566700 0.437500
vt 0.606479 0.406250
vt 0.606647 0.437500
vt 0.587928 0.468750
vt 0.567290 0.468750
vt 0.606884 0.468750
vt 0.542854 0.375000
vt 0.566123 0.375000
vt 0.543027 0.406250
vt 0.587050 0.375000
vt 0.606416 0.375000
vt 0.625000 0.375000
vt 0.625000 0.406250
vt 0.625000 0.437500
vt 0.625000 0.468750
vt 0.625000 0.500000
vt 0.607156 0.500000
vt 0.588437 0.500000
vt 0.567967 0.500000
vt 0.544130 0.468750
vt 0.544871 0.500000
vt 0.543484 0.437500
vt 0.569882 0.687500
vt 0.589070 0.687500
vt 0.588826 0.708333
vt 0.569086 0.708333
vt 0.607235 0.687500
vt 0.607205 0.708333
vt 0.589069 0.729167
vt 0.569882 0.729167
vt 0.607235 0.729167
vt 0.554209 0.666667
vt 0.571907 0.666667
vt 0.547789 0.687500
vt 0.589604 0.666667
vt 0.607302 0.666667
vt 0.625000 0.666667
vt 0.625000 0.687500
vt 0.625000 0.708333
vt 0.625000 0.729167
vt 0.625000 0.750000
vt 0.607302 0.750000
vt 0.589604 0.750000
vt 0.571907 0.750000
vt 0.547789 0.729167
vt 0.554209 0.750000
vt 0.546427 0.708333
vt 0.571907 0.906250
vt 0.589604 0.906250
vt 0.589604 0.937500
vt 0.571907 0.937500
vt 0.607302 0.906250
vt 0.607302 0.937500
vt 0.589604 0.968750
vt 0.571907 0.968750
vt 0.607302 0.968750
vt 0.554209 0.875000
vt 0.571907 0.875000
vt 0.554209 0.906250
vt 0.589604 0.875000
vt 0.607302 0.875000
vt 0.625000 0.875000
vt 0.625000 0.906250
vt 0.625000 0.937500
vt 0.625000 0.968750
vt 0.625000 1.000000
vt 0.607302 1.000000
vt 0.589604 1.000000
vt 0.571907 1.000000
vt 0.554209 0.968750
vt 0.554209 1.000000
vt 0.554209 0.937500
vt 0.375000 0.906250
vt 0.375000 0.937500
vt 0.375000 0.968750
vt 0.375000 0.875000
vt 0.375000 0.875000
vt 0.375000 1.000000
vt 0.375000 1.000000
vt 0.375000 1.000000
vt 0.375000 0.968750
vt 0.375000 0.937500
vt 0.375000 0.906250
vt 0.375000 0.875000
vt 0.379064 0.906250
vt 0.383105 0.906250
vt 0.383098 0.937500
vt 0.379049 0.937500
vt 0.387148 0.906250
vt 0.387147 0.937500
vt 0.383098 0.968750
vt 0.379049 0.968750
vt 0.387147 0.968750
vt 0.379218 0.875000
vt 0.383154 0.875000
vt 0.387154 0.875000
vt 0.391196 0.875000
vt 0.391196 0.906250
vt 0.391196 0.937500
vt 0.391196 0.968750
vt 0.391196 1.000000
vt 0.387147 1.000000
vt 0.383098 1.000000
vt 0.379049 1.000000
vt 0.380213 0.687500
vt 0.383635 0.687500
vt 0.383713 0.708333
vt 0.380223 0.708333
vt 0.387930 0.687500
vt 0.388196 0.708333
vt 0.383626 0.729167
vt 0.380212 0.729167
vt 0.387912 0.729167
vt 0.377699 0.666667
vt 0.380197 0.666667
vt 0.377699 0.687500
vt 0.383505 0.666667
vt 0.387398 0.666667
vt 0.391196 0.666667
vt 0.393492 0.687500
vt 0.393973 0.708333
vt 0.393487 0.729167
vt 0.391196 0.750000
vt 0.387189 0.750000
vt 0.383435 0.750000
vt 0.380188 0.750000
vt 0.377699 0.729167
vt 0.377699 0.750000
vt 0.377699 0.708333
vt 0.380240 0.406250
vt 0.383852 0.406250
vt 0.383852 0.437500
vt 0.380240 0.437500
vt 0.388595 0.406250
vt 0.388595 0.437500
vt 0.383852 0.468750
vt 0.380240 0.468750
vt 0.388595 0.468750
vt 0.377699 0.375000
vt 0.380240 0.375000
vt 0.377699 0.406250
vt 0.383852 0.375000
vt 0.388595 0.375000
vt 0.394529 0.375000
vt 0.394529 0.406250
vt 0.394529 0.437500
vt 0.394529 0.468750
vt 0.394529 0.500000
vt 0.388595 0.500000
vt 0.383852 0.500000
vt 0.380240 0.500000
vt 0.377699 0.468750
vt 0.377699 0.500000
vt 0.377699 0.437500
vt 0.380240 0.187500
vt 0.383852 0.187500
vt 0.383852 0.208333
vt 0.380240 0.208333
vt 0.388595 0.187500
vt 0.388595 0.208333
vt 0.383852 0.229167
vt 0.380240 0.229167
vt 0.388595 0.229167
vt 0.377699 0.166667
vt 0.380240 0.166667
vt 0.377699 0.187500
vt 0.383852 0.166667
vt 0.388595 0.166667
vt 0.394529 0.166667
vt 0.394529 0.187500
vt 0.394529 0.208333
vt 0.394529 0.229167
vt 0.394529 0.250000
vt 0.388595 0.250000
vt 0.383852 0.250000
vt 0.380240 0.250000
vt 0.377699 0.229167
vt 0.377699 0.250000
vt 0.377699 0.208333
vt 0.401075 0.687500
vt 0.410349 0.687500
vt 0.410829 0.708333
vt 0.401409 0.708333
vt 0.421640 0.687500
vt 0.422939 0.708333
vt 0.410349 0.729167
vt 0.401075 0.729167
vt 0.421640 0.729167
vt 0.400245 0.666667
vt 0.409293 0.666667
vt 0.418341 0.666667
vt 0.427390 0.666667
vt 0.437774 0.687500
vt 0.439977 0.708333
vt 0.437774 0.729167
vt 0.427390 0.750000
vt 0.418342 0.750000
vt 0.409293 0.750000
vt 0.400245 0.750000
vt 0.401879 0.406250
vt 0.411540 0.406250
vt 0.411554 0.437500
vt 0.401881 0.437500
vt 0.424571 0.406250
vt 0.424619 0.437500
vt 0.411574 0.468750
vt 0.401884 0.468750
vt 0.424687 0.468750
vt 0.401879 0.375000
vt 0.411535 0.375000
vt 0.424553 0.375000
vt 0.441990 0.375000
vt 0.442033 0.406250
vt 0.442147 0.437500
vt 0.442309 0.468750
vt 0.442494 0.500000
vt 0.424766 0.500000
vt 0.411598 0.500000
vt 0.401887 0.500000
vt 0.401887 0.187500
vt 0.411598 0.187500
vt 0.411598 0.208333
vt 0.401887 0.208333
vt 0.424766 0.187500
vt 0.424766 0.208333
vt 0.411598 0.229167
vt 0.401887 0.229167
vt 0.424766 0.229167
vt 0.401887 0.166667
vt 0.411598 0.166667
vt 0.424766 0.166667
vt 0.442494 0.166667
vt 0.442494 0.187500
vt 0.442494 0.208333
vt 0.442494 0.229167
vt 0.442494 0.250000
vt 0.424766 0.250000
vt 0.411598 0.250000
vt 0.401887 0.250000
vt 0.281250 0.687500
vt 0.312500 0.687500
vt 0.312500 0.708333
vt 0.281250 0.708333
vt 0.343750 0.687500
vt 0.343750 0.708333
vt 0.312500 0.729167
vt 0.281250 0.729167
vt 0.343750 0.729167
vt 0.250000 0.666667
vt 0.281250 0.666667
vt 0.250000 0.687500
vt 0.312500 0.666667
vt 0.343750 0.666667
vt 0.375000 0.666667
vt 0.375000 0.687500
vt 0.375000 0.708333
vt 0.375000 0.729167
vt 0.375000 0.750000
vt 0.343750 0.750000
vt 0.312500 0.750000
vt 0.281250 0.750000
vt 0.250000 0.729167
vt 0.250000 0.750000
vt 0.250000 0.708333
vt 0.375000 0.406250
vt 0.375000 0.437500
vt 0.375000 0.437500
vt 0.375000 0.468750
vt 0.375000 0.468750
vt 0.375000 0.468750
vt 0.375000 0.375000
vt 0.375000 0.406250
vt 0.375000 0.375000
vt 0.375000 0.500000
vt 0.375000 0.500000
vt 0.375000 0.187500
vt 0.375000 0.208333
vt 0.375000 0.208333
vt 0.375000 0.229167
vt 0.375000 0.229167
vt 0.375000 0.187500
vt 0.375000 0.229167
vt 0.375000 0.166667
vt 0.375000 0.166667
vt 0.375000 0.208333
vt 0.375000 0.250000
vt 0.375000 0.250000
vt 0.375000 0.250000
vt 0.375000 0.250000
vt 0.375000 0.187500
vt 0.375000 0.166667
vt 0.375000 0.166667
vt 0.375000 0.166667
vt 0.375000 0.687500
vt 0.375000 0.708333
vt 0.375000 0.687500
vt 0.375000 0.729167
vt 0.375000 0.729167
vt 0.375000 0.708333
vt 0.375000 0.687500
vt 0.375000 0.666667
vt 0.375000 0.750000
vt 0.375000 0.750000
vt 0.375000 0.666667
vt 0.376139 0.687500
vt 0.376139 0.708333
vt 0.375337 0.708333
vt 0.375337 0.687500
vt 0.376139 0.729167
vt 0.375337 0.729167
vt 0.375042 0.708333
vt 0.375042 0.687500
vt 0.375042 0.729167
vt 0.376139 0.666667
vt 0.376139 0.750000
vt 0.375337 0.750000
vt 0.375042 0.750000
vt 0.375000 0.750000
vt 0.375042 0.666667
vt 0.375000 0.666667
vt 0.375337 0.666667
vt 0.376139 0.187500
vt 0.376139 0.208333
vt 0.375337 0.208333
vt 0.375337 0.187500
vt 0.376139 0.229167
vt 0.375337 0.229167
vt 0.375042 0.208333
vt 0.375042 0.187500
vt 0.375042 0.229167
vt 0.376139 0.166667
vt 0.376139 0.250000
vt 0.375337 0.250000
vt 0.375042 0.250000
vt 0.375000 0.250000
vt 0.375000 0.229167
vt 0.375000 0.208333
vt 0.375000 0.187500
vt 0.375042 0.166667
vt 0.375000 0.166667
vt 0.375337 0.166667
vt 0.376139 0.406250
vt 0.376139 0.437500
vt 0.375337 0.437500
vt 0.375337 0.406250
vt 0.376139 0.468750
vt 0.375337 0.468750
vt 0.375042 0.437500
vt 0.375042 0.406250
vt 0.375042 0.468750
vt 0.376139 0.375000
vt 0.376139 0.500000
vt 0.375337 0.500000
vt 0.375042 0.500000
vt 0.375000 0.406250
vt 0.375042 0.375000
vt 0.375000 0.375000
vt 0.375337 0.375000
vt 0.375000 0.968750
vt 0.375000 0.937500
vt 0.375000 1.000000
vt 0.375000 0.968750
vt 0.375000 0.937500
vt 0.375000 0.906250
vt 0.375000 0.875000
vt 0.000000 0.000000
vt 0.462302 0.687500
vt 0.491130 0.687500
vt 0.491280 0.708333
vt 0.463560 0.708333
vt 0.520588 0.687500
vt 0.519841 0.708333
vt 0.491130 0.729167
vt 0.462302 0.729167
vt 0.520588 0.729167
vt 0.459095 0.666667
vt 0.490799 0.666667
vt 0.522504 0.666667
vt 0.522504 0.750000
vt 0.490799 0.750000
vt 0.459095 0.750000
vt 0.464449 0.406250
vt 0.490195 0.406250
vt 0.490523 0.437500
vt 0.464665 0.437500
vt 0.517108 0.406250
vt 0.517528 0.437500
vt 0.490988 0.468750
vt 0.464971 0.468750
vt 0.518121 0.468750
vt 0.464367 0.375000
vt 0.490070 0.375000
vt 0.516949 0.375000
vt 0.518801 0.500000
vt 0.491520 0.500000
vt 0.465321 0.500000
vt 0.465321 0.187500
vt 0.491520 0.187500
vt 0.491520 0.208333
vt 0.465321 0.208333
vt 0.518801 0.187500
vt 0.518801 0.208333
vt 0.491520 0.229167
vt 0.465321 0.229167
vt 0.518801 0.229167
vt 0.465321 0.166667
vt 0.491520 0.166667
vt 0.518801 0.166667
vt 0.518801 0.250000
vt 0.491520 0.250000
vt 0.465321 0.250000
vt 0.462412 0.020833
vt 0.491145 0.020833
vt 0.491400 0.041667
vt 0.464440 0.041667
vt 0.520523 0.020833
vt 0.519321 0.041667
vt 0.491505 0.062500
vt 0.465211 0.062500
vt 0.518866 0.062500
vt 0.427390 0.000000
vt 0.459095 0.000000
vt 0.437931 0.020833
vt 0.490799 0.000000
vt 0.522504 0.000000
vt 0.554209 0.000000
vt 0.547692 0.020833
vt 0.545649 0.041667
vt 0.544968 0.062500
vt 0.544871 0.083333
vt 0.518801 0.083333
vt 0.491520 0.083333
vt 0.465321 0.083333
vt 0.442337 0.062500
vt 0.442494 0.083333
vt 0.441235 0.041667
vt 0.465321 0.104167
vt 0.491520 0.104167
vt 0.491520 0.125000
vt 0.465321 0.125000
vt 0.518801 0.104167
vt 0.518801 0.125000
vt 0.491520 0.145833
vt 0.465321 0.145833
vt 0.518801 0.145833
vt 0.442494 0.104167
vt 0.544871 0.104167
vt 0.544871 0.125000
vt 0.544871 0.145833
vt 0.442494 0.145833
vt 0.442494 0.125000
vt 0.465211 0.520833
vt 0.491505 0.520833
vt 0.491400 0.541667
vt 0.464440 0.541667
vt 0.518866 0.520833
vt 0.519321 0.541667
vt 0.491145 0.562500
vt 0.462412 0.562500
vt 0.520523 0.562500
vt 0.442337 0.520833
vt 0.544968 0.520833
vt 0.545649 0.541667
vt 0.547692 0.562500
vt 0.554209 0.583333
vt 0.522504 0.583333
vt 0.490799 0.583333
vt 0.459095 0.583333
vt 0.437931 0.562500
vt 0.427390 0.583333
vt 0.441235 0.541667
vt 0.375605 0.020833
vt 0.375977 0.041667
vt 0.375281 0.041667
vt 0.375162 0.020833
vt 0.376119 0.062500
vt 0.375330 0.062500
vt 0.375035 0.041667
vt 0.375020 0.020833
vt 0.375041 0.062500
vt 0.375000 0.000000
vt 0.376884 0.020833
vt 0.375000 0.000000
vt 0.377474 0.041667
vt 0.377671 0.062500
vt 0.377699 0.083333
vt 0.376139 0.083333
vt 0.375337 0.083333
vt 0.375042 0.083333
vt 0.375000 0.083333
vt 0.375000 0.062500
vt 0.375000 0.041667
vt 0.375000 0.020833
vt 0.375000 0.000000
vt 0.376139 0.104167
vt 0.376139 0.125000
vt 0.375337 0.125000
vt 0.375337 0.104167
vt 0.376139 0.145833
vt 0.375337 0.145833
vt 0.375042 0.125000
vt 0.375042 0.104167
vt 0.375042 0.145833
vt 0.377699 0.104167
vt 0.377699 0.125000
vt 0.377699 0.145833
vt 0.375000 0.145833
vt 0.375000 0.125000
vt 0.375000 0.104167
vt 0.376139 0.520833
vt 0.376139 0.541667
vt 0.375337 0.541667
vt 0.375337 0.520833
vt 0.376139 0.562500
vt 0.375337 0.562500
vt 0.375042 0.541667
vt 0.375042 0.520833
vt 0.375042 0.562500
vt 0.377699 0.520833
vt 0.377699 0.541667
vt 0.377699 0.562500
vt 0.377699 0.583333
vt 0.376139 0.583333
vt 0.375337 0.583333
vt 0.375042 0.583333
vt 0.375000 0.583333
vt 0.375000 0.562500
vt 0.375000 0.541667
vt 0.375000 0.520833
vt 0.376139 0.604167
vt 0.376139 0.625000
vt 0.375337 0.625000
vt 0.375337 0.604167
vt 0.376139 0.645833
vt 0.375337 0.645833
vt 0.375042 0.625000
vt 0.375042 0.604167
vt 0.375042 0.645833
vt 0.377699 0.604167
vt 0.377699 0.625000
vt 0.377699 0.645833
vt 0.375000 0.645833
vt 0.375000 0.625000
vt 0.375000 0.604167
vt 0.375000 0.520833
vt 0.375000 0.562500
vt 0.375000 0.562500
vt 0.375000 0.583333
vt 0.375000 0.583333
vt 0.375000 0.583333
vt 0.375000 0.583333
vt 0.375000 0.604167
vt 0.375000 0.625000
vt 0.375000 0.625000
vt 0.375000 0.645833
vt 0.375000 0.604167
vt 0.375000 0.645833
vt 0.375000 0.645833
vt 0.375000 0.625000
vt 0.375000 0.604167
vt 0.375000 0.020833
vt 0.375000 0.041667
vt 0.375000 0.041667
vt 0.375000 0.020833
vt 0.375000 0.062500
vt 0.375000 0.041667
vt 0.375000 0.020833
vt 0.375000 0.062500
vt 0.375000 0.020833
vt 0.375000 0.041667
vt 0.375000 0.083333
vt 0.375000 0.083333
vt 0.375000 0.083333
vt 0.375000 0.083333
vt 0.375000 0.062500
vt 0.375000 0.020833
vt 0.375000 0.104167
vt 0.375000 0.125000
vt 0.375000 0.125000
vt 0.375000 0.104167
vt 0.375000 0.145833
vt 0.375000 0.145833
vt 0.375000 0.125000
vt 0.375000 0.104167
vt 0.375000 0.125000
vt 0.375000 0.145833
vt 0.375000 0.104167
vt 0.281250 0.520833
vt 0.312500 0.520833
vt 0.312500 0.541667
vt 0.281250 0.541667
vt 0.343750 0.520833
vt 0.343750 0.541667
vt 0.312500 0.562500
vt 0.281250 0.562500
vt 0.343750 0.562500
vt 0.250000 0.500000
vt 0.281250 0.500000
vt 0.250000 0.520833
vt 0.312500 0.500000
vt 0.343750 0.500000
vt 0.343750 0.583333
vt 0.312500 0.583333
vt 0.281250 0.583333
vt 0.250000 0.562500
vt 0.250000 0.583333
vt 0.250000 0.541667
vt 0.281250 0.604167
vt 0.312500 0.604167
vt 0.312500 0.625000
vt 0.281250 0.625000
vt 0.343750 0.604167
vt 0.343750 0.625000
vt 0.312500 0.645833
vt 0.281250 0.645833
vt 0.343750 0.645833
vt 0.250000 0.604167
vt 0.250000 0.645833
vt 0.250000 0.625000
vt 0.401105 0.020833
vt 0.410397 0.020833
vt 0.411214 0.041667
vt 0.401648 0.041667
vt 0.421754 0.020833
vt 0.423852 0.041667
vt 0.411550 0.062500
vt 0.401857 0.062500
vt 0.424651 0.062500
vt 0.391196 0.000000
vt 0.400245 0.000000
vt 0.393522 0.020833
vt 0.409293 0.000000
vt 0.418341 0.000000
vt 0.424766 0.083333
vt 0.411598 0.083333
vt 0.401887 0.083333
vt 0.394494 0.062500
vt 0.394529 0.083333
vt 0.394251 0.041667
vt 0.401887 0.104167
vt 0.411598 0.104167
vt 0.411598 0.125000
vt 0.401887 0.125000
vt 0.424766 0.104167
vt 0.424766 0.125000
vt 0.411598 0.145833
vt 0.401887 0.145833
vt 0.424766 0.145833
vt 0.394529 0.104167
vt 0.394529 0.145833
vt 0.394529 0.125000
vt 0.401857 0.520833
vt 0.411550 0.520833
vt 0.411214 0.541667
vt 0.401648 0.541667
vt 0.424651 0.520833
vt 0.423852 0.541667
vt 0.410397 0.562500
vt 0.401105 0.562500
vt 0.421754 0.562500
vt 0.394494 0.520833
vt 0.418341 0.583333
vt 0.409293 0.583333
vt 0.400245 0.583333
vt 0.393527 0.562500
vt 0.391196 0.583333
vt 0.394251 0.541667
vt 0.379679 0.020833
vt 0.383459 0.020833
vt 0.383726 0.041667
vt 0.380070 0.041667
vt 0.387915 0.020833
vt 0.388389 0.041667
vt 0.383836 0.062500
vt 0.380219 0.062500
vt 0.388570 0.062500
vt 0.379049 0.000000
vt 0.383098 0.000000
vt 0.387147 0.000000
vt 0.388595 0.083333
vt 0.383852 0.083333
vt 0.380240 0.083333
vt 0.380240 0.104167
vt 0.383852 0.104167
vt 0.383852 0.125000
vt 0.380240 0.125000
vt 0.388595 0.104167
vt 0.388595 0.125000
vt 0.383852 0.145833
vt 0.380240 0.145833
vt 0.388595 0.145833
vt 0.380239 0.520833
vt 0.383843 0.520833
vt 0.383783 0.541667
vt 0.380231 0.541667
vt 0.388570 0.520833
vt 0.388396 0.541667
vt 0.383644 0.562500
vt 0.380214 0.562500
vt 0.387955 0.562500
vt 0.387398 0.583333
vt 0.383505 0.583333
vt 0.380197 0.583333
vt 0.380189 0.604167
vt 0.383444 0.604167
vt 0.383435 0.625000
vt 0.380188 0.625000
vt 0.387208 0.604167
vt 0.387189 0.625000
vt 0.383444 0.645833
vt 0.380189 0.645833
vt 0.387208 0.645833
vt 0.391196 0.604167
vt 0.391196 0.625000
vt 0.391196 0.645833
vt 0.568037 0.520833
vt 0.588462 0.520833
vt 0.588632 0.541667
vt 0.568527 0.541667
vt 0.607159 0.520833
vt 0.607181 0.541667
vt 0.589045 0.562500
vt 0.569812 0.562500
vt 0.607232 0.562500
vt 0.625000 0.520833
vt 0.625000 0.541667
vt 0.625000 0.562500
vt 0.625000 0.583333
vt 0.607302 0.583333
vt 0.589604 0.583333
vt 0.571907 0.583333
vt 0.569812 0.020833
vt 0.589045 0.020833
vt 0.588632 0.041667
vt 0.568527 0.041667
vt 0.607232 0.020833
vt 0.607181 0.041667
vt 0.588461 0.062500
vt 0.568037 0.062500
vt 0.607159 0.062500
vt 0.571907 0.000000
vt 0.589604 0.000000
vt 0.607302 0.000000
vt 0.625000 0.000000
vt 0.625000 0.020833
vt 0.625000 0.041667
vt 0.625000 0.062500
vt 0.625000 0.083333
vt 0.607156 0.083333
vt 0.588437 0.083333
vt 0.567967 0.083333
vt 0.567967 0.104167
vt 0.588437 0.104167
vt 0.588437 0.125000
vt 0.567967 0.125000
vt 0.607156 0.104167
vt 0.607156 0.125000
vt 0.588437 0.145833
vt 0.567967 0.145833
vt 0.607156 0.145833
vt 0.625000 0.104167
vt 0.625000 0.125000
vt 0.625000 0.145833
vt 0.375000 0.104167
vt 0.375000 0.125000
vt 0.375000 0.145833
vt 0.375000 0.125000
vt 0.375000 0.104167
vt 0.375000 0.145833
vt 0.375000 0.083333
vt 0.375000 0.166667
vt 0.375000 0.166667
vt 0.375000 0.083333
vt 0.375000 0.020833
vt 0.375000 0.041667
vt 0.375000 0.041667
vt 0.375000 0.062500
vt 0.375000 0.062500
vt 0.375000 0.041667
vt 0.375000 0.604167
vt 0.375000 0.625000
vt 0.375000 0.645833
vt 0.375000 0.625000
vt 0.375000 0.666667
vt 0.375000 0.583333
vt 0.375000 0.520833
vt 0.375000 0.687500
vt 0.375000 0.708333
vt 0.375000 0.708333
vt 0.375000 0.729167
vt 0.375000 0.729167
vt 0.375000 0.729167
vt 0.375000 0.187500
vt 0.375000 0.208333
vt 0.375000 0.208333
vt 0.375000 0.187500
vt 0.375000 0.229167
vt 0.375000 0.208333
vt 0.375000 0.229167
vt 0.375000 0.250000
vt 0.375000 0.250000
vt 0.375000 0.437500
vt 0.375000 0.468750
vt 0.375000 0.437500
vt 0.375000 0.468750
vt 0.375000 0.375000
vt 0.375000 0.375000
vt 0.375000 0.937500
vt 0.375000 0.781250
vt 0.375000 0.812500
vt 0.375000 0.812500
vt 0.375000 0.781250
vt 0.375000 0.843750
vt 0.375000 0.812500
vt 0.375000 0.781250
vt 0.375000 0.843750
vt 0.375000 0.781250
vt 0.375000 0.812500
vt 0.375000 0.781250
vt 0.375000 0.281250
vt 0.375000 0.312500
vt 0.375000 0.312500
vt 0.375000 0.281250
vt 0.375000 0.343750
vt 0.375000 0.343750
vt 0.375000 0.281250
vt 0.375000 0.281250
vt 0.375000 0.312500
vt 0.375000 0.312500
vt 0.375000 0.281250
vt 0.156250 0.604167
vt 0.187500 0.604167
vt 0.187500 0.625000
vt 0.156250 0.625000
vt 0.218750 0.604167
vt 0.218750 0.625000
vt 0.187500 0.645833
vt 0.156250 0.645833
vt 0.218750 0.645833
vt 0.125000 0.583333
vt 0.156250 0.583333
vt 0.125000 0.604167
vt 0.187500 0.583333
vt 0.218750 0.583333
vt 0.218750 0.666667
vt 0.187500 0.666667
vt 0.156250 0.666667
vt 0.125000 0.645833
vt 0.125000 0.666667
vt 0.125000 0.625000
vt 0.156250 0.520833
vt 0.187500 0.520833
vt 0.187500 0.541667
vt 0.156250 0.541667
vt 0.218750 0.520833
vt 0.218750 0.541667
vt 0.187500 0.562500
vt 0.156250 0.562500
vt 0.218750 0.562500
vt 0.125000 0.500000
vt 0.156250 0.500000
vt 0.125000 0.520833
vt 0.187500 0.500000
vt 0.218750 0.500000
vt 0.125000 0.562500
vt 0.125000 0.541667
vt 0.464971 0.281250
vt 0.490988 0.281250
vt 0.490523 0.312500
vt 0.464665 0.312500
vt 0.518121 0.281250
vt 0.517528 0.312500
vt 0.490195 0.343750
vt 0.464449 0.343750
vt 0.517108 0.343750
vt 0.442309 0.281250
vt 0.544130 0.281250
vt 0.543484 0.312500
vt 0.543027 0.343750
vt 0.442033 0.343750
vt 0.442147 0.312500
vt 0.376119 0.781250
vt 0.375977 0.812500
vt 0.375281 0.812500
vt 0.375330 0.781250
vt 0.375605 0.843750
vt 0.375162 0.843750
vt 0.375035 0.812500
vt 0.375041 0.781250
vt 0.375020 0.843750
vt 0.377671 0.781250
vt 0.377474 0.812500
vt 0.376887 0.843750
vt 0.376139 0.281250
vt 0.376139 0.312500
vt 0.375337 0.312500
vt 0.375337 0.281250
vt 0.376139 0.343750
vt 0.375337 0.343750
vt 0.375042 0.312500
vt 0.375042 0.281250
vt 0.375042 0.343750
vt 0.377699 0.281250
vt 0.377699 0.312500
vt 0.377699 0.343750
vt 0.375000 0.281250
vt 0.375000 0.312500
vt 0.156250 0.687500
vt 0.187500 0.687500
vt 0.187500 0.708333
vt 0.156250 0.708333
vt 0.218750 0.687500
vt 0.218750 0.708333
vt 0.187500 0.729167
vt 0.156250 0.729167
vt 0.218750 0.729167
vt 0.125000 0.687500
vt 0.218750 0.750000
vt 0.187500 0.750000
vt 0.156250 0.750000
vt 0.125000 0.729167
vt 0.125000 0.750000
vt 0.125000 0.708333
vt 0.401884 0.281250
vt 0.411575 0.281250
vt 0.411554 0.312500
vt 0.401881 0.312500
vt 0.424687 0.281250
vt 0.424619 0.312500
vt 0.411540 0.343750
vt 0.401879 0.343750
vt 0.424571 0.343750
vt 0.394529 0.281250
vt 0.394529 0.343750
vt 0.394529 0.312500
vt 0.380240 0.281250
vt 0.383852 0.281250
vt 0.383852 0.312500
vt 0.380240 0.312500
vt 0.388595 0.281250
vt 0.388595 0.312500
vt 0.383852 0.343750
vt 0.380240 0.343750
vt 0.388595 0.343750
vt 0.380168 0.781250
vt 0.383428 0.781250
vt 0.383379 0.812500
vt 0.380026 0.812500
vt 0.387188 0.781250
vt 0.387182 0.812500
vt 0.383267 0.843750
vt 0.379669 0.843750
vt 0.387168 0.843750
vt 0.391196 0.781250
vt 0.391196 0.812500
vt 0.391196 0.843750
vt 0.375000 0.781250
vt 0.375000 0.781250
vt 0.375000 0.812500
vt 0.571907 0.781250
vt 0.589605 0.781250
vt 0.589604 0.812500
vt 0.571907 0.812500
vt 0.607302 0.781250
vt 0.607302 0.812500
vt 0.589604 0.843750
vt 0.571907 0.843750
vt 0.607302 0.843750
vt 0.554209 0.781250
vt 0.625000 0.781250
vt 0.625000 0.812500
vt 0.625000 0.843750
vt 0.554209 0.843750
vt 0.554209 0.812500
vt 0.567290 0.281250
vt 0.587928 0.281250
vt 0.587484 0.312500
vt 0.566700 0.312500
vt 0.606884 0.281250
vt 0.606647 0.312500
vt 0.587170 0.343750
vt 0.566282 0.343750
vt 0.606479 0.343750
vt 0.625000 0.281250
vt 0.625000 0.312500
vt 0.625000 0.343750
s 1
usemtl Material.001
f 553/5/7 554/6/7 557/7/7 556/8/7
f 554/6/7 555/9/7 558/10/7 557/7/7
f 556/8/7 557/7/7 560/11/7 559/12/7
f 557/7/7 558/10/7 561/13/7 560/11/7
f 64/14/7 399/15/7 553/5/7 244/16/7
f 399/15/7 398/17/7 554/6/7 553/5/7
f 398/17/7 397/18/7 555/9/7 554/6/7
f 397/18/7 40/19/8 97/20/9 555/9/7
f 555/9/7 97/20/9 98/21/10 558/10/7
f 558/10/7 98/21/10 99/22/11 561/13/7
f 561/13/7 99/22/11 12/23/12 226/24/13
f 560/11/7 561/13/7 226/24/13 227/25/13
f 559/12/7 560/11/7 227/25/13 228/26/13
f 246/27/7 559/12/7 228/26/13 34/28/13
f 245/29/7 556/8/7 559/12/7 246/27/7
f 244/16/7 553/5/7 556/8/7 245/29/7
f 562/30/14 563/31/14 566/32/15 565/33/15
f 563/31/14 564/34/14 567/35/15 566/32/15
f 565/33/15 566/32/15 569/36/16 568/37/16
f 566/32/15 567/35/15 570/38/16 569/36/16
f 86/39/17 552/40/17 562/30/14 241/41/14
f 552/40/17 551/42/17 563/31/14 562/30/14
f 551/42/17 550/43/17 564/34/14 563/31/14
f 550/43/17 74/44/18 106/45/19 564/34/14
f 564/34/14 106/45/19 107/46/20 567/35/15
f 567/35/15 107/46/20 108/47/21 570/38/16
f 570/38/16 108/47/21 16/48/22 229/49/23
f 569/36/16 570/38/16 229/49/23 230/50/23
f 568/37/16 569/36/16 230/50/23 231/51/23
f 243/52/16 568/37/16 231/51/23 35/53/23
f 242/54/15 565/33/15 568/37/16 243/52/16
f 241/41/14 562/30/14 565/33/15 242/54/15
f 571/55/24 572/56/24 575/57/24 574/58/24
f 572/56/24 573/59/24 576/60/24 575/57/24
f 574/58/24 575/57/24 578/61/24 577/62/24
f 575/57/24 576/60/24 579/63/24 578/61/24
f 62/64/25 393/65/26 571/55/24 238/66/24
f 393/65/26 392/67/26 572/56/24 571/55/24
f 392/67/26 391/68/26 573/59/24 572/56/24
f 391/68/26 44/69/27 115/70/28 573/59/24
f 573/59/24 115/70/28 116/71/28 576/60/24
f 576/60/24 116/71/28 117/72/29 579/63/24
f 579/63/24 117/72/29 14/73/30 232/74/31
f 578/61/24 579/63/24 232/74/31 233/75/32
f 577/62/24 578/61/24 233/75/32 234/76/33
f 240/77/24 577/62/24 234/76/33 36/78/34
f 239/79/24 574/58/24 577/62/24 240/77/24
f 238/66/24 571/55/24 574/58/24 239/79/24
f 580/80/35 581/81/36 584/82/37 583/83/38
f 581/81/36 582/84/39 585/85/40 584/82/37
f 583/83/38 584/82/37 587/86/41 586/87/42
f 584/82/37 585/85/40 588/88/43 587/86/41
f 85/89/44 549/90/45 580/80/35 235/91/46
f 549/90/45 548/92/47 581/81/36 580/80/35
f 548/92/47 547/93/48 582/84/39 581/81/36
f 547/93/48 76/94/49 124/95/50 582/84/39
f 582/84/39 124/95/50 125/96/51 585/85/40
f 585/85/40 125/96/51 126/97/52 588/88/43
f 588/88/43 126/97/52 10/98/53 96/99/54
f 587/86/41 588/88/43 96/99/54 95/100/55
f 586/87/42 587/86/41 95/100/55 94/101/56
f 237/102/57 586/87/42 94/101/56 33/103/58
f 236/104/59 583/83/38 586/87/42 237/102/57
f 235/91/46 580/80/35 583/83/38 236/104/59
f 589/105/60 590/106/61 593/106/62 592/105/63
f 590/106/61 591/107/64 594/107/65 593/106/62
f 592/105/63 593/106/62 596/106/66 595/105/67
f 593/106/62 594/107/65 597/107/68 596/106/66
f 90/108/69 501/105/70 589/105/60 544/109/71
f 501/105/70 500/106/72 590/106/61 589/105/60
f 500/106/72 499/107/73 591/107/64 590/106/61
f 499/107/73 65/110/74 187/111/75 591/107/64
f 591/107/64 187/111/75 188/111/76 594/107/65
f 594/107/65 188/111/76 189/111/77 597/107/68
f 597/107/68 189/111/77 26/112/78 475/113/79
f 596/106/66 597/107/68 475/113/79 476/114/80
f 595/105/67 596/106/66 476/114/80 477/115/81
f 546/109/82 595/105/67 477/115/81 82/116/83
f 545/109/84 592/105/63 595/105/67 546/109/82
f 544/109/71 589/105/60 592/105/63 545/109/84
f 598/117/85 599/118/86 602/119/87 601/120/88
f 599/118/86 600/121/89 603/122/90 602/119/87
f 601/120/88 602/119/87 605/123/91 604/124/92
f 602/119/87 603/122/90 606/125/93 605/123/91
f 75/108/94 543/126/95 598/117/85 456/115/96
f 543/126/95 542/127/97 599/118/86 598/117/85
f 542/127/97 541/128/98 600/121/89 599/118/86
f 541/128/98 77/129/99 139/130/100 600/121/89
f 600/121/89 139/130/100 140/131/101 603/122/90
f 603/122/90 140/131/101 141/132/102 606/125/93
f 606/125/93 141/132/102 17/133/103 129/134/104
f 605/123/91 606/125/93 129/134/104 128/135/105
f 604/124/92 605/123/91 128/135/105 127/136/106
f 454/113/107 604/124/92 127/136/106 9/112/108
f 455/114/109 601/120/88 604/124/92 454/113/107
f 456/115/96 598/117/85 601/120/88 455/114/109
f 607/137/24 608/138/24 611/139/24 610/140/24
f 608/138/24 609/141/24 612/142/24 611/139/24
f 610/140/24 611/139/24 614/143/24 613/144/24
f 611/139/24 612/142/24 615/145/24 614/143/24
f 41/146/24 387/147/24 607/137/24 261/148/24
f 387/147/24 386/149/24 608/138/24 607/137/24
f 386/149/24 385/150/24 609/141/24 608/138/24
f 385/150/24 46/151/110 142/152/24 609/141/24
f 609/141/24 142/152/24 143/153/24 612/142/24
f 612/142/24 143/153/24 144/154/24 615/145/24
f 615/145/24 144/154/24 20/155/111 118/156/112
f 614/143/24 615/145/24 118/156/112 119/157/113
f 613/144/24 614/143/24 119/157/113 120/158/114
f 259/159/24 613/144/24 120/158/114 13/160/115
f 260/161/24 610/140/24 613/144/24 259/159/24
f 261/148/24 607/137/24 610/140/24 260/161/24
f 616/162/116 617/163/117 620/164/118 619/165/119
f 617/163/117 618/166/120 621/167/121 620/164/118
f 619/165/119 620/164/118 623/168/122 622/169/123
f 620/164/118 621/167/121 624/170/124 623/168/122
f 73/171/125 540/172/126 616/162/116 450/173/127
f 540/172/126 539/174/128 617/163/117 616/162/116
f 539/174/128 538/175/129 618/166/120 617/163/117
f 538/175/129 78/176/130 145/177/131 618/166/120
f 618/166/120 145/177/131 146/178/132 621/167/121
f 621/167/121 146/178/132 147/179/133 624/170/124
f 624/170/124 147/179/133 19/180/134 109/181/135
f 623/168/122 624/170/124 109/181/135 110/182/136
f 622/169/123 623/168/122 110/182/136 111/183/137
f 448/184/138 622/169/123 111/183/137 15/185/139
f 449/186/140 619/165/119 622/169/123 448/184/138
f 450/173/127 616/162/116 619/165/119 449/186/140
f 625/187/7 626/188/7 629/189/7 628/190/7
f 626/188/7 627/191/7 630/192/7 629/189/7
f 628/190/7 629/189/7 632/193/7 631/194/7
f 629/189/7 630/192/7 633/195/7 632/193/7
f 37/196/7 381/197/7 625/187/7 249/198/7
f 381/197/7 380/199/7 626/188/7 625/187/7
f 380/199/7 379/200/7 627/191/7 626/188/7
f 379/200/7 48/201/7 148/202/7 627/191/7
f 627/191/7 148/202/7 149/203/7 630/192/7
f 630/192/7 149/203/7 150/204/7 633/195/7
f 633/195/7 150/204/7 18/205/141 100/206/142
f 632/193/7 633/195/7 100/206/142 101/207/143
f 631/194/7 632/193/7 101/207/143 102/208/144
f 247/209/7 631/194/7 102/208/144 11/210/145
f 248/211/7 628/190/7 631/194/7 247/209/7
f 249/198/7 625/187/7 628/190/7 248/211/7
f 634/212/24 635/213/24 638/214/24 637/215/24
f 635/213/24 636/216/24 639/217/24 638/214/24
f 637/215/24 638/214/24 641/218/24 640/219/24
f 638/214/24 639/217/24 642/220/24 641/218/24
f 46/151/110 375/221/146 634/212/24 142/152/24
f 375/221/146 374/222/147 635/213/24 634/212/24
f 374/222/147 373/223/148 636/216/24 635/213/24
f 373/223/148 50/224/149 166/225/24 636/216/24
f 636/216/24 166/225/24 167/226/24 639/217/24
f 639/217/24 167/226/24 168/227/24 642/220/24
f 642/220/24 168/227/24 24/228/150 136/229/151
f 641/218/24 642/220/24 136/229/151 137/230/152
f 640/219/24 641/218/24 137/230/152 138/231/153
f 144/154/24 640/219/24 138/231/153 20/155/111
f 143/153/24 637/215/24 640/219/24 144/154/24
f 142/152/24 634/212/24 637/215/24 143/153/24
f 643/232/154 644/233/155 647/234/156 646/235/157
f 644/233/155 645/236/158 648/237/159 647/234/156
f 646/235/157 647/234/156 650/238/160 649/239/161
f 647/234/156 648/237/159 651/240/162 650/238/160
f 78/176/130 537/241/163 643/232/154 145/177/131
f 537/241/163 536/242/164 644/233/155 643/232/154
f 536/242/164 535/243/165 645/236/158 644/233/155
f 535/243/165 80/244/17 169/245/14 645/236/158
f 645/236/158 169/245/14 170/246/15 648/237/159
f 648/237/159 170/246/15 171/247/16 651/240/162
f 651/240/162 171/247/16 23/248/23 133/249/166
f 650/238/160 651/240/162 133/249/166 134/250/167
f 649/239/161 650/238/160 134/250/167 135/251/168
f 147/179/133 649/239/161 135/251/168 19/180/134
f 146/178/132 646/235/157 649/239/161 147/179/133
f 145/177/131 643/232/154 646/235/157 146/178/132
f 652/252/7 653/253/7 656/254/7 655/255/7
f 653/253/7 654/256/7 657/257/7 656/254/7
f 655/255/7 656/254/7 659/258/7 658/259/7
f 656/254/7 657/257/7 660/260/7 659/258/7
f 48/201/7 369/261/7 652/252/7 148/202/7
f 369/261/7 368/262/7 653/253/7 652/252/7
f 368/262/7 367/263/7 654/256/7 653/253/7
f 367/263/7 52/264/7 172/265/7 654/256/7
f 654/256/7 172/265/7 173/266/7 657/257/7
f 657/257/7 173/266/7 174/267/7 660/260/7
f 660/260/7 174/267/7 22/268/13 130/269/169
f 659/258/7 660/260/7 130/269/169 131/270/170
f 658/259/7 659/258/7 131/270/170 132/271/171
f 150/204/7 658/259/7 132/271/171 18/205/141
f 149/203/7 655/255/7 658/259/7 150/204/7
f 148/202/7 652/252/7 655/255/7 149/203/7
f 661/272/172 662/273/173 665/274/174 664/275/175
f 662/273/173 663/276/176 666/277/177 665/274/174
f 664/275/175 665/274/174 668/278/178 667/279/179
f 665/274/174 666/277/177 669/280/180 668/278/178
f 88/281/181 495/282/182 661/272/172 532/283/183
f 495/282/182 494/284/184 662/273/173 661/272/172
f 494/284/184 493/285/185 663/276/176 662/273/173
f 493/285/185 55/286/186 297/287/187 663/276/176
f 663/276/176 297/287/187 296/288/188 666/277/177
f 666/277/177 296/288/188 295/289/189 669/280/180
f 669/280/180 295/289/189 28/290/190 186/291/191
f 668/278/178 669/280/180 186/291/191 185/292/192
f 667/279/179 668/278/178 185/292/192 184/293/193
f 534/294/194 667/279/179 184/293/193 82/295/83
f 533/296/195 664/275/175 667/279/179 534/294/194
f 532/283/183 661/272/172 664/275/175 533/296/195
f 670/297/196 671/298/197 674/299/198 673/297/199
f 671/298/197 672/300/200 675/301/201 674/299/198
f 673/297/199 674/299/198 677/299/202 676/297/203
f 674/299/198 675/301/201 678/302/204 677/299/202
f 89/303/205 498/304/206 670/297/196 529/305/207
f 498/304/206 497/299/208 671/298/197 670/297/196
f 497/299/208 496/302/209 672/300/200 671/298/197
f 496/302/209 66/306/210 193/307/211 672/300/200
f 672/300/200 193/307/211 194/307/212 675/301/201
f 675/301/201 194/307/212 195/307/213 678/302/204
f 678/302/204 195/307/213 27/306/214 472/301/215
f 677/299/202 678/302/204 472/301/215 473/299/216
f 676/297/203 677/299/202 473/299/216 474/304/217
f 531/305/218 676/297/203 474/304/217 81/303/219
f 530/305/220 673/297/199 676/297/203 531/305/218
f 529/305/207 670/297/196 673/297/199 530/305/220
f 679/308/7 680/309/7 683/310/7 682/308/7
f 680/309/7 681/311/7 684/312/7 683/310/7
f 682/308/7 683/310/7 686/310/7 685/313/7
f 683/310/7 684/312/7 687/314/7 686/310/7
f 72/315/7 441/308/7 679/308/7 355/316/7
f 441/308/7 440/317/7 680/309/7 679/308/7
f 440/317/7 439/314/7 681/311/7 680/309/7
f 439/314/7 68/318/221 411/318/222 681/311/7
f 681/311/7 411/318/222 410/319/223 684/312/7
f 684/312/7 410/319/223 409/320/224 687/314/7
f 687/314/7 409/320/224 25/321/225 289/314/226
f 686/310/7 687/314/7 289/314/226 290/310/227
f 685/313/7 686/310/7 290/310/227 291/322/228
f 357/323/7 685/313/7 291/322/228 53/324/229
f 356/325/7 682/308/7 685/313/7 357/323/7
f 355/316/7 679/308/7 682/308/7 356/325/7
f 688/326/24 689/288/24 692/327/24 691/328/24
f 689/288/24 690/329/24 693/330/24 692/327/24
f 691/328/24 692/327/24 695/331/24 694/326/24
f 692/327/24 693/330/24 696/289/24 695/331/24
f 70/286/24 438/332/24 688/326/24 349/333/24
f 438/332/24 437/327/24 689/288/24 688/326/24
f 437/327/24 436/289/24 690/329/24 689/288/24
f 436/289/24 67/334/230 408/334/231 690/329/24
f 690/329/24 408/334/231 407/335/232 693/330/24
f 693/330/24 407/335/232 406/335/233 696/289/24
f 696/289/24 406/335/233 28/290/190 295/289/189
f 695/331/24 696/289/24 295/289/189 296/288/188
f 694/326/24 695/331/24 296/288/188 297/287/187
f 351/336/24 694/326/24 297/287/187 55/286/186
f 350/286/24 691/328/24 694/326/24 351/336/24
f 349/333/24 688/326/24 691/328/24 350/286/24
f 697/337/24 698/338/24 701/339/24 700/340/24
f 698/338/24 699/341/24 702/342/24 701/339/24
f 700/340/24 701/339/24 704/343/24 703/344/24
f 701/339/24 702/342/24 705/345/24 704/343/24
f 41/146/24 261/148/24 697/337/24 343/346/24
f 261/148/24 260/161/24 698/338/24 697/337/24
f 260/161/24 259/159/24 699/341/24 698/338/24
f 259/159/24 13/160/115 192/347/234 699/341/24
f 699/341/24 192/347/234 191/348/235 702/342/24
f 702/342/24 191/348/235 190/349/236 705/345/24
f 705/345/24 190/349/236 30/350/237 301/329/24
f 704/343/24 705/345/24 301/329/24 302/331/24
f 703/344/24 704/343/24 302/331/24 303/326/24
f 345/351/24 703/344/24 303/326/24 57/352/24
f 344/353/24 700/340/24 703/344/24 345/351/24
f 343/346/24 697/337/24 700/340/24 344/353/24
f 706/354/7 707/355/7 710/356/7 709/357/7
f 707/355/7 708/358/7 711/359/7 710/356/7
f 709/357/7 710/356/7 713/360/7 712/361/7
f 710/356/7 711/359/7 714/362/7 713/360/7
f 37/196/7 249/198/7 706/354/7 337/363/7
f 249/198/7 248/211/7 707/355/7 706/354/7
f 248/211/7 247/209/7 708/358/7 707/355/7
f 247/209/7 11/210/145 198/364/238 708/358/7
f 708/358/7 198/364/238 197/365/239 711/359/7
f 711/359/7 197/365/239 196/366/240 714/362/7
f 714/362/7 196/366/240 32/367/241 307/368/7
f 713/360/7 714/362/7 307/368/7 308/369/7
f 712/361/7 713/360/7 308/369/7 309/370/7
f 339/371/7 712/361/7 309/370/7 59/372/7
f 338/373/7 709/357/7 712/361/7 339/371/7
f 337/363/7 706/354/7 709/357/7 338/373/7
f 715/374/242 716/375/243 719/376/244 718/377/245
f 716/375/243 717/378/246 720/379/247 719/376/244
f 718/377/245 719/376/244 722/380/248 721/381/249
f 719/376/244 720/379/247 723/382/250 722/380/248
f 73/171/125 450/173/127 715/374/242 526/383/251
f 450/173/127 449/186/140 716/375/243 715/374/242
f 449/186/140 448/184/138 717/378/246 716/375/243
f 448/184/138 15/185/139 205/384/252 717/378/246
f 717/378/246 205/384/252 206/385/253 720/379/247
f 720/379/247 206/385/253 207/386/254 723/382/250
f 723/382/250 207/386/254 31/306/255 478/302/256
f 722/380/248 723/382/250 478/302/256 479/299/257
f 721/381/249 722/380/248 479/299/257 480/387/258
f 528/388/259 721/381/249 480/387/258 83/389/260
f 527/390/261 718/377/245 721/381/249 528/388/259
f 526/383/251 715/374/242 718/377/245 527/390/261
f 724/105/262 725/106/263 728/114/264 727/105/265
f 725/106/263 726/107/266 729/391/267 728/114/264
f 727/105/265 728/114/264 731/392/268 730/105/269
f 728/114/264 729/391/267 732/391/270 731/392/268
f 75/108/94 456/115/96 724/105/262 523/109/271
f 456/115/96 455/114/109 725/106/263 724/105/262
f 455/114/109 454/113/107 726/107/266 725/106/263
f 454/113/107 9/112/108 199/111/272 726/107/266
f 726/107/266 199/111/272 200/112/273 729/391/267
f 729/391/267 200/112/273 201/112/274 732/391/270
f 732/391/270 201/112/274 29/393/275 481/394/276
f 731/392/268 732/391/270 481/394/276 482/395/277
f 730/105/269 731/392/268 482/395/277 483/396/278
f 525/109/279 730/105/269 483/396/278 84/397/280
f 524/109/281 727/105/265 730/105/269 525/109/279
f 523/109/271 724/105/262 727/105/265 524/109/281
f 733/398/282 734/398/283 737/398/284 736/398/285
f 734/398/283 735/398/286 738/398/287 737/398/284
f 736/398/285 737/398/284 740/398/288 739/398/289
f 737/398/284 738/398/287 741/398/290 740/398/288
f 79/398/291 522/398/292 733/398/282 468/398/293
f 522/398/292 521/398/294 734/398/283 733/398/282
f 521/398/294 520/398/295 735/398/286 734/398/283
f 520/398/295 85/398/44 235/398/46 735/398/286
f 735/398/286 235/398/46 236/398/59 738/398/287
f 738/398/287 236/398/59 237/398/57 741/398/290
f 741/398/290 237/398/57 33/398/58 225/398/296
f 740/398/288 741/398/290 225/398/296 224/398/297
f 739/398/289 740/398/288 224/398/297 223/398/298
f 466/398/299 739/398/289 223/398/298 21/398/300
f 467/398/301 736/398/285 739/398/289 466/398/299
f 468/398/293 733/398/282 736/398/285 467/398/301
f 742/399/24 743/400/24 746/401/24 745/402/24
f 743/400/24 744/403/24 747/404/24 746/401/24
f 745/402/24 746/401/24 749/405/24 748/406/24
f 746/401/24 747/404/24 750/407/24 749/405/24
f 50/224/149 333/408/302 742/399/24 166/225/24
f 333/408/302 332/409/303 743/400/24 742/399/24
f 332/409/303 331/410/304 744/403/24 743/400/24
f 331/410/304 62/64/25 238/66/24 744/403/24
f 744/403/24 238/66/24 239/79/24 747/404/24
f 747/404/24 239/79/24 240/77/24 750/407/24
f 750/407/24 240/77/24 36/78/34 160/411/305
f 749/405/24 750/407/24 160/411/305 161/412/306
f 748/406/24 749/405/24 161/412/306 162/413/307
f 168/227/24 748/406/24 162/413/307 24/228/150
f 167/226/24 745/402/24 748/406/24 168/227/24
f 166/225/24 742/399/24 745/402/24 167/226/24
f 751/414/14 752/415/14 755/416/15 754/417/15
f 752/415/14 753/418/14 756/419/15 755/416/15
f 754/417/15 755/416/15 758/420/16 757/421/16
f 755/416/15 756/419/15 759/422/16 758/420/16
f 80/244/17 519/423/17 751/414/14 169/245/14
f 519/423/17 518/424/17 752/415/14 751/414/14
f 518/424/17 517/425/17 753/418/14 752/415/14
f 517/425/17 86/39/17 241/41/14 753/418/14
f 753/418/14 241/41/14 242/54/15 756/419/15
f 756/419/15 242/54/15 243/52/16 759/422/16
f 759/422/16 243/52/16 35/53/23 157/426/23
f 758/420/16 759/422/16 157/426/23 158/427/23
f 757/421/16 758/420/16 158/427/23 159/428/23
f 171/247/16 757/421/16 159/428/23 23/248/23
f 170/246/15 754/417/15 757/421/16 171/247/16
f 169/245/14 751/414/14 754/417/15 170/246/15
f 760/429/7 761/430/7 764/431/7 763/432/7
f 761/430/7 762/433/7 765/434/7 764/431/7
f 763/432/7 764/431/7 767/435/7 766/436/7
f 764/431/7 765/434/7 768/437/7 767/435/7
f 52/264/7 327/438/7 760/429/7 172/265/7
f 327/438/7 326/439/7 761/430/7 760/429/7
f 326/439/7 325/440/7 762/433/7 761/430/7
f 325/440/7 64/14/7 244/16/7 762/433/7
f 762/433/7 244/16/7 245/29/7 765/434/7
f 765/434/7 245/29/7 246/27/7 768/437/7
f 768/437/7 246/27/7 34/28/13 154/441/13
f 767/435/7 768/437/7 154/441/13 155/442/13
f 766/436/7 767/435/7 155/442/13 156/443/13
f 174/267/7 766/436/7 156/443/13 22/268/13
f 173/266/7 763/432/7 766/436/7 174/267/7
f 172/265/7 760/429/7 763/432/7 173/266/7
f 769/444/7 770/445/7 773/446/7 772/447/7
f 770/445/7 771/448/7 774/449/7 773/446/7
f 772/447/7 773/446/7 776/450/7 775/451/7
f 773/446/7 774/449/7 777/452/7 776/450/7
f 21/453/300 223/454/298 769/444/7 283/455/7
f 223/454/298 224/456/297 770/445/7 769/444/7
f 224/456/297 225/457/296 771/448/7 770/445/7
f 225/457/296 33/458/58 316/459/7 771/448/7
f 771/448/7 316/459/7 317/460/7 774/449/7
f 774/449/7 317/460/7 318/461/7 777/452/7
f 777/452/7 318/461/7 63/462/7 322/463/7
f 776/450/7 777/452/7 322/463/7 323/464/7
f 775/451/7 776/450/7 323/464/7 324/465/7
f 285/466/7 775/451/7 324/465/7 51/467/7
f 284/468/7 772/447/7 775/451/7 285/466/7
f 283/455/7 769/444/7 772/447/7 284/468/7
f 778/469/7 779/470/7 782/471/7 781/472/7
f 779/470/7 780/473/7 783/474/7 782/471/7
f 781/472/7 782/471/7 785/475/7 784/476/7
f 782/471/7 783/474/7 786/477/7 785/475/7
f 51/467/7 324/465/7 778/469/7 286/478/7
f 324/465/7 323/464/7 779/470/7 778/469/7
f 323/464/7 322/463/7 780/473/7 779/470/7
f 322/463/7 63/462/7 319/479/7 780/473/7
f 780/473/7 319/479/7 320/480/7 783/474/7
f 783/474/7 320/480/7 321/481/7 786/477/7
f 786/477/7 321/481/7 64/14/7 325/440/7
f 785/475/7 786/477/7 325/440/7 326/439/7
f 784/476/7 785/475/7 326/439/7 327/438/7
f 288/482/7 784/476/7 327/438/7 52/264/7
f 287/483/7 781/472/7 784/476/7 288/482/7
f 286/478/7 778/469/7 781/472/7 287/483/7
f 787/484/24 788/485/24 791/486/24 790/487/24
f 788/485/24 789/488/24 792/489/24 791/486/24
f 790/487/24 791/486/24 794/490/24 793/491/24
f 791/486/24 792/489/24 795/492/24 794/490/24
f 23/248/23 159/428/23 787/484/24 280/493/24
f 159/428/23 158/427/23 788/485/24 787/484/24
f 158/427/23 157/426/23 789/488/24 788/485/24
f 157/426/23 35/53/23 313/494/24 789/488/24
f 789/488/24 313/494/24 314/495/24 792/489/24
f 792/489/24 314/495/24 315/496/24 795/492/24
f 795/492/24 315/496/24 61/497/308 328/498/308
f 794/490/24 795/492/24 328/498/308 329/499/308
f 793/491/24 794/490/24 329/499/308 330/500/308
f 282/501/24 793/491/24 330/500/308 49/502/309
f 281/503/24 790/487/24 793/491/24 282/501/24
f 280/493/24 787/484/24 790/487/24 281/503/24
f 796/504/7 797/505/7 800/506/7 799/507/7
f 797/505/7 798/508/7 801/509/7 800/506/7
f 799/507/7 800/506/7 803/510/7 802/511/7
f 800/506/7 801/509/7 804/512/7 803/510/7
f 9/513/108 93/514/7 796/504/7 199/515/272
f 93/514/7 92/516/7 797/505/7 796/504/7
f 92/516/7 91/517/7 798/508/7 797/505/7
f 91/517/7 38/518/7 334/519/7 798/508/7
f 798/508/7 334/519/7 335/520/7 801/509/7
f 801/509/7 335/520/7 336/521/7 804/512/7
f 804/512/7 336/521/7 60/522/7 214/523/7
f 803/510/7 804/512/7 214/523/7 215/524/7
f 802/511/7 803/510/7 215/524/7 216/525/7
f 201/515/274 802/511/7 216/525/7 29/526/275
f 200/515/273 799/507/7 802/511/7 201/515/274
f 199/515/272 796/504/7 799/507/7 200/515/273
f 805/527/7 806/528/7 809/529/7 808/530/7
f 806/528/7 807/531/7 810/532/7 809/529/7
f 808/530/7 809/529/7 812/533/7 811/534/7
f 809/529/7 810/532/7 813/535/7 812/533/7
f 38/518/7 252/536/7 805/527/7 334/519/7
f 252/536/7 251/537/7 806/528/7 805/527/7
f 251/537/7 250/538/7 807/531/7 806/528/7
f 250/538/7 37/196/7 337/363/7 807/531/7
f 807/531/7 337/363/7 338/373/7 810/532/7
f 810/532/7 338/373/7 339/371/7 813/535/7
f 813/535/7 339/371/7 59/372/7 310/539/7
f 812/533/7 813/535/7 310/539/7 311/540/7
f 811/534/7 812/533/7 311/540/7 312/541/7
f 336/521/7 811/534/7 312/541/7 60/522/7
f 335/520/7 808/530/7 811/534/7 336/521/7
f 334/519/7 805/527/7 808/530/7 335/520/7
f 814/542/24 815/543/24 818/544/24 817/545/24
f 815/543/24 816/546/24 819/547/24 818/544/24
f 817/545/24 818/544/24 821/548/24 820/549/24
f 818/544/24 819/547/24 822/550/24 821/548/24
f 15/185/139 114/551/24 814/542/24 205/384/252
f 114/551/24 113/552/24 815/543/24 814/542/24
f 113/552/24 112/553/24 816/546/24 815/543/24
f 112/553/24 42/554/24 340/555/24 816/546/24
f 816/546/24 340/555/24 341/556/24 819/547/24
f 819/547/24 341/556/24 342/557/24 822/550/24
f 822/550/24 342/557/24 58/558/24 211/559/24
f 821/548/24 822/550/24 211/559/24 212/560/24
f 820/549/24 821/548/24 212/560/24 213/561/24
f 207/386/254 820/549/24 213/561/24 31/306/255
f 206/385/253 817/545/24 820/549/24 207/386/254
f 205/384/252 814/542/24 817/545/24 206/385/253
f 823/562/24 824/563/24 827/564/24 826/565/24
f 824/563/24 825/566/24 828/567/24 827/564/24
f 826/565/24 827/564/24 830/568/24 829/569/24
f 827/564/24 828/567/24 831/570/24 830/568/24
f 42/554/24 264/571/24 823/562/24 340/555/24
f 264/571/24 263/572/24 824/563/24 823/562/24
f 263/572/24 262/573/24 825/566/24 824/563/24
f 262/573/24 41/146/24 343/346/24 825/566/24
f 825/566/24 343/346/24 344/353/24 828/567/24
f 828/567/24 344/353/24 345/351/24 831/570/24
f 831/570/24 345/351/24 57/352/24 304/574/24
f 830/568/24 831/570/24 304/574/24 305/575/24
f 829/569/24 830/568/24 305/575/24 306/576/24
f 342/557/24 829/569/24 306/576/24 58/558/24
f 341/556/24 826/565/24 829/569/24 342/557/24
f 340/555/24 823/562/24 826/565/24 341/556/24
f 832/577/24 833/560/24 836/560/24 835/561/24
f 833/560/24 834/578/24 837/578/24 836/560/24
f 835/561/24 836/560/24 839/560/24 838/561/24
f 836/560/24 837/578/24 840/579/24 839/560/24
f 66/306/210 435/561/24 832/577/24 193/307/211
f 435/561/24 434/560/24 833/560/24 832/577/24
f 434/560/24 433/578/24 834/578/24 833/560/24
f 433/578/24 69/580/24 346/581/24 834/578/24
f 834/578/24 346/581/24 347/581/24 837/578/24
f 837/578/24 347/581/24 348/582/24 840/579/24
f 840/579/24 348/582/24 56/583/310 181/579/311
f 839/560/24 840/579/24 181/579/311 182/560/312
f 838/561/24 839/560/24 182/560/312 183/561/313
f 195/307/213 838/561/24 183/561/313 27/306/214
f 194/307/212 835/561/24 838/561/24 195/307/213
f 193/307/211 832/577/24 835/561/24 194/307/212
f 841/584/24 842/585/24 845/586/24 844/584/24
f 842/585/24 843/587/24 846/587/24 845/586/24
f 844/584/24 845/586/24 848/575/24 847/584/24
f 845/586/24 846/587/24 849/587/24 848/575/24
f 69/580/24 432/588/24 841/584/24 346/581/24
f 432/588/24 431/586/24 842/585/24 841/584/24
f 431/586/24 430/589/24 843/587/24 842/585/24
f 430/589/24 70/286/24 349/333/24 843/587/24
f 843/587/24 349/333/24 350/286/24 846/587/24
f 846/587/24 350/286/24 351/336/24 849/587/24
f 849/587/24 351/336/24 55/286/186 298/590/314
f 848/575/24 849/587/24 298/590/314 299/591/315
f 847/584/24 848/575/24 299/591/315 300/592/316
f 348/582/24 847/584/24 300/592/316 56/583/310
f 347/581/24 844/584/24 847/584/24 348/582/24
f 346/581/24 841/584/24 844/584/24 347/581/24
f 850/593/7 851/594/7 854/595/7 853/596/7
f 851/594/7 852/597/7 855/597/7 854/595/7
f 853/596/7 854/595/7 857/598/7 856/599/7
f 854/595/7 855/597/7 858/600/7 857/598/7
f 65/513/74 429/601/7 850/593/7 187/515/75
f 429/601/7 428/602/7 851/594/7 850/593/7
f 428/602/7 427/597/7 852/597/7 851/594/7
f 427/597/7 71/603/7 352/604/7 852/597/7
f 852/597/7 352/604/7 353/605/7 855/597/7
f 855/597/7 353/605/7 354/603/7 858/600/7
f 858/600/7 354/603/7 54/606/317 175/607/318
f 857/598/7 858/600/7 175/607/318 176/598/319
f 856/599/7 857/598/7 176/598/319 177/608/320
f 189/515/77 856/599/7 177/608/320 26/526/78
f 188/515/76 853/596/7 856/599/7 189/515/77
f 187/515/75 850/593/7 853/596/7 188/515/76
f 859/609/7 860/610/7 863/611/7 862/612/7
f 860/610/7 861/613/7 864/614/7 863/611/7
f 862/612/7 863/611/7 866/615/7 865/612/7
f 863/611/7 864/614/7 867/614/7 866/615/7
f 71/603/7 426/616/7 859/609/7 352/604/7
f 426/616/7 425/617/7 860/610/7 859/609/7
f 425/617/7 424/613/7 861/613/7 860/610/7
f 424/613/7 72/315/7 355/316/7 861/613/7
f 861/613/7 355/316/7 356/325/7 864/614/7
f 864/614/7 356/325/7 357/323/7 867/614/7
f 867/614/7 357/323/7 53/324/229 292/618/321
f 866/615/7 867/614/7 292/618/321 293/615/322
f 865/612/7 866/615/7 293/615/322 294/619/323
f 354/603/7 865/612/7 294/619/323 54/606/317
f 353/605/7 862/612/7 865/612/7 354/603/7
f 352/604/7 859/609/7 862/612/7 353/605/7
f 868/620/324 869/621/325 872/622/326 871/623/327
f 869/621/325 870/624/328 873/625/329 872/622/326
f 871/623/327 872/622/326 875/626/330 874/627/331
f 872/622/326 873/625/329 876/628/332 875/626/330
f 81/629/219 474/630/217 868/620/324 514/631/333
f 474/630/217 473/632/216 869/621/325 868/620/324
f 473/632/216 472/633/215 870/624/328 869/621/325
f 472/633/215 27/306/214 183/561/313 870/624/328
f 870/624/328 183/561/313 182/560/312 873/625/329
f 873/625/329 182/560/312 181/579/311 876/628/332
f 876/628/332 181/579/311 56/583/310 490/634/334
f 875/626/330 876/628/332 490/634/334 491/635/335
f 874/627/331 875/626/330 491/635/335 492/636/336
f 516/637/337 874/627/331 492/636/336 87/638/338
f 515/639/339 871/623/327 874/627/331 516/637/337
f 514/631/333 868/620/324 871/623/327 515/639/339
f 877/640/340 878/641/341 881/642/342 880/643/343
f 878/641/341 879/644/344 882/645/345 881/642/342
f 880/643/343 881/642/342 884/646/346 883/647/347
f 881/642/342 882/645/345 885/648/348 884/646/346
f 87/638/338 492/636/336 877/640/340 511/649/349
f 492/636/336 491/635/335 878/641/341 877/640/340
f 491/635/335 490/634/334 879/644/344 878/641/341
f 490/634/334 56/583/310 300/592/316 879/644/344
f 879/644/344 300/592/316 299/591/315 882/645/345
f 882/645/345 299/591/315 298/590/314 885/648/348
f 885/648/348 298/590/314 55/286/186 493/285/185
f 884/646/346 885/648/348 493/285/185 494/284/184
f 883/647/347 884/646/346 494/284/184 495/282/182
f 513/650/350 883/647/347 495/282/182 88/281/181
f 512/651/351 880/643/343 883/647/347 513/650/350
f 511/649/349 877/640/340 880/643/343 512/651/351
f 886/652/7 887/653/7 890/654/7 889/655/7
f 887/653/7 888/656/7 891/657/7 890/654/7
f 889/655/7 890/654/7 893/658/7 892/659/7
f 890/654/7 891/657/7 894/660/7 893/658/7
f 17/661/103 151/662/352 886/652/7 274/663/7
f 151/662/352 152/664/353 887/653/7 886/652/7
f 152/664/353 153/665/354 888/656/7 887/653/7
f 153/665/354 21/453/300 283/455/7 888/656/7
f 888/656/7 283/455/7 284/468/7 891/657/7
f 891/657/7 284/468/7 285/466/7 894/660/7
f 894/660/7 285/466/7 51/467/7 364/666/7
f 893/658/7 894/660/7 364/666/7 365/667/7
f 892/659/7 893/658/7 365/667/7 366/668/7
f 276/669/7 892/659/7 366/668/7 47/670/7
f 275/671/7 889/655/7 892/659/7 276/669/7
f 274/663/7 886/652/7 889/655/7 275/671/7
f 895/672/7 896/673/7 899/674/7 898/675/7
f 896/673/7 897/676/7 900/677/7 899/674/7
f 898/675/7 899/674/7 902/678/7 901/679/7
f 899/674/7 900/677/7 903/680/7 902/678/7
f 47/670/7 366/668/7 895/672/7 277/681/7
f 366/668/7 365/667/7 896/673/7 895/672/7
f 365/667/7 364/666/7 897/676/7 896/673/7
f 364/666/7 51/467/7 286/478/7 897/676/7
f 897/676/7 286/478/7 287/483/7 900/677/7
f 900/677/7 287/483/7 288/482/7 903/680/7
f 903/680/7 288/482/7 52/264/7 367/263/7
f 902/678/7 903/680/7 367/263/7 368/262/7
f 901/679/7 902/678/7 368/262/7 369/261/7
f 279/682/7 901/679/7 369/261/7 48/201/7
f 278/683/7 898/675/7 901/679/7 279/682/7
f 277/681/7 895/672/7 898/675/7 278/683/7
f 904/684/24 905/685/24 908/686/24 907/687/24
f 905/685/24 906/688/24 909/689/24 908/686/24
f 907/687/24 908/686/24 911/690/24 910/691/24
f 908/686/24 909/689/24 912/692/24 911/690/24
f 19/180/134 135/251/168 904/684/24 268/693/24
f 135/251/168 134/250/167 905/685/24 904/684/24
f 134/250/167 133/249/166 906/688/24 905/685/24
f 133/249/166 23/248/23 280/493/24 906/688/24
f 906/688/24 280/493/24 281/503/24 909/689/24
f 909/689/24 281/503/24 282/501/24 912/692/24
f 912/692/24 282/501/24 49/502/309 370/694/355
f 911/690/24 912/692/24 370/694/355 371/695/356
f 910/691/24 911/690/24 371/695/356 372/696/357
f 270/697/24 910/691/24 372/696/357 45/698/358
f 269/699/24 907/687/24 910/691/24 270/697/24
f 268/693/24 904/684/24 907/687/24 269/699/24
f 913/700/7 914/701/7 917/702/7 916/703/7
f 914/701/7 915/704/7 918/705/7 917/702/7
f 916/703/7 917/702/7 920/706/7 919/707/7
f 917/702/7 918/705/7 921/708/7 920/706/7
f 9/513/108 127/709/106 913/700/7 93/514/7
f 127/709/106 128/710/105 914/701/7 913/700/7
f 128/710/105 129/711/104 915/704/7 914/701/7
f 129/711/104 17/661/103 274/663/7 915/704/7
f 915/704/7 274/663/7 275/671/7 918/705/7
f 918/705/7 275/671/7 276/669/7 921/708/7
f 921/708/7 276/669/7 47/670/7 376/712/7
f 920/706/7 921/708/7 376/712/7 377/713/7
f 919/707/7 920/706/7 377/713/7 378/714/7
f 91/517/7 919/707/7 378/714/7 38/518/7
f 92/516/7 916/703/7 919/707/7 91/517/7
f 93/514/7 913/700/7 916/703/7 92/516/7
f 922/715/7 923/716/7 926/717/7 925/718/7
f 923/716/7 924/719/7 927/720/7 926/717/7
f 925/718/7 926/717/7 929/721/7 928/722/7
f 926/717/7 927/720/7 930/723/7 929/721/7
f 38/518/7 378/714/7 922/715/7 252/536/7
f 378/714/7 377/713/7 923/716/7 922/715/7
f 377/713/7 376/712/7 924/719/7 923/716/7
f 376/712/7 47/670/7 277/681/7 924/719/7
f 924/719/7 277/681/7 278/683/7 927/720/7
f 927/720/7 278/683/7 279/682/7 930/723/7
f 930/723/7 279/682/7 48/201/7 379/200/7
f 929/721/7 930/723/7 379/200/7 380/199/7
f 928/722/7 929/721/7 380/199/7 381/197/7
f 250/538/7 928/722/7 381/197/7 37/196/7
f 251/537/7 925/718/7 928/722/7 250/538/7
f 252/536/7 922/715/7 925/718/7 251/537/7
f 931/724/24 932/725/24 935/726/24 934/727/24
f 932/725/24 933/728/24 936/729/24 935/726/24
f 934/727/24 935/726/24 938/730/24 937/731/24
f 935/726/24 936/729/24 939/732/24 938/730/24
f 15/185/139 111/183/137 931/724/24 114/551/24
f 111/183/137 110/182/136 932/725/24 931/724/24
f 110/182/136 109/181/135 933/728/24 932/725/24
f 109/181/135 19/180/134 268/693/24 933/728/24
f 933/728/24 268/693/24 269/699/24 936/729/24
f 936/729/24 269/699/24 270/697/24 939/732/24
f 939/732/24 270/697/24 45/698/358 382/733/24
f 938/730/24 939/732/24 382/733/24 383/734/24
f 937/731/24 938/730/24 383/734/24 384/735/24
f 112/553/24 937/731/24 384/735/24 42/554/24
f 113/552/24 934/727/24 937/731/24 112/553/24
f 114/551/24 931/724/24 934/727/24 113/552/24
f 940/736/24 941/737/24 944/738/24 943/739/24
f 941/737/24 942/740/24 945/741/24 944/738/24
f 943/739/24 944/738/24 947/742/24 946/743/24
f 944/738/24 945/741/24 948/744/24 947/742/24
f 42/554/24 384/735/24 940/736/24 264/571/24
f 384/735/24 383/734/24 941/737/24 940/736/24
f 383/734/24 382/733/24 942/740/24 941/737/24
f 382/733/24 45/698/358 271/745/359 942/740/24
f 942/740/24 271/745/359 272/746/360 945/741/24
f 945/741/24 272/746/360 273/747/361 948/744/24
f 948/744/24 273/747/361 46/151/110 385/150/24
f 947/742/24 948/744/24 385/150/24 386/149/24
f 946/743/24 947/742/24 386/149/24 387/147/24
f 262/573/24 946/743/24 387/147/24 41/146/24
f 263/572/24 943/739/24 946/743/24 262/573/24
f 264/571/24 940/736/24 943/739/24 263/572/24
f 949/748/24 950/749/24 953/750/24 952/751/24
f 950/749/24 951/752/24 954/753/24 953/750/24
f 952/751/24 953/750/24 956/754/24 955/755/24
f 953/750/24 954/753/24 957/756/24 956/754/24
f 35/53/23 231/51/23 949/748/24 313/494/24
f 231/51/23 230/50/23 950/749/24 949/748/24
f 230/50/23 229/49/23 951/752/24 950/749/24
f 229/49/23 16/48/22 265/757/28 951/752/24
f 951/752/24 265/757/28 266/758/28 954/753/24
f 954/753/24 266/758/28 267/759/28 957/756/24
f 957/756/24 267/759/28 43/760/362 388/761/308
f 956/754/24 957/756/24 388/761/308 389/762/308
f 955/755/24 956/754/24 389/762/308 390/763/308
f 315/496/24 955/755/24 390/763/308 61/497/308
f 314/495/24 952/751/24 955/755/24 315/496/24
f 313/494/24 949/748/24 952/751/24 314/495/24
f 958/764/7 959/765/7 962/766/7 961/767/7
f 959/765/7 960/768/7 963/769/7 962/766/7
f 961/767/7 962/766/7 965/770/7 964/771/7
f 962/766/7 963/769/7 966/772/7 965/770/7
f 33/458/58 94/773/56 958/764/7 316/459/7
f 94/773/56 95/774/55 959/765/7 958/764/7
f 95/774/55 96/775/54 960/768/7 959/765/7
f 96/775/54 10/776/53 253/777/363 960/768/7
f 960/768/7 253/777/363 254/778/364 963/769/7
f 963/769/7 254/778/364 255/779/365 966/772/7
f 966/772/7 255/779/365 39/780/366 394/781/7
f 965/770/7 966/772/7 394/781/7 395/782/7
f 964/771/7 965/770/7 395/782/7 396/783/7
f 318/461/7 964/771/7 396/783/7 63/462/7
f 317/460/7 961/767/7 964/771/7 318/461/7
f 316/459/7 958/764/7 961/767/7 317/460/7
f 967/784/7 968/785/7 971/786/7 970/787/7
f 968/785/7 969/788/7 972/789/7 971/786/7
f 970/787/7 971/786/7 974/790/7 973/791/7
f 971/786/7 972/789/7 975/792/7 974/790/7
f 63/462/7 396/783/7 967/784/7 319/479/7
f 396/783/7 395/782/7 968/785/7 967/784/7
f 395/782/7 394/781/7 969/788/7 968/785/7
f 394/781/7 39/780/366 256/793/367 969/788/7
f 969/788/7 256/793/367 257/794/368 972/789/7
f 972/789/7 257/794/368 258/795/369 975/792/7
f 975/792/7 258/795/369 40/19/8 397/18/7
f 974/790/7 975/792/7 397/18/7 398/17/7
f 973/791/7 974/790/7 398/17/7 399/15/7
f 321/481/7 973/791/7 399/15/7 64/14/7
f 320/480/7 970/787/7 973/791/7 321/481/7
f 319/479/7 967/784/7 970/787/7 320/480/7
f 976/796/7 977/797/7 980/797/7 979/541/7
f 977/797/7 978/539/7 981/798/7 980/797/7
f 979/541/7 980/797/7 983/799/7 982/800/7
f 980/797/7 981/798/7 984/801/7 983/799/7
f 60/522/7 312/541/7 976/796/7 418/802/7
f 312/541/7 311/540/7 977/797/7 976/796/7
f 311/540/7 310/539/7 978/539/7 977/797/7
f 310/539/7 59/372/7 421/803/7 978/539/7
f 978/539/7 421/803/7 422/804/7 981/798/7
f 981/798/7 422/804/7 423/324/7 984/801/7
f 984/801/7 423/324/7 72/315/7 424/613/7
f 983/799/7 984/801/7 424/613/7 425/617/7
f 982/800/7 983/799/7 425/617/7 426/616/7
f 420/605/7 982/800/7 426/616/7 71/603/7
f 419/805/7 979/541/7 982/800/7 420/605/7
f 418/802/7 976/796/7 979/541/7 419/805/7
f 985/806/7 986/807/7 989/808/7 988/593/7
f 986/807/7 987/809/7 990/810/7 989/808/7
f 988/593/7 989/808/7 992/811/7 991/596/7
f 989/808/7 990/810/7 993/600/7 992/811/7
f 29/526/275 216/525/7 985/806/7 400/515/370
f 216/525/7 215/524/7 986/807/7 985/806/7
f 215/524/7 214/523/7 987/809/7 986/807/7
f 214/523/7 60/522/7 418/802/7 987/809/7
f 987/809/7 418/802/7 419/805/7 990/810/7
f 990/810/7 419/805/7 420/605/7 993/600/7
f 993/600/7 420/605/7 71/603/7 427/597/7
f 992/811/7 993/600/7 427/597/7 428/602/7
f 991/596/7 992/811/7 428/602/7 429/601/7
f 402/515/371 991/596/7 429/601/7 65/513/74
f 401/515/372 988/593/7 991/596/7 402/515/371
f 400/515/370 985/806/7 988/593/7 401/515/372
f 994/812/24 995/813/24 998/813/24 997/812/24
f 995/813/24 996/814/24 999/574/24 998/813/24
f 997/812/24 998/813/24 1001/815/24 1000/584/24
f 998/813/24 999/574/24 1002/587/24 1001/815/24
f 58/558/24 306/576/24 994/812/24 412/581/24
f 306/576/24 305/575/24 995/813/24 994/812/24
f 305/575/24 304/574/24 996/814/24 995/813/24
f 304/574/24 57/352/24 415/816/24 996/814/24
f 996/814/24 415/816/24 416/286/24 999/574/24
f 999/574/24 416/286/24 417/333/24 1002/587/24
f 1002/587/24 417/333/24 70/286/24 430/589/24
f 1001/815/24 1002/587/24 430/589/24 431/586/24
f 1000/584/24 1001/815/24 431/586/24 432/588/24
f 414/817/24 1000/584/24 432/588/24 69/580/24
f 413/581/24 997/812/24 1000/584/24 414/817/24
f 412/581/24 994/812/24 997/812/24 413/581/24
f 1003/577/24 1004/560/24 1007/560/24 1006/818/24
f 1004/560/24 1005/578/24 1008/578/24 1007/560/24
f 1006/818/24 1007/560/24 1010/560/24 1009/561/24
f 1007/560/24 1008/578/24 1011/578/24 1010/560/24
f 31/306/255 213/561/24 1003/577/24 403/307/373
f 213/561/24 212/560/24 1004/560/24 1003/577/24
f 212/560/24 211/559/24 1005/578/24 1004/560/24
f 211/559/24 58/558/24 412/581/24 1005/578/24
f 1005/578/24 412/581/24 413/581/24 1008/578/24
f 1008/578/24 413/581/24 414/817/24 1011/578/24
f 1011/578/24 414/817/24 69/580/24 433/578/24
f 1010/560/24 1011/578/24 433/578/24 434/560/24
f 1009/561/24 1010/560/24 434/560/24 435/561/24
f 405/307/374 1009/561/24 435/561/24 66/306/210
f 404/307/375 1006/818/24 1009/561/24 405/307/374
f 403/307/373 1003/577/24 1006/818/24 404/307/375
f 1012/819/24 1013/820/24 1016/821/24 1015/326/24
f 1013/820/24 1014/822/24 1017/823/24 1016/821/24
f 1015/326/24 1016/821/24 1019/820/24 1018/326/24
f 1016/821/24 1017/823/24 1020/824/24 1019/820/24
f 57/352/24 303/326/24 1012/819/24 415/816/24
f 303/326/24 302/331/24 1013/820/24 1012/819/24
f 302/331/24 301/329/24 1014/822/24 1013/820/24
f 301/329/24 30/350/237 204/350/376 1014/822/24
f 1014/822/24 204/350/376 203/350/377 1017/823/24
f 1017/823/24 203/350/377 202/334/378 1020/824/24
f 1020/824/24 202/334/378 67/334/230 436/289/24
f 1019/820/24 1020/824/24 436/289/24 437/327/24
f 1018/326/24 1019/820/24 437/327/24 438/332/24
f 417/333/24 1018/326/24 438/332/24 70/286/24
f 416/286/24 1015/326/24 1018/326/24 417/333/24
f 415/816/24 1012/819/24 1015/326/24 416/286/24
f 1021/825/7 1022/826/7 1025/827/7 1024/828/7
f 1022/826/7 1023/368/7 1026/829/7 1025/827/7
f 1024/828/7 1025/827/7 1028/830/7 1027/828/7
f 1025/827/7 1026/829/7 1029/831/7 1028/830/7
f 59/372/7 309/370/7 1021/825/7 421/803/7
f 309/370/7 308/369/7 1022/826/7 1021/825/7
f 308/369/7 307/368/7 1023/368/7 1022/826/7
f 307/368/7 32/367/241 210/832/379 1023/368/7
f 1023/368/7 210/832/379 209/367/380 1026/829/7
f 1026/829/7 209/367/380 208/833/381 1029/831/7
f 1029/831/7 208/833/381 68/318/221 439/314/7
f 1028/830/7 1029/831/7 439/314/7 440/317/7
f 1027/828/7 1028/830/7 440/317/7 441/308/7
f 423/324/7 1027/828/7 441/308/7 72/315/7
f 422/804/7 1024/828/7 1027/828/7 423/324/7
f 421/803/7 1021/825/7 1024/828/7 422/804/7
f 1030/297/382 1031/298/383 1034/834/384 1033/297/385
f 1031/298/383 1032/300/386 1035/835/387 1034/834/384
f 1033/297/385 1034/834/384 1037/836/388 1036/297/389
f 1034/834/384 1035/835/387 1038/837/390 1037/836/388
f 83/389/260 480/387/258 1030/297/382 508/838/391
f 480/387/258 479/299/257 1031/298/383 1030/297/382
f 479/299/257 478/302/256 1032/300/386 1031/298/383
f 478/302/256 31/306/255 403/307/373 1032/300/386
f 1032/300/386 403/307/373 404/307/375 1035/835/387
f 1035/835/387 404/307/375 405/307/374 1038/837/390
f 1038/837/390 405/307/374 66/306/210 496/302/209
f 1037/836/388 1038/837/390 496/302/209 497/299/208
f 1036/297/389 1037/836/388 497/299/208 498/304/206
f 510/839/392 1036/297/389 498/304/206 89/303/205
f 509/838/393 1033/297/385 1036/297/389 510/839/392
f 508/838/391 1030/297/382 1033/297/385 509/838/393
f 1039/105/394 1040/840/395 1043/106/396 1042/105/397
f 1040/840/395 1041/113/398 1044/107/399 1043/106/396
f 1042/105/397 1043/106/396 1046/106/400 1045/105/401
f 1043/106/396 1044/107/399 1047/107/402 1046/106/400
f 84/397/280 483/396/278 1039/105/394 505/109/403
f 483/396/278 482/395/277 1040/840/395 1039/105/394
f 482/395/277 481/394/276 1041/113/398 1040/840/395
f 481/394/276 29/393/275 400/112/370 1041/113/398
f 1041/113/398 400/112/370 401/112/372 1044/107/399
f 1044/107/399 401/112/372 402/111/371 1047/107/402
f 1047/107/402 402/111/371 65/110/74 499/107/73
f 1046/106/400 1047/107/402 499/107/73 500/106/72
f 1045/105/401 1046/106/400 500/106/72 501/105/70
f 507/109/404 1045/105/401 501/105/70 90/108/69
f 506/109/405 1042/105/397 1045/105/401 507/109/404
f 505/109/403 1039/105/394 1042/105/397 506/109/405
f 1048/398/406 1049/398/407 1052/398/408 1051/398/409
f 1049/398/407 1050/398/410 1053/398/411 1052/398/408
f 1051/398/409 1052/398/408 1055/398/412 1054/398/413
f 1052/398/408 1053/398/411 1056/398/414 1055/398/412
f 77/398/99 504/398/415 1048/398/406 139/398/100
f 504/398/415 503/398/416 1049/398/407 1048/398/406
f 503/398/416 502/398/417 1050/398/410 1049/398/407
f 502/398/417 79/398/291 468/398/293 1050/398/410
f 1050/398/410 468/398/293 467/398/301 1053/398/411
f 1053/398/411 467/398/301 466/398/299 1056/398/414
f 1056/398/414 466/398/299 21/398/300 153/398/354
f 1055/398/412 1056/398/414 153/398/354 152/398/353
f 1054/398/413 1055/398/412 152/398/353 151/398/352
f 141/398/102 1054/398/413 151/398/352 17/398/103
f 140/398/101 1051/398/409 1054/398/413 141/398/102
f 139/398/100 1048/398/406 1051/398/409 140/398/101
f 1057/398/418 1058/398/419 1061/398/420 1060/398/421
f 1058/398/419 1059/398/422 1062/398/423 1061/398/420
f 1060/398/421 1061/398/420 1064/398/424 1063/398/425
f 1061/398/420 1062/398/423 1065/398/426 1064/398/424
f 20/398/111 138/398/153 1057/398/418 460/398/427
f 138/398/153 137/398/152 1058/398/419 1057/398/418
f 137/398/152 136/398/151 1059/398/422 1058/398/419
f 136/398/151 24/398/150 165/398/428 1059/398/422
f 1059/398/422 165/398/428 164/398/429 1062/398/423
f 1062/398/423 164/398/429 163/398/430 1065/398/426
f 1065/398/426 163/398/430 79/398/291 502/398/417
f 1064/398/424 1065/398/426 502/398/417 503/398/416
f 1063/398/425 1064/398/424 503/398/416 504/398/415
f 462/398/431 1063/398/425 504/398/415 77/398/99
f 461/398/432 1060/398/421 1063/398/425 462/398/431
f 460/398/427 1057/398/418 1060/398/421 461/398/432
f 1066/841/433 1067/842/434 1070/843/435 1069/844/436
f 1067/842/434 1068/845/437 1071/845/438 1070/843/435
f 1069/844/436 1070/843/435 1073/846/439 1072/847/440
f 1070/843/435 1071/845/438 1074/848/441 1073/846/439
f 30/350/237 222/849/442 1066/841/433 204/350/376
f 222/849/442 221/850/443 1067/842/434 1066/841/433
f 221/850/443 220/845/444 1068/845/437 1067/842/434
f 220/845/444 84/397/280 505/109/403 1068/845/437
f 1068/845/437 505/109/403 506/109/405 1071/845/438
f 1071/845/438 506/109/405 507/109/404 1074/848/441
f 1074/848/441 507/109/404 90/108/69 445/848/445
f 1073/846/439 1074/848/441 445/848/445 446/846/446
f 1072/847/440 1073/846/439 446/846/446 447/851/447
f 202/334/378 1072/847/440 447/851/447 67/334/230
f 203/350/377 1069/844/436 1072/847/440 202/334/378
f 204/350/376 1066/841/433 1069/844/436 203/350/377
f 1075/852/448 1076/853/449 1079/854/450 1078/855/451
f 1076/853/449 1077/856/452 1080/857/453 1079/854/450
f 1078/855/451 1079/854/450 1082/854/454 1081/858/455
f 1079/854/450 1080/857/453 1083/857/456 1082/854/454
f 32/367/241 219/859/457 1075/852/448 210/832/379
f 219/859/457 218/860/458 1076/853/449 1075/852/448
f 218/860/458 217/856/459 1077/856/452 1076/853/449
f 217/856/459 83/389/260 508/838/391 1077/856/452
f 1077/856/452 508/838/391 509/838/393 1080/857/453
f 1080/857/453 509/838/393 510/839/392 1083/857/456
f 1083/857/456 510/839/392 89/303/205 442/857/460
f 1082/854/454 1083/857/456 442/857/460 443/861/461
f 1081/858/455 1082/854/454 443/861/461 444/862/462
f 208/833/381 1081/858/455 444/862/462 68/318/221
f 209/367/380 1078/855/451 1081/858/455 208/833/381
f 210/832/379 1075/852/448 1078/855/451 209/367/380
f 1084/863/463 1085/864/464 1088/865/465 1087/866/466
f 1085/864/464 1086/867/467 1089/868/468 1088/865/465
f 1087/866/466 1088/865/465 1091/869/469 1090/870/470
f 1088/865/465 1089/868/468 1092/871/471 1091/869/469
f 53/872/229 360/873/472 1084/863/463 292/874/321
f 360/873/472 359/875/473 1085/864/464 1084/863/463
f 359/875/473 358/876/474 1086/867/467 1085/864/464
f 358/876/474 87/638/338 511/649/349 1086/867/467
f 1086/867/467 511/649/349 512/651/351 1089/868/468
f 1089/868/468 512/651/351 513/650/350 1092/871/471
f 1092/871/471 513/650/350 88/281/181 361/877/475
f 1091/869/469 1092/871/471 361/877/475 362/878/476
f 1090/870/470 1091/869/469 362/878/476 363/879/477
f 294/880/323 1090/870/470 363/879/477 54/881/317
f 293/882/322 1087/866/466 1090/870/470 294/880/323
f 292/874/321 1084/863/463 1087/866/466 293/882/322
f 1093/883/478 1094/884/479 1097/885/480 1096/886/481
f 1094/884/479 1095/887/482 1098/888/483 1097/885/480
f 1096/886/481 1097/885/480 1100/889/484 1099/890/485
f 1097/885/480 1098/888/483 1101/891/486 1100/889/484
f 25/892/225 180/893/487 1093/883/478 289/894/226
f 180/893/487 179/895/488 1094/884/479 1093/883/478
f 179/895/488 178/896/489 1095/887/482 1094/884/479
f 178/896/489 81/629/219 514/631/333 1095/887/482
f 1095/887/482 514/631/333 515/639/339 1098/888/483
f 1098/888/483 515/639/339 516/637/337 1101/891/486
f 1101/891/486 516/637/337 87/638/338 358/876/474
f 1100/889/484 1101/891/486 358/876/474 359/875/473
f 1099/890/485 1100/889/484 359/875/473 360/873/472
f 291/897/228 1099/890/485 360/873/472 53/872/229
f 290/898/227 1096/886/481 1099/890/485 291/897/228
f 289/894/226 1093/883/478 1096/886/481 290/898/227
f 1102/899/490 1103/900/490 1106/901/491 1105/902/491
f 1103/900/490 1104/903/490 1107/904/491 1106/901/491
f 1105/902/491 1106/901/491 1109/905/492 1108/906/492
f 1106/901/491 1107/904/491 1110/907/492 1109/905/492
f 22/268/13 156/443/13 1102/899/490 469/908/490
f 156/443/13 155/442/13 1103/900/490 1102/899/490
f 155/442/13 154/441/13 1104/903/490 1103/900/490
f 154/441/13 34/28/13 487/909/490 1104/903/490
f 1104/903/490 487/909/490 488/910/491 1107/904/491
f 1107/904/491 488/910/491 489/911/492 1110/907/492
f 1110/907/492 489/911/492 86/39/17 517/425/17
f 1109/905/492 1110/907/492 517/425/17 518/424/17
f 1108/906/492 1109/905/492 518/424/17 519/423/17
f 471/912/492 1108/906/492 519/423/17 80/244/17
f 470/913/491 1105/902/491 1108/906/492 471/912/492
f 469/908/490 1102/899/490 1105/902/491 470/913/491
f 1111/398/493 1112/398/494 1115/398/495 1114/398/496
f 1112/398/494 1113/398/497 1116/398/498 1115/398/495
f 1114/398/496 1115/398/495 1118/398/499 1117/398/500
f 1115/398/495 1116/398/498 1119/398/501 1118/398/499
f 24/398/150 162/398/307 1111/398/493 165/398/428
f 162/398/307 161/398/306 1112/398/494 1111/398/493
f 161/398/306 160/398/305 1113/398/497 1112/398/494
f 160/398/305 36/398/34 484/398/502 1113/398/497
f 1113/398/497 484/398/502 485/398/503 1116/398/498
f 1116/398/498 485/398/503 486/398/504 1119/398/501
f 1119/398/501 486/398/504 85/398/44 520/398/295
f 1118/398/499 1119/398/501 520/398/295 521/398/294
f 1117/398/500 1118/398/499 521/398/294 522/398/292
f 163/398/430 1117/398/500 522/398/292 79/398/291
f 164/398/429 1114/398/496 1117/398/500 163/398/430
f 165/398/428 1111/398/493 1114/398/496 164/398/429
f 1120/914/505 1121/915/506 1124/916/507 1123/917/508
f 1121/915/506 1122/918/509 1125/919/510 1124/916/507
f 1123/917/508 1124/916/507 1127/920/511 1126/921/512
f 1124/916/507 1125/919/510 1128/922/513 1127/920/511
f 13/160/115 123/923/514 1120/914/505 192/347/234
f 123/923/514 122/924/515 1121/915/506 1120/914/505
f 122/924/515 121/925/516 1122/918/509 1121/915/506
f 121/925/516 75/108/94 523/109/271 1122/918/509
f 1122/918/509 523/109/271 524/109/281 1125/919/510
f 1125/919/510 524/109/281 525/109/279 1128/922/513
f 1128/922/513 525/109/279 84/397/280 220/845/444
f 1127/920/511 1128/922/513 220/845/444 221/850/443
f 1126/921/512 1127/920/511 221/850/443 222/849/442
f 190/349/236 1126/921/512 222/849/442 30/350/237
f 191/348/235 1123/917/508 1126/921/512 190/349/236
f 192/347/234 1120/914/505 1123/917/508 191/348/235
f 1129/926/517 1130/927/518 1133/928/519 1132/929/520
f 1130/927/518 1131/930/521 1134/931/522 1133/928/519
f 1132/929/520 1133/928/519 1136/932/523 1135/933/524
f 1133/928/519 1134/931/522 1137/934/525 1136/932/523
f 11/210/145 105/935/526 1129/926/517 198/364/238
f 105/935/526 104/936/527 1130/927/518 1129/926/517
f 104/936/527 103/937/528 1131/930/521 1130/927/518
f 103/937/528 73/171/125 526/383/251 1131/930/521
f 1131/930/521 526/383/251 527/390/261 1134/931/522
f 1134/931/522 527/390/261 528/388/259 1137/934/525
f 1137/934/525 528/388/259 83/389/260 217/856/459
f 1136/932/523 1137/934/525 217/856/459 218/860/458
f 1135/933/524 1136/932/523 218/860/458 219/859/457
f 196/366/240 1135/933/524 219/859/457 32/367/241
f 197/365/239 1132/929/520 1135/933/524 196/366/240
f 198/364/238 1129/926/517 1132/929/520 197/365/239
f 1138/938/529 1139/861/530 1142/861/531 1141/855/532
f 1139/861/530 1140/857/533 1143/857/534 1142/861/531
f 1141/855/532 1142/861/531 1145/861/535 1144/855/536
f 1142/861/531 1143/857/534 1146/857/537 1145/861/535
f 68/318/221 444/862/462 1138/938/529 411/318/222
f 444/862/462 443/861/461 1139/861/530 1138/938/529
f 443/861/461 442/857/460 1140/857/533 1139/861/530
f 442/857/460 89/303/205 529/305/207 1140/857/533
f 1140/857/533 529/305/207 530/305/220 1143/857/534
f 1143/857/534 530/305/220 531/305/218 1146/857/537
f 1146/857/537 531/305/218 81/303/219 178/857/489
f 1145/861/535 1146/857/537 178/857/489 179/939/488
f 1144/855/536 1145/861/535 179/939/488 180/855/487
f 409/320/224 1144/855/536 180/855/487 25/321/225
f 410/319/223 1141/855/532 1144/855/536 409/320/224
f 411/318/222 1138/938/529 1141/855/532 410/319/223
f 1147/940/538 1148/941/539 1151/942/540 1150/943/541
f 1148/941/539 1149/944/542 1152/945/543 1151/942/540
f 1150/943/541 1151/942/540 1154/946/544 1153/947/545
f 1151/942/540 1152/945/543 1155/948/546 1154/946/544
f 54/881/317 363/879/477 1147/940/538 175/949/318
f 363/879/477 362/878/476 1148/941/539 1147/940/538
f 362/878/476 361/877/475 1149/944/542 1148/941/539
f 361/877/475 88/281/181 532/283/183 1149/944/542
f 1149/944/542 532/283/183 533/296/195 1152/945/543
f 1152/945/543 533/296/195 534/294/194 1155/948/546
f 1155/948/546 534/294/194 82/295/83 477/950/81
f 1154/946/544 1155/948/546 477/950/81 476/951/80
f 1153/947/545 1154/946/544 476/951/80 475/952/79
f 177/953/320 1153/947/545 475/952/79 26/954/78
f 176/955/319 1150/943/541 1153/947/545 177/953/320
f 175/949/318 1147/940/538 1150/943/541 176/955/319
f 1156/956/547 1157/957/548 1160/958/549 1159/959/550
f 1157/957/548 1158/960/551 1161/961/552 1160/958/549
f 1159/959/550 1160/958/549 1163/962/553 1162/963/554
f 1160/958/549 1161/961/552 1164/964/555 1163/962/553
f 18/205/141 132/271/171 1156/956/547 463/965/556
f 132/271/171 131/270/170 1157/957/548 1156/956/547
f 131/270/170 130/269/169 1158/960/551 1157/957/548
f 130/269/169 22/268/13 469/908/490 1158/960/551
f 1158/960/551 469/908/490 470/913/491 1161/961/552
f 1161/961/552 470/913/491 471/912/492 1164/964/555
f 1164/964/555 471/912/492 80/244/17 535/243/165
f 1163/962/553 1164/964/555 535/243/165 536/242/164
f 1162/963/554 1163/962/553 536/242/164 537/241/163
f 465/966/557 1162/963/554 537/241/163 78/176/130
f 464/967/558 1159/959/550 1162/963/554 465/966/557
f 463/965/556 1156/956/547 1159/959/550 464/967/558
f 1165/968/559 1166/969/560 1169/970/561 1168/971/562
f 1166/969/560 1167/972/563 1170/973/564 1169/970/561
f 1168/971/562 1169/970/561 1172/974/565 1171/975/566
f 1169/970/561 1170/973/564 1173/976/567 1172/974/565
f 11/210/145 102/208/144 1165/968/559 105/935/526
f 102/208/144 101/207/143 1166/969/560 1165/968/559
f 101/207/143 100/206/142 1167/972/563 1166/969/560
f 100/206/142 18/205/141 463/965/556 1167/972/563
f 1167/972/563 463/965/556 464/967/558 1170/973/564
f 1170/973/564 464/967/558 465/966/557 1173/976/567
f 1173/976/567 465/966/557 78/176/130 538/175/129
f 1172/974/565 1173/976/567 538/175/129 539/174/128
f 1171/975/566 1172/974/565 539/174/128 540/172/126
f 103/937/528 1171/975/566 540/172/126 73/171/125
f 104/936/527 1168/971/562 1171/975/566 103/937/528
f 105/935/526 1165/968/559 1168/971/562 104/936/527
f 1174/977/568 1175/978/569 1178/979/570 1177/980/571
f 1175/978/569 1176/981/572 1179/982/573 1178/979/570
f 1177/980/571 1178/979/570 1181/983/574 1180/984/575
f 1178/979/570 1179/982/573 1182/985/576 1181/983/574
f 13/160/115 120/158/114 1174/977/568 123/923/514
f 120/158/114 119/157/113 1175/978/569 1174/977/568
f 119/157/113 118/156/112 1176/981/572 1175/978/569
f 118/156/112 20/155/111 460/986/427 1176/981/572
f 1176/981/572 460/986/427 461/987/432 1179/982/573
f 1179/982/573 461/987/432 462/988/431 1182/985/576
f 1182/985/576 462/988/431 77/129/99 541/128/98
f 1181/983/574 1182/985/576 541/128/98 542/127/97
f 1180/984/575 1181/983/574 542/127/97 543/126/95
f 121/925/516 1180/984/575 543/126/95 75/108/94
f 122/924/515 1177/980/571 1180/984/575 121/925/516
f 123/923/514 1174/977/568 1177/980/571 122/924/515
f 1183/989/577 1184/846/578 1187/846/579 1186/990/580
f 1184/846/578 1185/845/581 1188/845/582 1187/846/579
f 1186/990/580 1187/846/579 1190/846/583 1189/990/584
f 1187/846/579 1188/845/582 1191/848/585 1190/846/583
f 67/334/230 447/851/447 1183/989/577 408/334/231
f 447/851/447 446/846/446 1184/846/578 1183/989/577
f 446/846/446 445/848/445 1185/845/581 1184/846/578
f 445/848/445 90/108/69 544/109/71 1185/845/581
f 1185/845/581 544/109/71 545/109/84 1188/845/582
f 1188/845/582 545/109/84 546/109/82 1191/848/585
f 1191/848/585 546/109/82 82/116/83 184/848/193
f 1190/846/583 1191/848/585 184/848/193 185/991/192
f 1189/990/584 1190/846/583 185/991/192 186/990/191
f 406/335/233 1189/990/584 186/990/191 28/290/190
f 407/335/232 1186/990/580 1189/990/584 406/335/233
f 408/334/231 1183/989/577 1186/990/580 407/335/232
f 1192/992/586 1193/993/587 1196/994/588 1195/995/589
f 1193/993/587 1194/996/590 1197/997/591 1196/994/588
f 1195/995/589 1196/994/588 1199/998/592 1198/999/593
f 1196/994/588 1197/997/591 1200/1000/594 1199/998/592
f 36/78/34 234/76/33 1192/992/586 484/1001/502
f 234/76/33 233/75/32 1193/993/587 1192/992/586
f 233/75/32 232/74/31 1194/996/590 1193/993/587
f 232/74/31 14/73/30 457/1002/595 1194/996/590
f 1194/996/590 457/1002/595 458/1003/596 1197/997/591
f 1197/997/591 458/1003/596 459/1004/597 1200/1000/594
f 1200/1000/594 459/1004/597 76/94/49 547/93/48
f 1199/998/592 1200/1000/594 547/93/48 548/92/47
f 1198/999/593 1199/998/592 548/92/47 549/90/45
f 486/1005/504 1198/999/593 549/90/45 85/89/44
f 485/1006/503 1195/995/589 1198/999/593 486/1005/504
f 484/1001/502 1192/992/586 1195/995/589 485/1006/503
f 1201/1007/490 1202/1008/490 1205/1009/491 1204/1010/491
f 1202/1008/490 1203/1011/490 1206/1012/491 1205/1009/491
f 1204/1010/491 1205/1009/491 1208/1013/492 1207/1014/492
f 1205/1009/491 1206/1012/491 1209/1015/492 1208/1013/492
f 34/28/13 228/26/13 1201/1007/490 487/909/490
f 228/26/13 227/25/13 1202/1008/490 1201/1007/490
f 227/25/13 226/24/13 1203/1011/490 1202/1008/490
f 226/24/13 12/23/12 451/1016/598 1203/1011/490
f 1203/1011/490 451/1016/598 452/1017/599 1206/1012/491
f 1206/1012/491 452/1017/599 453/1018/600 1209/1015/492
f 1209/1015/492 453/1018/600 74/44/18 550/43/17
f 1208/1013/492 1209/1015/492 550/43/17 551/42/17
f 1207/1014/492 1208/1013/492 551/42/17 552/40/17
f 489/911/492 1207/1014/492 552/40/17 86/39/17
f 488/910/491 1204/1010/491 1207/1014/492 489/911/492
f 487/909/490 1201/1007/490 1204/1010/491 488/910/491
f 1754/5/24 1757/8/24 1758/7/24 1755/6/24
f 1755/6/24 1758/7/24 1759/10/24 1756/9/24
f 1757/8/24 1760/12/601 1761/11/601 1758/7/24
f 1758/7/24 1761/11/601 1762/13/602 1759/10/24
f 1265/14/24 1445/16/24 1754/5/24 1600/15/24
f 1600/15/24 1754/5/24 1755/6/24 1599/17/24
f 1599/17/24 1755/6/24 1756/9/24 1598/18/24
f 1598/18/24 1756/9/24 1298/20/603 1241/19/604
f 1756/9/24 1759/10/24 1299/21/605 1298/20/603
f 1759/10/24 1762/13/602 1300/22/606 1299/21/605
f 1762/13/602 1427/24/607 1213/23/608 1300/22/606
f 1761/11/601 1428/25/609 1427/24/607 1762/13/602
f 1760/12/601 1429/26/609 1428/25/609 1761/11/601
f 1447/27/601 1235/28/609 1429/26/609 1760/12/601
f 1446/29/24 1447/27/601 1760/12/601 1757/8/24
f 1445/16/24 1446/29/24 1757/8/24 1754/5/24
f 1763/30/610 1766/33/611 1767/32/611 1764/31/610
f 1764/31/610 1767/32/611 1768/35/612 1765/34/613
f 1766/33/611 1769/37/614 1770/36/614 1767/32/611
f 1767/32/611 1770/36/614 1771/38/615 1768/35/612
f 1287/39/616 1442/41/610 1763/30/610 1753/40/616
f 1753/40/616 1763/30/610 1764/31/610 1752/42/616
f 1752/42/616 1764/31/610 1765/34/613 1751/43/617
f 1751/43/617 1765/34/613 1307/45/618 1275/44/619
f 1765/34/613 1768/35/612 1308/46/620 1307/45/618
f 1768/35/612 1771/38/615 1309/47/621 1308/46/620
f 1771/38/615 1430/49/622 1217/48/623 1309/47/621
f 1770/36/614 1431/50/624 1430/49/622 1771/38/615
f 1769/37/614 1432/51/624 1431/50/624 1770/36/614
f 1444/52/614 1236/53/624 1432/51/624 1769/37/614
f 1443/54/611 1444/52/614 1769/37/614 1766/33/611
f 1442/41/610 1443/54/611 1766/33/611 1763/30/610
f 1772/55/7 1775/58/7 1776/57/7 1773/56/7
f 1773/56/7 1776/57/7 1777/60/7 1774/59/7
f 1775/58/7 1778/62/625 1779/61/626 1776/57/7
f 1776/57/7 1779/61/626 1780/63/627 1777/60/7
f 1263/64/628 1439/66/7 1772/55/7 1594/65/629
f 1594/65/629 1772/55/7 1773/56/7 1593/67/629
f 1593/67/629 1773/56/7 1774/59/7 1592/68/629
f 1592/68/629 1774/59/7 1316/70/630 1245/69/631
f 1774/59/7 1777/60/7 1317/71/630 1316/70/630
f 1777/60/7 1780/63/627 1318/72/632 1317/71/630
f 1780/63/627 1433/74/633 1215/73/634 1318/72/632
f 1779/61/626 1434/75/635 1433/74/633 1780/63/627
f 1778/62/625 1435/76/636 1434/75/635 1779/61/626
f 1441/77/637 1237/78/638 1435/76/636 1778/62/625
f 1440/79/7 1441/77/637 1778/62/625 1775/58/7
f 1439/66/7 1440/79/7 1775/58/7 1772/55/7
f 1781/80/639 1784/83/640 1785/82/641 1782/81/642
f 1782/81/642 1785/82/641 1786/85/643 1783/84/644
f 1784/83/640 1787/87/645 1788/86/646 1785/82/641
f 1785/82/641 1788/86/646 1789/88/647 1786/85/643
f 1286/89/648 1436/91/649 1781/80/639 1750/90/650
f 1750/90/650 1781/80/639 1782/81/642 1749/92/651
f 1749/92/651 1782/81/642 1783/84/644 1748/93/652
f 1748/93/652 1783/84/644 1325/95/653 1277/94/654
f 1783/84/644 1786/85/643 1326/96/655 1325/95/653
f 1786/85/643 1789/88/647 1327/97/656 1326/96/655
f 1789/88/647 1297/99/657 1211/98/658 1327/97/656
f 1788/86/646 1296/100/659 1297/99/657 1789/88/647
f 1787/87/645 1295/101/660 1296/100/659 1788/86/646
f 1438/102/661 1234/103/662 1295/101/660 1787/87/645
f 1437/104/663 1438/102/661 1787/87/645 1784/83/640
f 1436/91/649 1437/104/663 1784/83/640 1781/80/639
f 1790/105/664 1793/105/665 1794/106/666 1791/106/667
f 1791/106/667 1794/106/666 1795/107/668 1792/107/669
f 1793/105/665 1796/105/670 1797/106/671 1794/106/666
f 1794/106/666 1797/106/671 1798/107/672 1795/107/668
f 1291/108/673 1745/109/674 1790/105/664 1702/105/675
f 1702/105/675 1790/105/664 1791/106/667 1701/106/676
f 1701/106/676 1791/106/667 1792/107/669 1700/107/677
f 1700/107/677 1792/107/669 1388/111/678 1266/110/679
f 1792/107/669 1795/107/668 1389/111/680 1388/111/678
f 1795/107/668 1798/107/672 1390/111/681 1389/111/680
f 1798/107/672 1676/113/682 1227/112/683 1390/111/681
f 1797/106/671 1677/114/684 1676/113/682 1798/107/672
f 1796/105/670 1678/115/685 1677/114/684 1797/106/671
f 1747/109/686 1283/116/687 1678/115/685 1796/105/670
f 1746/109/688 1747/109/686 1796/105/670 1793/105/665
f 1745/109/674 1746/109/688 1793/105/665 1790/105/664
f 1799/117/689 1802/120/690 1803/119/691 1800/118/692
f 1800/118/692 1803/119/691 1804/122/693 1801/121/694
f 1802/120/690 1805/124/695 1806/123/696 1803/119/691
f 1803/119/691 1806/123/696 1807/125/697 1804/122/693
f 1276/108/698 1657/115/699 1799/117/689 1744/126/700
f 1744/126/700 1799/117/689 1800/118/692 1743/127/701
f 1743/127/701 1800/118/692 1801/121/694 1742/128/702
f 1742/128/702 1801/121/694 1340/130/703 1278/129/704
f 1801/121/694 1804/122/693 1341/131/705 1340/130/703
f 1804/122/693 1807/125/697 1342/132/706 1341/131/705
f 1807/125/697 1330/134/707 1218/133/708 1342/132/706
f 1806/123/696 1329/135/709 1330/134/707 1807/125/697
f 1805/124/695 1328/136/710 1329/135/709 1806/123/696
f 1655/113/711 1210/112/712 1328/136/710 1805/124/695
f 1656/114/713 1655/113/711 1805/124/695 1802/120/690
f 1657/115/699 1656/114/713 1802/120/690 1799/117/689
f 1808/137/7 1811/140/7 1812/139/7 1809/138/7
f 1809/138/7 1812/139/7 1813/142/7 1810/141/7
f 1811/140/7 1814/144/714 1815/143/715 1812/139/7
f 1812/139/7 1815/143/715 1816/145/716 1813/142/7
f 1242/146/7 1462/148/7 1808/137/7 1588/147/7
f 1588/147/7 1808/137/7 1809/138/7 1587/149/7
f 1587/149/7 1809/138/7 1810/141/7 1586/150/7
f 1586/150/7 1810/141/7 1343/152/7 1247/151/717
f 1810/141/7 1813/142/7 1344/153/7 1343/152/7
f 1813/142/7 1816/145/716 1345/154/718 1344/153/7
f 1816/145/716 1319/156/719 1221/155/720 1345/154/718
f 1815/143/715 1320/157/721 1319/156/719 1816/145/716
f 1814/144/714 1321/158/722 1320/157/721 1815/143/715
f 1460/159/723 1214/160/724 1321/158/722 1814/144/714
f 1461/161/7 1460/159/723 1814/144/714 1811/140/7
f 1462/148/7 1461/161/7 1811/140/7 1808/137/7
f 1817/162/725 1820/165/726 1821/164/727 1818/163/728
f 1818/163/728 1821/164/727 1822/167/729 1819/166/730
f 1820/165/726 1823/169/731 1824/168/732 1821/164/727
f 1821/164/727 1824/168/732 1825/170/733 1822/167/729
f 1274/171/734 1651/173/735 1817/162/725 1741/172/736
f 1741/172/736 1817/162/725 1818/163/728 1740/174/737
f 1740/174/737 1818/163/728 1819/166/730 1739/175/738
f 1739/175/738 1819/166/730 1346/177/739 1279/176/740
f 1819/166/730 1822/167/729 1347/178/741 1346/177/739
f 1822/167/729 1825/170/733 1348/179/742 1347/178/741
f 1825/170/733 1310/181/743 1220/180/744 1348/179/742
f 1824/168/732 1311/182/745 1310/181/743 1825/170/733
f 1823/169/731 1312/183/746 1311/182/745 1824/168/732
f 1649/184/747 1216/185/748 1312/183/746 1823/169/731
f 1650/186/749 1649/184/747 1823/169/731 1820/165/726
f 1651/173/735 1650/186/749 1820/165/726 1817/162/725
f 1826/187/24 1829/190/24 1830/189/24 1827/188/24
f 1827/188/24 1830/189/24 1831/192/24 1828/191/24
f 1829/190/24 1832/194/750 1833/193/751 1830/189/24
f 1830/189/24 1833/193/751 1834/195/752 1831/192/24
f 1238/196/24 1450/198/24 1826/187/24 1582/197/24
f 1582/197/24 1826/187/24 1827/188/24 1581/199/24
f 1581/199/24 1827/188/24 1828/191/24 1580/200/24
f 1580/200/24 1828/191/24 1349/202/24 1249/201/24
f 1828/191/24 1831/192/24 1350/203/24 1349/202/24
f 1831/192/24 1834/195/752 1351/204/753 1350/203/24
f 1834/195/752 1301/206/754 1219/205/755 1351/204/753
f 1833/193/751 1302/207/756 1301/206/754 1834/195/752
f 1832/194/750 1303/208/757 1302/207/756 1833/193/751
f 1448/209/758 1212/210/759 1303/208/757 1832/194/750
f 1449/211/24 1448/209/758 1832/194/750 1829/190/24
f 1450/198/24 1449/211/24 1829/190/24 1826/187/24
f 1835/212/7 1838/215/7 1839/214/7 1836/213/7
f 1836/213/7 1839/214/7 1840/217/7 1837/216/7
f 1838/215/7 1841/219/760 1842/218/761 1839/214/7
f 1839/214/7 1842/218/761 1843/220/762 1840/217/7
f 1247/151/717 1343/152/7 1835/212/7 1576/221/763
f 1576/221/763 1835/212/7 1836/213/7 1575/222/764
f 1575/222/764 1836/213/7 1837/216/7 1574/223/765
f 1574/223/765 1837/216/7 1367/225/7 1251/224/766
f 1837/216/7 1840/217/7 1368/226/7 1367/225/7
f 1840/217/7 1843/220/762 1369/227/767 1368/226/7
f 1843/220/762 1337/229/768 1225/228/769 1369/227/767
f 1842/218/761 1338/230/770 1337/229/768 1843/220/762
f 1841/219/760 1339/231/771 1338/230/770 1842/218/761
f 1345/154/718 1221/155/720 1339/231/771 1841/219/760
f 1344/153/7 1345/154/718 1841/219/760 1838/215/7
f 1343/152/7 1344/153/7 1838/215/7 1835/212/7
f 1844/232/772 1847/235/773 1848/234/774 1845/233/775
f 1845/233/775 1848/234/774 1849/237/776 1846/236/777
f 1847/235/773 1850/239/778 1851/238/779 1848/234/774
f 1848/234/774 1851/238/779 1852/240/780 1849/237/776
f 1279/176/740 1346/177/739 1844/232/772 1738/241/781
f 1738/241/781 1844/232/772 1845/233/775 1737/242/782
f 1737/242/782 1845/233/775 1846/236/777 1736/243/783
f 1736/243/783 1846/236/777 1370/245/610 1281/244/616
f 1846/236/777 1849/237/776 1371/246/611 1370/245/610
f 1849/237/776 1852/240/780 1372/247/614 1371/246/611
f 1852/240/780 1334/249/784 1224/248/624 1372/247/614
f 1851/238/779 1335/250/785 1334/249/784 1852/240/780
f 1850/239/778 1336/251/786 1335/250/785 1851/238/779
f 1348/179/742 1220/180/744 1336/251/786 1850/239/778
f 1347/178/741 1348/179/742 1850/239/778 1847/235/773
f 1346/177/739 1347/178/741 1847/235/773 1844/232/772
f 1853/252/24 1856/255/24 1857/254/24 1854/253/24
f 1854/253/24 1857/254/24 1858/257/24 1855/256/24
f 1856/255/24 1859/259/787 1860/258/788 1857/254/24
f 1857/254/24 1860/258/788 1861/260/601 1858/257/24
f 1249/201/24 1349/202/24 1853/252/24 1570/261/24
f 1570/261/24 1853/252/24 1854/253/24 1569/262/24
f 1569/262/24 1854/253/24 1855/256/24 1568/263/24
f 1568/263/24 1855/256/24 1373/265/24 1253/264/24
f 1855/256/24 1858/257/24 1374/266/24 1373/265/24
f 1858/257/24 1861/260/601 1375/267/601 1374/266/24
f 1861/260/601 1331/269/789 1223/268/790 1375/267/601
f 1860/258/788 1332/270/791 1331/269/789 1861/260/601
f 1859/259/787 1333/271/792 1332/270/791 1860/258/788
f 1351/204/753 1219/205/755 1333/271/792 1859/259/787
f 1350/203/24 1351/204/753 1859/259/787 1856/255/24
f 1349/202/24 1350/203/24 1856/255/24 1853/252/24
f 1862/272/793 1865/275/794 1866/274/795 1863/273/796
f 1863/273/796 1866/274/795 1867/277/797 1864/276/798
f 1865/275/794 1868/279/799 1869/278/800 1866/274/795
f 1866/274/795 1869/278/800 1870/280/801 1867/277/797
f 1289/281/802 1733/283/803 1862/272/793 1696/282/804
f 1696/282/804 1862/272/793 1863/273/796 1695/284/805
f 1695/284/805 1863/273/796 1864/276/798 1694/285/806
f 1694/285/806 1864/276/798 1498/287/807 1256/286/808
f 1864/276/798 1867/277/797 1497/288/809 1498/287/807
f 1867/277/797 1870/280/801 1496/289/810 1497/288/809
f 1870/280/801 1387/291/811 1229/290/812 1496/289/810
f 1869/278/800 1386/292/813 1387/291/811 1870/280/801
f 1868/279/799 1385/293/814 1386/292/813 1869/278/800
f 1735/294/815 1283/295/687 1385/293/814 1868/279/799
f 1734/296/816 1735/294/815 1868/279/799 1865/275/794
f 1733/283/803 1734/296/816 1865/275/794 1862/272/793
f 1871/297/817 1874/297/818 1875/299/819 1872/298/820
f 1872/298/820 1875/299/819 1876/301/821 1873/300/822
f 1874/297/818 1877/297/823 1878/299/824 1875/299/819
f 1875/299/819 1878/299/824 1879/302/825 1876/301/821
f 1290/303/826 1730/305/827 1871/297/817 1699/304/828
f 1699/304/828 1871/297/817 1872/298/820 1698/299/829
f 1698/299/829 1872/298/820 1873/300/822 1697/302/830
f 1697/302/830 1873/300/822 1394/307/831 1267/306/832
f 1873/300/822 1876/301/821 1395/307/833 1394/307/831
f 1876/301/821 1879/302/825 1396/307/834 1395/307/833
f 1879/302/825 1673/301/835 1228/306/836 1396/307/834
f 1878/299/824 1674/299/837 1673/301/835 1879/302/825
f 1877/297/823 1675/304/838 1674/299/837 1878/299/824
f 1732/305/839 1282/303/840 1675/304/838 1877/297/823
f 1731/305/841 1732/305/839 1877/297/823 1874/297/818
f 1730/305/827 1731/305/841 1874/297/818 1871/297/817
f 1880/308/24 1883/308/24 1884/310/24 1881/309/24
f 1881/309/24 1884/310/24 1885/312/842 1882/311/843
f 1883/308/24 1886/313/844 1887/310/845 1884/310/24
f 1884/310/24 1887/310/845 1888/314/846 1885/312/842
f 1273/315/24 1556/316/24 1880/308/24 1642/308/24
f 1642/308/24 1880/308/24 1881/309/24 1641/317/24
f 1641/317/24 1881/309/24 1882/311/843 1640/314/847
f 1640/314/847 1882/311/843 1612/318/848 1269/318/849
f 1882/311/843 1885/312/842 1611/319/850 1612/318/848
f 1885/312/842 1888/314/846 1610/320/851 1611/319/850
f 1888/314/846 1490/314/852 1226/321/853 1610/320/851
f 1887/310/845 1491/310/854 1490/314/852 1888/314/846
f 1886/313/844 1492/322/855 1491/310/854 1887/310/845
f 1558/323/856 1254/324/857 1492/322/855 1886/313/844
f 1557/325/24 1558/323/856 1886/313/844 1883/308/24
f 1556/316/24 1557/325/24 1883/308/24 1880/308/24
f 1889/326/7 1892/328/7 1893/327/7 1890/288/7
f 1890/288/7 1893/327/7 1894/330/858 1891/329/859
f 1892/328/7 1895/326/860 1896/331/861 1893/327/7
f 1893/327/7 1896/331/861 1897/289/862 1894/330/858
f 1271/286/7 1550/333/7 1889/326/7 1639/332/7
f 1639/332/7 1889/326/7 1890/288/7 1638/327/7
f 1638/327/7 1890/288/7 1891/329/859 1637/289/863
f 1637/289/863 1891/329/859 1609/334/864 1268/334/865
f 1891/329/859 1894/330/858 1608/335/866 1609/334/864
f 1894/330/858 1897/289/862 1607/335/867 1608/335/866
f 1897/289/862 1496/289/810 1229/290/812 1607/335/867
f 1896/331/861 1497/288/809 1496/289/810 1897/289/862
f 1895/326/860 1498/287/807 1497/288/809 1896/331/861
f 1552/336/868 1256/286/808 1498/287/807 1895/326/860
f 1551/286/7 1552/336/868 1895/326/860 1892/328/7
f 1550/333/7 1551/286/7 1892/328/7 1889/326/7
f 1898/337/7 1901/340/7 1902/339/7 1899/338/7
f 1899/338/7 1902/339/7 1903/342/869 1900/341/870
f 1901/340/7 1904/344/7 1905/343/7 1902/339/7
f 1902/339/7 1905/343/7 1906/345/871 1903/342/869
f 1242/146/7 1544/346/7 1898/337/7 1462/148/7
f 1462/148/7 1898/337/7 1899/338/7 1461/161/7
f 1461/161/7 1899/338/7 1900/341/870 1460/159/723
f 1460/159/723 1900/341/870 1393/347/872 1214/160/724
f 1900/341/870 1903/342/869 1392/348/873 1393/347/872
f 1903/342/869 1906/345/871 1391/349/874 1392/348/873
f 1906/345/871 1502/329/875 1231/350/876 1391/349/874
f 1905/343/7 1503/331/7 1502/329/875 1906/345/871
f 1904/344/7 1504/326/7 1503/331/7 1905/343/7
f 1546/351/7 1258/352/7 1504/326/7 1904/344/7
f 1545/353/7 1546/351/7 1904/344/7 1901/340/7
f 1544/346/7 1545/353/7 1901/340/7 1898/337/7
f 1907/354/24 1910/357/24 1911/356/24 1908/355/24
f 1908/355/24 1911/356/24 1912/359/877 1909/358/878
f 1910/357/24 1913/361/24 1914/360/24 1911/356/24
f 1911/356/24 1914/360/24 1915/362/879 1912/359/877
f 1238/196/24 1538/363/24 1907/354/24 1450/198/24
f 1450/198/24 1907/354/24 1908/355/24 1449/211/24
f 1449/211/24 1908/355/24 1909/358/878 1448/209/758
f 1448/209/758 1909/358/878 1399/364/880 1212/210/759
f 1909/358/878 1912/359/877 1398/365/881 1399/364/880
f 1912/359/877 1915/362/879 1397/366/882 1398/365/881
f 1915/362/879 1508/368/883 1233/367/884 1397/366/882
f 1914/360/24 1509/369/24 1508/368/883 1915/362/879
f 1913/361/24 1510/370/24 1509/369/24 1914/360/24
f 1540/371/24 1260/372/24 1510/370/24 1913/361/24
f 1539/373/24 1540/371/24 1913/361/24 1910/357/24
f 1538/363/24 1539/373/24 1910/357/24 1907/354/24
f 1916/374/885 1919/377/886 1920/376/887 1917/375/888
f 1917/375/888 1920/376/887 1921/379/889 1918/378/890
f 1919/377/886 1922/381/891 1923/380/892 1920/376/887
f 1920/376/887 1923/380/892 1924/382/893 1921/379/889
f 1274/171/734 1727/383/894 1916/374/885 1651/173/735
f 1651/173/735 1916/374/885 1917/375/888 1650/186/749
f 1650/186/749 1917/375/888 1918/378/890 1649/184/747
f 1649/184/747 1918/378/890 1406/384/895 1216/185/748
f 1918/378/890 1921/379/889 1407/385/896 1406/384/895
f 1921/379/889 1924/382/893 1408/386/897 1407/385/896
f 1924/382/893 1679/302/898 1232/306/899 1408/386/897
f 1923/380/892 1680/299/900 1679/302/898 1924/382/893
f 1922/381/891 1681/387/901 1680/299/900 1923/380/892
f 1729/388/902 1284/389/903 1681/387/901 1922/381/891
f 1728/390/904 1729/388/902 1922/381/891 1919/377/886
f 1727/383/894 1728/390/904 1919/377/886 1916/374/885
f 1925/105/905 1928/105/906 1929/114/907 1926/106/908
f 1926/106/908 1929/114/907 1930/391/909 1927/107/910
f 1928/105/906 1931/105/911 1932/392/912 1929/114/907
f 1929/114/907 1932/392/912 1933/391/913 1930/391/909
f 1276/108/698 1724/109/914 1925/105/905 1657/115/699
f 1657/115/699 1925/105/905 1926/106/908 1656/114/713
f 1656/114/713 1926/106/908 1927/107/910 1655/113/711
f 1655/113/711 1927/107/910 1400/111/915 1210/112/712
f 1927/107/910 1930/391/909 1401/112/916 1400/111/915
f 1930/391/909 1933/391/913 1402/112/917 1401/112/916
f 1933/391/913 1682/394/918 1230/393/919 1402/112/917
f 1932/392/912 1683/395/920 1682/394/918 1933/391/913
f 1931/105/911 1684/396/921 1683/395/920 1932/392/912
f 1726/109/922 1285/397/923 1684/396/921 1931/105/911
f 1725/109/924 1726/109/922 1931/105/911 1928/105/906
f 1724/109/914 1725/109/924 1928/105/906 1925/105/905
f 1934/398/925 1937/398/926 1938/398/927 1935/398/928
f 1935/398/928 1938/398/927 1939/398/929 1936/398/930
f 1937/398/926 1940/398/931 1941/398/932 1938/398/927
f 1938/398/927 1941/398/932 1942/398/933 1939/398/929
f 1280/398/934 1669/398/935 1934/398/925 1723/398/936
f 1723/398/936 1934/398/925 1935/398/928 1722/398/937
f 1722/398/937 1935/398/928 1936/398/930 1721/398/938
f 1721/398/938 1936/398/930 1436/398/649 1286/398/648
f 1936/398/930 1939/398/929 1437/398/663 1436/398/649
f 1939/398/929 1942/398/933 1438/398/661 1437/398/663
f 1942/398/933 1426/398/939 1234/398/662 1438/398/661
f 1941/398/932 1425/398/940 1426/398/939 1942/398/933
f 1940/398/931 1424/398/941 1425/398/940 1941/398/932
f 1667/398/942 1222/398/943 1424/398/941 1940/398/931
f 1668/398/944 1667/398/942 1940/398/931 1937/398/926
f 1669/398/935 1668/398/944 1937/398/926 1934/398/925
f 1943/399/7 1946/402/7 1947/401/7 1944/400/7
f 1944/400/7 1947/401/7 1948/404/7 1945/403/7
f 1946/402/7 1949/406/945 1950/405/946 1947/401/7
f 1947/401/7 1950/405/946 1951/407/947 1948/404/7
f 1251/224/766 1367/225/7 1943/399/7 1534/408/948
f 1534/408/948 1943/399/7 1944/400/7 1533/409/949
f 1533/409/949 1944/400/7 1945/403/7 1532/410/950
f 1532/410/950 1945/403/7 1439/66/7 1263/64/628
f 1945/403/7 1948/404/7 1440/79/7 1439/66/7
f 1948/404/7 1951/407/947 1441/77/637 1440/79/7
f 1951/407/947 1361/411/951 1237/78/638 1441/77/637
f 1950/405/946 1362/412/952 1361/411/951 1951/407/947
f 1949/406/945 1363/413/953 1362/412/952 1950/405/946
f 1369/227/767 1225/228/769 1363/413/953 1949/406/945
f 1368/226/7 1369/227/767 1949/406/945 1946/402/7
f 1367/225/7 1368/226/7 1946/402/7 1943/399/7
f 1952/414/610 1955/417/611 1956/416/611 1953/415/610
f 1953/415/610 1956/416/611 1957/419/611 1954/418/610
f 1955/417/611 1958/421/614 1959/420/614 1956/416/611
f 1956/416/611 1959/420/614 1960/422/614 1957/419/611
f 1281/244/616 1370/245/610 1952/414/610 1720/423/616
f 1720/423/616 1952/414/610 1953/415/610 1719/424/616
f 1719/424/616 1953/415/610 1954/418/610 1718/425/616
f 1718/425/616 1954/418/610 1442/41/610 1287/39/616
f 1954/418/610 1957/419/611 1443/54/611 1442/41/610
f 1957/419/611 1960/422/614 1444/52/614 1443/54/611
f 1960/422/614 1358/426/624 1236/53/624 1444/52/614
f 1959/420/614 1359/427/624 1358/426/624 1960/422/614
f 1958/421/614 1360/428/624 1359/427/624 1959/420/614
f 1372/247/614 1224/248/624 1360/428/624 1958/421/614
f 1371/246/611 1372/247/614 1958/421/614 1955/417/611
f 1370/245/610 1371/246/611 1955/417/611 1952/414/610
f 1961/429/24 1964/432/24 1965/431/24 1962/430/24
f 1962/430/24 1965/431/24 1966/434/24 1963/433/24
f 1964/432/24 1967/436/601 1968/435/601 1965/431/24
f 1965/431/24 1968/435/601 1969/437/601 1966/434/24
f 1253/264/24 1373/265/24 1961/429/24 1528/438/24
f 1528/438/24 1961/429/24 1962/430/24 1527/439/24
f 1527/439/24 1962/430/24 1963/433/24 1526/440/24
f 1526/440/24 1963/433/24 1445/16/24 1265/14/24
f 1963/433/24 1966/434/24 1446/29/24 1445/16/24
f 1966/434/24 1969/437/601 1447/27/601 1446/29/24
f 1969/437/601 1355/441/609 1235/28/609 1447/27/601
f 1968/435/601 1356/442/609 1355/441/609 1969/437/601
f 1967/436/601 1357/443/609 1356/442/609 1968/435/601
f 1375/267/601 1223/268/790 1357/443/609 1967/436/601
f 1374/266/24 1375/267/601 1967/436/601 1964/432/24
f 1373/265/24 1374/266/24 1964/432/24 1961/429/24
f 1970/444/954 1973/447/24 1974/446/24 1971/445/955
f 1971/445/955 1974/446/24 1975/449/24 1972/448/956
f 1973/447/24 1976/451/24 1977/450/24 1974/446/24
f 1974/446/24 1977/450/24 1978/452/24 1975/449/24
f 1222/453/943 1484/455/957 1970/444/954 1424/454/941
f 1424/454/941 1970/444/954 1971/445/955 1425/456/940
f 1425/456/940 1971/445/955 1972/448/956 1426/457/939
f 1426/457/939 1972/448/956 1517/459/958 1234/458/662
f 1972/448/956 1975/449/24 1518/460/24 1517/459/958
f 1975/449/24 1978/452/24 1519/461/24 1518/460/24
f 1978/452/24 1523/463/24 1264/462/24 1519/461/24
f 1977/450/24 1524/464/24 1523/463/24 1978/452/24
f 1976/451/24 1525/465/24 1524/464/24 1977/450/24
f 1486/466/24 1252/467/24 1525/465/24 1976/451/24
f 1485/468/24 1486/466/24 1976/451/24 1973/447/24
f 1484/455/957 1485/468/24 1973/447/24 1970/444/954
f 1979/469/24 1982/472/24 1983/471/24 1980/470/24
f 1980/470/24 1983/471/24 1984/474/24 1981/473/24
f 1982/472/24 1985/476/24 1986/475/24 1983/471/24
f 1983/471/24 1986/475/24 1987/477/24 1984/474/24
f 1252/467/24 1487/478/24 1979/469/24 1525/465/24
f 1525/465/24 1979/469/24 1980/470/24 1524/464/24
f 1524/464/24 1980/470/24 1981/473/24 1523/463/24
f 1523/463/24 1981/473/24 1520/479/24 1264/462/24
f 1981/473/24 1984/474/24 1521/480/24 1520/479/24
f 1984/474/24 1987/477/24 1522/481/24 1521/480/24
f 1987/477/24 1526/440/24 1265/14/24 1522/481/24
f 1986/475/24 1527/439/24 1526/440/24 1987/477/24
f 1985/476/24 1528/438/24 1527/439/24 1986/475/24
f 1489/482/24 1253/264/24 1528/438/24 1985/476/24
f 1488/483/24 1489/482/24 1985/476/24 1982/472/24
f 1487/478/24 1488/483/24 1982/472/24 1979/469/24
f 1988/484/959 1991/487/7 1992/486/7 1989/485/959
f 1989/485/959 1992/486/7 1993/489/7 1990/488/959
f 1991/487/7 1994/491/7 1995/490/7 1992/486/7
f 1992/486/7 1995/490/7 1996/492/7 1993/489/7
f 1224/248/624 1481/493/959 1988/484/959 1360/428/624
f 1360/428/624 1988/484/959 1989/485/959 1359/427/624
f 1359/427/624 1989/485/959 1990/488/959 1358/426/624
f 1358/426/624 1990/488/959 1514/494/959 1236/53/624
f 1990/488/959 1993/489/7 1515/495/7 1514/494/959
f 1993/489/7 1996/492/7 1516/496/7 1515/495/7
f 1996/492/7 1529/498/960 1262/497/960 1516/496/7
f 1995/490/7 1530/499/960 1529/498/960 1996/492/7
f 1994/491/7 1531/500/960 1530/499/960 1995/490/7
f 1483/501/7 1250/502/961 1531/500/960 1994/491/7
f 1482/503/7 1483/501/7 1994/491/7 1991/487/7
f 1481/493/959 1482/503/7 1991/487/7 1988/484/959
f 1997/504/962 2000/507/963 2001/506/24 1998/505/24
f 1998/505/24 2001/506/24 2002/509/24 1999/508/24
f 2000/507/963 2003/511/964 2004/510/24 2001/506/24
f 2001/506/24 2004/510/24 2005/512/24 2002/509/24
f 1210/513/712 1400/515/915 1997/504/962 1294/514/965
f 1294/514/965 1997/504/962 1998/505/24 1293/516/24
f 1293/516/24 1998/505/24 1999/508/24 1292/517/24
f 1292/517/24 1999/508/24 1535/519/24 1239/518/24
f 1999/508/24 2002/509/24 1536/520/24 1535/519/24
f 2002/509/24 2005/512/24 1537/521/24 1536/520/24
f 2005/512/24 1415/523/24 1261/522/24 1537/521/24
f 2004/510/24 1416/524/24 1415/523/24 2005/512/24
f 2003/511/964 1417/525/966 1416/524/24 2004/510/24
f 1402/515/917 1230/526/919 1417/525/966 2003/511/964
f 1401/515/916 1402/515/917 2003/511/964 2000/507/963
f 1400/515/915 1401/515/916 2000/507/963 1997/504/962
f 2006/527/24 2009/530/24 2010/529/24 2007/528/24
f 2007/528/24 2010/529/24 2011/532/24 2008/531/24
f 2009/530/24 2012/534/24 2013/533/24 2010/529/24
f 2010/529/24 2013/533/24 2014/535/24 2011/532/24
f 1239/518/24 1535/519/24 2006/527/24 1453/536/24
f 1453/536/24 2006/527/24 2007/528/24 1452/537/24
f 1452/537/24 2007/528/24 2008/531/24 1451/538/24
f 1451/538/24 2008/531/24 1538/363/24 1238/196/24
f 2008/531/24 2011/532/24 1539/373/24 1538/363/24
f 2011/532/24 2014/535/24 1540/371/24 1539/373/24
f 2014/535/24 1511/539/24 1260/372/24 1540/371/24
f 2013/533/24 1512/540/24 1511/539/24 2014/535/24
f 2012/534/24 1513/541/24 1512/540/24 2013/533/24
f 1537/521/24 1261/522/24 1513/541/24 2012/534/24
f 1536/520/24 1537/521/24 2012/534/24 2009/530/24
f 1535/519/24 1536/520/24 2009/530/24 2006/527/24
f 2015/542/967 2018/545/968 2019/544/7 2016/543/7
f 2016/543/7 2019/544/7 2020/547/7 2017/546/7
f 2018/545/968 2021/549/969 2022/548/7 2019/544/7
f 2019/544/7 2022/548/7 2023/550/7 2020/547/7
f 1216/185/748 1406/384/895 2015/542/967 1315/551/970
f 1315/551/970 2015/542/967 2016/543/7 1314/552/7
f 1314/552/7 2016/543/7 2017/546/7 1313/553/7
f 1313/553/7 2017/546/7 1541/555/7 1243/554/7
f 2017/546/7 2020/547/7 1542/556/7 1541/555/7
f 2020/547/7 2023/550/7 1543/557/7 1542/556/7
f 2023/550/7 1412/559/7 1259/558/7 1543/557/7
f 2022/548/7 1413/560/7 1412/559/7 2023/550/7
f 2021/549/969 1414/561/971 1413/560/7 2022/548/7
f 1408/386/897 1232/306/899 1414/561/971 2021/549/969
f 1407/385/896 1408/386/897 2021/549/969 2018/545/968
f 1406/384/895 1407/385/896 2018/545/968 2015/542/967
f 2024/562/7 2027/565/7 2028/564/7 2025/563/7
f 2025/563/7 2028/564/7 2029/567/7 2026/566/7
f 2027/565/7 2030/569/7 2031/568/7 2028/564/7
f 2028/564/7 2031/568/7 2032/570/7 2029/567/7
f 1243/554/7 1541/555/7 2024/562/7 1465/571/7
f 1465/571/7 2024/562/7 2025/563/7 1464/572/7
f 1464/572/7 2025/563/7 2026/566/7 1463/573/7
f 1463/573/7 2026/566/7 1544/346/7 1242/146/7
f 2026/566/7 2029/567/7 1545/353/7 1544/346/7
f 2029/567/7 2032/570/7 1546/351/7 1545/353/7
f 2032/570/7 1505/574/7 1258/352/7 1546/351/7
f 2031/568/7 1506/575/7 1505/574/7 2032/570/7
f 2030/569/7 1507/576/7 1506/575/7 2031/568/7
f 1543/557/7 1259/558/7 1507/576/7 2030/569/7
f 1542/556/7 1543/557/7 2030/569/7 2027/565/7
f 1541/555/7 1542/556/7 2027/565/7 2024/562/7
f 2033/577/972 2036/561/973 2037/560/7 2034/560/7
f 2034/560/7 2037/560/7 2038/578/7 2035/578/7
f 2036/561/973 2039/561/974 2040/560/975 2037/560/7
f 2037/560/7 2040/560/975 2041/579/976 2038/578/7
f 1267/306/832 1394/307/831 2033/577/972 1636/561/977
f 1636/561/977 2033/577/972 2034/560/7 1635/560/7
f 1635/560/7 2034/560/7 2035/578/7 1634/578/7
f 1634/578/7 2035/578/7 1547/581/7 1270/580/7
f 2035/578/7 2038/578/7 1548/581/7 1547/581/7
f 2038/578/7 2041/579/976 1549/582/978 1548/581/7
f 2041/579/976 1382/579/979 1257/583/980 1549/582/978
f 2040/560/975 1383/560/981 1382/579/979 2041/579/976
f 2039/561/974 1384/561/982 1383/560/981 2040/560/975
f 1396/307/834 1228/306/836 1384/561/982 2039/561/974
f 1395/307/833 1396/307/834 2039/561/974 2036/561/973
f 1394/307/831 1395/307/833 2036/561/973 2033/577/972
f 2042/584/7 2045/584/7 2046/586/7 2043/585/7
f 2043/585/7 2046/586/7 2047/587/7 2044/587/7
f 2045/584/7 2048/584/983 2049/575/984 2046/586/7
f 2046/586/7 2049/575/984 2050/587/985 2047/587/7
f 1270/580/7 1547/581/7 2042/584/7 1633/588/7
f 1633/588/7 2042/584/7 2043/585/7 1632/586/7
f 1632/586/7 2043/585/7 2044/587/7 1631/589/7
f 1631/589/7 2044/587/7 1550/333/7 1271/286/7
f 2044/587/7 2047/587/7 1551/286/7 1550/333/7
f 2047/587/7 2050/587/985 1552/336/868 1551/286/7
f 2050/587/985 1499/590/986 1256/286/808 1552/336/868
f 2049/575/984 1500/591/987 1499/590/986 2050/587/985
f 2048/584/983 1501/592/988 1500/591/987 2049/575/984
f 1549/582/978 1257/583/980 1501/592/988 2048/584/983
f 1548/581/7 1549/582/978 2048/584/983 2045/584/7
f 1547/581/7 1548/581/7 2045/584/7 2042/584/7
f 2051/593/989 2054/596/990 2055/595/24 2052/594/24
f 2052/594/24 2055/595/24 2056/597/24 2053/597/24
f 2054/596/990 2057/599/991 2058/598/992 2055/595/24
f 2055/595/24 2058/598/992 2059/600/993 2056/597/24
f 1266/513/679 1388/515/678 2051/593/989 1630/601/994
f 1630/601/994 2051/593/989 2052/594/24 1629/602/24
f 1629/602/24 2052/594/24 2053/597/24 1628/597/24
f 1628/597/24 2053/597/24 1553/604/24 1272/603/24
f 2053/597/24 2056/597/24 1554/605/24 1553/604/24
f 2056/597/24 2059/600/993 1555/603/995 1554/605/24
f 2059/600/993 1376/607/996 1255/606/997 1555/603/995
f 2058/598/992 1377/598/998 1376/607/996 2059/600/993
f 2057/599/991 1378/608/999 1377/598/998 2058/598/992
f 1390/515/681 1227/526/683 1378/608/999 2057/599/991
f 1389/515/680 1390/515/681 2057/599/991 2054/596/990
f 1388/515/678 1389/515/680 2054/596/990 2051/593/989
f 2060/609/24 2063/612/24 2064/611/24 2061/610/24
f 2061/610/24 2064/611/24 2065/614/24 2062/613/24
f 2063/612/24 2066/612/1000 2067/615/1001 2064/611/24
f 2064/611/24 2067/615/1001 2068/614/1002 2065/614/24
f 1272/603/24 1553/604/24 2060/609/24 1627/616/24
f 1627/616/24 2060/609/24 2061/610/24 1626/617/24
f 1626/617/24 2061/610/24 2062/613/24 1625/613/24
f 1625/613/24 2062/613/24 1556/316/24 1273/315/24
f 2062/613/24 2065/614/24 1557/325/24 1556/316/24
f 2065/614/24 2068/614/1002 1558/323/856 1557/325/24
f 2068/614/1002 1493/618/1003 1254/324/857 1558/323/856
f 2067/615/1001 1494/615/1004 1493/618/1003 2068/614/1002
f 2066/612/1000 1495/619/1005 1494/615/1004 2067/615/1001
f 1555/603/995 1255/606/997 1495/619/1005 2066/612/1000
f 1554/605/24 1555/603/995 2066/612/1000 2063/612/24
f 1553/604/24 1554/605/24 2063/612/24 2060/609/24
f 2069/620/1006 2072/623/1007 2073/622/1008 2070/621/1009
f 2070/621/1009 2073/622/1008 2074/625/1010 2071/624/1011
f 2072/623/1007 2075/627/1012 2076/626/1013 2073/622/1008
f 2073/622/1008 2076/626/1013 2077/628/1014 2074/625/1010
f 1282/629/840 1715/631/1015 2069/620/1006 1675/630/838
f 1675/630/838 2069/620/1006 2070/621/1009 1674/632/837
f 1674/632/837 2070/621/1009 2071/624/1011 1673/633/835
f 1673/633/835 2071/624/1011 1384/561/982 1228/306/836
f 2071/624/1011 2074/625/1010 1383/560/981 1384/561/982
f 2074/625/1010 2077/628/1014 1382/579/979 1383/560/981
f 2077/628/1014 1691/634/1016 1257/583/980 1382/579/979
f 2076/626/1013 1692/635/1017 1691/634/1016 2077/628/1014
f 2075/627/1012 1693/636/1018 1692/635/1017 2076/626/1013
f 1717/637/1019 1288/638/1020 1693/636/1018 2075/627/1012
f 1716/639/1021 1717/637/1019 2075/627/1012 2072/623/1007
f 1715/631/1015 1716/639/1021 2072/623/1007 2069/620/1006
f 2078/640/1022 2081/643/1023 2082/642/1024 2079/641/1025
f 2079/641/1025 2082/642/1024 2083/645/1026 2080/644/1027
f 2081/643/1023 2084/647/1028 2085/646/1029 2082/642/1024
f 2082/642/1024 2085/646/1029 2086/648/1030 2083/645/1026
f 1288/638/1020 1712/649/1031 2078/640/1022 1693/636/1018
f 1693/636/1018 2078/640/1022 2079/641/1025 1692/635/1017
f 1692/635/1017 2079/641/1025 2080/644/1027 1691/634/1016
f 1691/634/1016 2080/644/1027 1501/592/988 1257/583/980
f 2080/644/1027 2083/645/1026 1500/591/987 1501/592/988
f 2083/645/1026 2086/648/1030 1499/590/986 1500/591/987
f 2086/648/1030 1694/285/806 1256/286/808 1499/590/986
f 2085/646/1029 1695/284/805 1694/285/806 2086/648/1030
f 2084/647/1028 1696/282/804 1695/284/805 2085/646/1029
f 1714/650/1032 1289/281/802 1696/282/804 2084/647/1028
f 1713/651/1033 1714/650/1032 2084/647/1028 2081/643/1023
f 1712/649/1031 1713/651/1033 2081/643/1023 2078/640/1022
f 2087/652/1034 2090/655/24 2091/654/24 2088/653/1035
f 2088/653/1035 2091/654/24 2092/657/24 2089/656/1036
f 2090/655/24 2093/659/24 2094/658/24 2091/654/24
f 2091/654/24 2094/658/24 2095/660/24 2092/657/24
f 1218/661/708 1475/663/1037 2087/652/1034 1352/662/1038
f 1352/662/1038 2087/652/1034 2088/653/1035 1353/664/1039
f 1353/664/1039 2088/653/1035 2089/656/1036 1354/665/1040
f 1354/665/1040 2089/656/1036 1484/455/957 1222/453/943
f 2089/656/1036 2092/657/24 1485/468/24 1484/455/957
f 2092/657/24 2095/660/24 1486/466/24 1485/468/24
f 2095/660/24 1565/666/24 1252/467/24 1486/466/24
f 2094/658/24 1566/667/24 1565/666/24 2095/660/24
f 2093/659/24 1567/668/24 1566/667/24 2094/658/24
f 1477/669/24 1248/670/24 1567/668/24 2093/659/24
f 1476/671/24 1477/669/24 2093/659/24 2090/655/24
f 1475/663/1037 1476/671/24 2090/655/24 2087/652/1034
f 2096/672/24 2099/675/24 2100/674/24 2097/673/24
f 2097/673/24 2100/674/24 2101/677/24 2098/676/24
f 2099/675/24 2102/679/24 2103/678/24 2100/674/24
f 2100/674/24 2103/678/24 2104/680/24 2101/677/24
f 1248/670/24 1478/681/24 2096/672/24 1567/668/24
f 1567/668/24 2096/672/24 2097/673/24 1566/667/24
f 1566/667/24 2097/673/24 2098/676/24 1565/666/24
f 1565/666/24 2098/676/24 1487/478/24 1252/467/24
f 2098/676/24 2101/677/24 1488/483/24 1487/478/24
f 2101/677/24 2104/680/24 1489/482/24 1488/483/24
f 2104/680/24 1568/263/24 1253/264/24 1489/482/24
f 2103/678/24 1569/262/24 1568/263/24 2104/680/24
f 2102/679/24 1570/261/24 1569/262/24 2103/678/24
f 1480/682/24 1249/201/24 1570/261/24 2102/679/24
f 1479/683/24 1480/682/24 2102/679/24 2099/675/24
f 1478/681/24 1479/683/24 2099/675/24 2096/672/24
f 2105/684/1041 2108/687/7 2109/686/7 2106/685/1042
f 2106/685/1042 2109/686/7 2110/689/7 2107/688/959
f 2108/687/7 2111/691/7 2112/690/7 2109/686/7
f 2109/686/7 2112/690/7 2113/692/7 2110/689/7
f 1220/180/744 1469/693/1043 2105/684/1041 1336/251/786
f 1336/251/786 2105/684/1041 2106/685/1042 1335/250/785
f 1335/250/785 2106/685/1042 2107/688/959 1334/249/784
f 1334/249/784 2107/688/959 1481/493/959 1224/248/624
f 2107/688/959 2110/689/7 1482/503/7 1481/493/959
f 2110/689/7 2113/692/7 1483/501/7 1482/503/7
f 2113/692/7 1571/694/1044 1250/502/961 1483/501/7
f 2112/690/7 1572/695/1045 1571/694/1044 2113/692/7
f 2111/691/7 1573/696/1046 1572/695/1045 2112/690/7
f 1471/697/7 1246/698/1047 1573/696/1046 2111/691/7
f 1470/699/7 1471/697/7 2111/691/7 2108/687/7
f 1469/693/1043 1470/699/7 2108/687/7 2105/684/1041
f 2114/700/1048 2117/703/24 2118/702/24 2115/701/1049
f 2115/701/1049 2118/702/24 2119/705/24 2116/704/1050
f 2117/703/24 2120/707/24 2121/706/24 2118/702/24
f 2118/702/24 2121/706/24 2122/708/24 2119/705/24
f 1210/513/712 1294/514/965 2114/700/1048 1328/709/710
f 1328/709/710 2114/700/1048 2115/701/1049 1329/710/709
f 1329/710/709 2115/701/1049 2116/704/1050 1330/711/707
f 1330/711/707 2116/704/1050 1475/663/1037 1218/661/708
f 2116/704/1050 2119/705/24 1476/671/24 1475/663/1037
f 2119/705/24 2122/708/24 1477/669/24 1476/671/24
f 2122/708/24 1577/712/24 1248/670/24 1477/669/24
f 2121/706/24 1578/713/24 1577/712/24 2122/708/24
f 2120/707/24 1579/714/24 1578/713/24 2121/706/24
f 1292/517/24 1239/518/24 1579/714/24 2120/707/24
f 1293/516/24 1292/517/24 2120/707/24 2117/703/24
f 1294/514/965 1293/516/24 2117/703/24 2114/700/1048
f 2123/715/24 2126/718/24 2127/717/24 2124/716/24
f 2124/716/24 2127/717/24 2128/720/24 2125/719/24
f 2126/718/24 2129/722/24 2130/721/24 2127/717/24
f 2127/717/24 2130/721/24 2131/723/24 2128/720/24
f 1239/518/24 1453/536/24 2123/715/24 1579/714/24
f 1579/714/24 2123/715/24 2124/716/24 1578/713/24
f 1578/713/24 2124/716/24 2125/719/24 1577/712/24
f 1577/712/24 2125/719/24 1478/681/24 1248/670/24
f 2125/719/24 2128/720/24 1479/683/24 1478/681/24
f 2128/720/24 2131/723/24 1480/682/24 1479/683/24
f 2131/723/24 1580/200/24 1249/201/24 1480/682/24
f 2130/721/24 1581/199/24 1580/200/24 2131/723/24
f 2129/722/24 1582/197/24 1581/199/24 2130/721/24
f 1451/538/24 1238/196/24 1582/197/24 2129/722/24
f 1452/537/24 1451/538/24 2129/722/24 2126/718/24
f 1453/536/24 1452/537/24 2126/718/24 2123/715/24
f 2132/724/1051 2135/727/7 2136/726/7 2133/725/1052
f 2133/725/1052 2136/726/7 2137/729/7 2134/728/1053
f 2135/727/7 2138/731/7 2139/730/7 2136/726/7
f 2136/726/7 2139/730/7 2140/732/7 2137/729/7
f 1216/185/748 1315/551/970 2132/724/1051 1312/183/746
f 1312/183/746 2132/724/1051 2133/725/1052 1311/182/745
f 1311/182/745 2133/725/1052 2134/728/1053 1310/181/743
f 1310/181/743 2134/728/1053 1469/693/1043 1220/180/744
f 2134/728/1053 2137/729/7 1470/699/7 1469/693/1043
f 2137/729/7 2140/732/7 1471/697/7 1470/699/7
f 2140/732/7 1583/733/7 1246/698/1047 1471/697/7
f 2139/730/7 1584/734/7 1583/733/7 2140/732/7
f 2138/731/7 1585/735/7 1584/734/7 2139/730/7
f 1313/553/7 1243/554/7 1585/735/7 2138/731/7
f 1314/552/7 1313/553/7 2138/731/7 2135/727/7
f 1315/551/970 1314/552/7 2135/727/7 2132/724/1051
f 2141/736/7 2144/739/7 2145/738/7 2142/737/7
f 2142/737/7 2145/738/7 2146/741/7 2143/740/7
f 2144/739/7 2147/743/7 2148/742/7 2145/738/7
f 2145/738/7 2148/742/7 2149/744/7 2146/741/7
f 1243/554/7 1465/571/7 2141/736/7 1585/735/7
f 1585/735/7 2141/736/7 2142/737/7 1584/734/7
f 1584/734/7 2142/737/7 2143/740/7 1583/733/7
f 1583/733/7 2143/740/7 1472/745/1054 1246/698/1047
f 2143/740/7 2146/741/7 1473/746/1055 1472/745/1054
f 2146/741/7 2149/744/7 1474/747/1056 1473/746/1055
f 2149/744/7 1586/150/7 1247/151/717 1474/747/1056
f 2148/742/7 1587/149/7 1586/150/7 2149/744/7
f 2147/743/7 1588/147/7 1587/149/7 2148/742/7
f 1463/573/7 1242/146/7 1588/147/7 2147/743/7
f 1464/572/7 1463/573/7 2147/743/7 2144/739/7
f 1465/571/7 1464/572/7 2144/739/7 2141/736/7
f 2150/748/959 2153/751/7 2154/750/7 2151/749/959
f 2151/749/959 2154/750/7 2155/753/7 2152/752/1057
f 2153/751/7 2156/755/7 2157/754/7 2154/750/7
f 2154/750/7 2157/754/7 2158/756/7 2155/753/7
f 1236/53/624 1514/494/959 2150/748/959 1432/51/624
f 1432/51/624 2150/748/959 2151/749/959 1431/50/624
f 1431/50/624 2151/749/959 2152/752/1057 1430/49/622
f 1430/49/622 2152/752/1057 1466/757/1058 1217/48/623
f 2152/752/1057 2155/753/7 1467/758/630 1466/757/1058
f 2155/753/7 2158/756/7 1468/759/630 1467/758/630
f 2158/756/7 1589/761/960 1244/760/1059 1468/759/630
f 2157/754/7 1590/762/960 1589/761/960 2158/756/7
f 2156/755/7 1591/763/960 1590/762/960 2157/754/7
f 1516/496/7 1262/497/960 1591/763/960 2156/755/7
f 1515/495/7 1516/496/7 2156/755/7 2153/751/7
f 1514/494/959 1515/495/7 2153/751/7 2150/748/959
f 2159/764/1060 2162/767/24 2163/766/24 2160/765/1061
f 2160/765/1061 2163/766/24 2164/769/24 2161/768/1062
f 2162/767/24 2165/771/24 2166/770/24 2163/766/24
f 2163/766/24 2166/770/24 2167/772/24 2164/769/24
f 1234/458/662 1517/459/958 2159/764/1060 1295/773/660
f 1295/773/660 2159/764/1060 2160/765/1061 1296/774/659
f 1296/774/659 2160/765/1061 2161/768/1062 1297/775/657
f 1297/775/657 2161/768/1062 1454/777/1063 1211/776/658
f 2161/768/1062 2164/769/24 1455/778/1064 1454/777/1063
f 2164/769/24 2167/772/24 1456/779/1065 1455/778/1064
f 2167/772/24 1595/781/24 1240/780/1066 1456/779/1065
f 2166/770/24 1596/782/24 1595/781/24 2167/772/24
f 2165/771/24 1597/783/24 1596/782/24 2166/770/24
f 1519/461/24 1264/462/24 1597/783/24 2165/771/24
f 1518/460/24 1519/461/24 2165/771/24 2162/767/24
f 1517/459/958 1518/460/24 2162/767/24 2159/764/1060
f 2168/784/24 2171/787/24 2172/786/24 2169/785/24
f 2169/785/24 2172/786/24 2173/789/24 2170/788/24
f 2171/787/24 2174/791/24 2175/790/24 2172/786/24
f 2172/786/24 2175/790/24 2176/792/24 2173/789/24
f 1264/462/24 1520/479/24 2168/784/24 1597/783/24
f 1597/783/24 2168/784/24 2169/785/24 1596/782/24
f 1596/782/24 2169/785/24 2170/788/24 1595/781/24
f 1595/781/24 2170/788/24 1457/793/1067 1240/780/1066
f 2170/788/24 2173/789/24 1458/794/1068 1457/793/1067
f 2173/789/24 2176/792/24 1459/795/1069 1458/794/1068
f 2176/792/24 1598/18/24 1241/19/604 1459/795/1069
f 2175/790/24 1599/17/24 1598/18/24 2176/792/24
f 2174/791/24 1600/15/24 1599/17/24 2175/790/24
f 1522/481/24 1265/14/24 1600/15/24 2174/791/24
f 1521/480/24 1522/481/24 2174/791/24 2171/787/24
f 1520/479/24 1521/480/24 2171/787/24 2168/784/24
f 2177/796/24 2180/541/24 2181/797/24 2178/797/24
f 2178/797/24 2181/797/24 2182/798/24 2179/539/24
f 2180/541/24 2183/800/24 2184/799/24 2181/797/24
f 2181/797/24 2184/799/24 2185/801/24 2182/798/24
f 1261/522/24 1619/802/24 2177/796/24 1513/541/24
f 1513/541/24 2177/796/24 2178/797/24 1512/540/24
f 1512/540/24 2178/797/24 2179/539/24 1511/539/24
f 1511/539/24 2179/539/24 1622/803/24 1260/372/24
f 2179/539/24 2182/798/24 1623/804/24 1622/803/24
f 2182/798/24 2185/801/24 1624/324/24 1623/804/24
f 2185/801/24 1625/613/24 1273/315/24 1624/324/24
f 2184/799/24 1626/617/24 1625/613/24 2185/801/24
f 2183/800/24 1627/616/24 1626/617/24 2184/799/24
f 1621/605/24 1272/603/24 1627/616/24 2183/800/24
f 1620/805/24 1621/605/24 2183/800/24 2180/541/24
f 1619/802/24 1620/805/24 2180/541/24 2177/796/24
f 2186/806/1070 2189/593/1071 2190/808/24 2187/807/24
f 2187/807/24 2190/808/24 2191/810/24 2188/809/24
f 2189/593/1071 2192/596/1072 2193/811/24 2190/808/24
f 2190/808/24 2193/811/24 2194/600/24 2191/810/24
f 1230/526/919 1601/515/1073 2186/806/1070 1417/525/966
f 1417/525/966 2186/806/1070 2187/807/24 1416/524/24
f 1416/524/24 2187/807/24 2188/809/24 1415/523/24
f 1415/523/24 2188/809/24 1619/802/24 1261/522/24
f 2188/809/24 2191/810/24 1620/805/24 1619/802/24
f 2191/810/24 2194/600/24 1621/605/24 1620/805/24
f 2194/600/24 1628/597/24 1272/603/24 1621/605/24
f 2193/811/24 1629/602/24 1628/597/24 2194/600/24
f 2192/596/1072 1630/601/994 1629/602/24 2193/811/24
f 1603/515/1074 1266/513/679 1630/601/994 2192/596/1072
f 1602/515/1075 1603/515/1074 2192/596/1072 2189/593/1071
f 1601/515/1073 1602/515/1075 2189/593/1071 2186/806/1070
f 2195/812/7 2198/812/7 2199/813/7 2196/813/7
f 2196/813/7 2199/813/7 2200/574/7 2197/814/7
f 2198/812/7 2201/584/7 2202/815/7 2199/813/7
f 2199/813/7 2202/815/7 2203/587/7 2200/574/7
f 1259/558/7 1613/581/7 2195/812/7 1507/576/7
f 1507/576/7 2195/812/7 2196/813/7 1506/575/7
f 1506/575/7 2196/813/7 2197/814/7 1505/574/7
f 1505/574/7 2197/814/7 1616/816/7 1258/352/7
f 2197/814/7 2200/574/7 1617/286/7 1616/816/7
f 2200/574/7 2203/587/7 1618/333/7 1617/286/7
f 2203/587/7 1631/589/7 1271/286/7 1618/333/7
f 2202/815/7 1632/586/7 1631/589/7 2203/587/7
f 2201/584/7 1633/588/7 1632/586/7 2202/815/7
f 1615/817/7 1270/580/7 1633/588/7 2201/584/7
f 1614/581/7 1615/817/7 2201/584/7 2198/812/7
f 1613/581/7 1614/581/7 2198/812/7 2195/812/7
f 2204/577/1076 2207/818/1077 2208/560/7 2205/560/7
f 2205/560/7 2208/560/7 2209/578/7 2206/578/7
f 2207/818/1077 2210/561/1078 2211/560/7 2208/560/7
f 2208/560/7 2211/560/7 2212/578/7 2209/578/7
f 1232/306/899 1604/307/1079 2204/577/1076 1414/561/971
f 1414/561/971 2204/577/1076 2205/560/7 1413/560/7
f 1413/560/7 2205/560/7 2206/578/7 1412/559/7
f 1412/559/7 2206/578/7 1613/581/7 1259/558/7
f 2206/578/7 2209/578/7 1614/581/7 1613/581/7
f 2209/578/7 2212/578/7 1615/817/7 1614/581/7
f 2212/578/7 1634/578/7 1270/580/7 1615/817/7
f 2211/560/7 1635/560/7 1634/578/7 2212/578/7
f 2210/561/1078 1636/561/977 1635/560/7 2211/560/7
f 1606/307/1080 1267/306/832 1636/561/977 2210/561/1078
f 1605/307/1081 1606/307/1080 2210/561/1078 2207/818/1077
f 1604/307/1079 1605/307/1081 2207/818/1077 2204/577/1076
f 2213/819/7 2216/326/7 2217/821/7 2214/820/7
f 2214/820/7 2217/821/7 2218/823/1082 2215/822/1083
f 2216/326/7 2219/326/7 2220/820/7 2217/821/7
f 2217/821/7 2220/820/7 2221/824/1084 2218/823/1082
f 1258/352/7 1616/816/7 2213/819/7 1504/326/7
f 1504/326/7 2213/819/7 2214/820/7 1503/331/7
f 1503/331/7 2214/820/7 2215/822/1083 1502/329/875
f 1502/329/875 2215/822/1083 1405/350/1085 1231/350/876
f 2215/822/1083 2218/823/1082 1404/350/1086 1405/350/1085
f 2218/823/1082 2221/824/1084 1403/334/1087 1404/350/1086
f 2221/824/1084 1637/289/863 1268/334/865 1403/334/1087
f 2220/820/7 1638/327/7 1637/289/863 2221/824/1084
f 2219/326/7 1639/332/7 1638/327/7 2220/820/7
f 1618/333/7 1271/286/7 1639/332/7 2219/326/7
f 1617/286/7 1618/333/7 2219/326/7 2216/326/7
f 1616/816/7 1617/286/7 2216/326/7 2213/819/7
f 2222/825/24 2225/828/24 2226/827/24 2223/826/24
f 2223/826/24 2226/827/24 2227/829/1088 2224/368/1089
f 2225/828/24 2228/828/24 2229/830/24 2226/827/24
f 2226/827/24 2229/830/24 2230/831/1090 2227/829/1088
f 1260/372/24 1622/803/24 2222/825/24 1510/370/24
f 1510/370/24 2222/825/24 2223/826/24 1509/369/24
f 1509/369/24 2223/826/24 2224/368/1089 1508/368/883
f 1508/368/883 2224/368/1089 1411/832/1091 1233/367/884
f 2224/368/1089 2227/829/1088 1410/367/1092 1411/832/1091
f 2227/829/1088 2230/831/1090 1409/833/1093 1410/367/1092
f 2230/831/1090 1640/314/847 1269/318/849 1409/833/1093
f 2229/830/24 1641/317/24 1640/314/847 2230/831/1090
f 2228/828/24 1642/308/24 1641/317/24 2229/830/24
f 1624/324/24 1273/315/24 1642/308/24 2228/828/24
f 1623/804/24 1624/324/24 2228/828/24 2225/828/24
f 1622/803/24 1623/804/24 2225/828/24 2222/825/24
f 2231/297/1094 2234/297/1095 2235/834/1096 2232/298/1097
f 2232/298/1097 2235/834/1096 2236/835/1098 2233/300/1099
f 2234/297/1095 2237/297/1100 2238/836/1101 2235/834/1096
f 2235/834/1096 2238/836/1101 2239/837/1102 2236/835/1098
f 1284/389/903 1709/838/1103 2231/297/1094 1681/387/901
f 1681/387/901 2231/297/1094 2232/298/1097 1680/299/900
f 1680/299/900 2232/298/1097 2233/300/1099 1679/302/898
f 1679/302/898 2233/300/1099 1604/307/1079 1232/306/899
f 2233/300/1099 2236/835/1098 1605/307/1081 1604/307/1079
f 2236/835/1098 2239/837/1102 1606/307/1080 1605/307/1081
f 2239/837/1102 1697/302/830 1267/306/832 1606/307/1080
f 2238/836/1101 1698/299/829 1697/302/830 2239/837/1102
f 2237/297/1100 1699/304/828 1698/299/829 2238/836/1101
f 1711/839/1104 1290/303/826 1699/304/828 2237/297/1100
f 1710/838/1105 1711/839/1104 2237/297/1100 2234/297/1095
f 1709/838/1103 1710/838/1105 2234/297/1095 2231/297/1094
f 2240/105/1106 2243/105/1107 2244/106/1108 2241/840/1109
f 2241/840/1109 2244/106/1108 2245/107/1110 2242/113/1111
f 2243/105/1107 2246/105/1112 2247/106/1113 2244/106/1108
f 2244/106/1108 2247/106/1113 2248/107/1114 2245/107/1110
f 1285/397/923 1706/109/1115 2240/105/1106 1684/396/921
f 1684/396/921 2240/105/1106 2241/840/1109 1683/395/920
f 1683/395/920 2241/840/1109 2242/113/1111 1682/394/918
f 1682/394/918 2242/113/1111 1601/112/1073 1230/393/919
f 2242/113/1111 2245/107/1110 1602/112/1075 1601/112/1073
f 2245/107/1110 2248/107/1114 1603/111/1074 1602/112/1075
f 2248/107/1114 1700/107/677 1266/110/679 1603/111/1074
f 2247/106/1113 1701/106/676 1700/107/677 2248/107/1114
f 2246/105/1112 1702/105/675 1701/106/676 2247/106/1113
f 1708/109/1116 1291/108/673 1702/105/675 2246/105/1112
f 1707/109/1117 1708/109/1116 2246/105/1112 2243/105/1107
f 1706/109/1115 1707/109/1117 2243/105/1107 2240/105/1106
f 2249/398/1118 2252/398/1119 2253/398/1120 2250/398/1121
f 2250/398/1121 2253/398/1120 2254/398/1122 2251/398/1123
f 2252/398/1119 2255/398/1124 2256/398/1125 2253/398/1120
f 2253/398/1120 2256/398/1125 2257/398/1126 2254/398/1122
f 1278/398/704 1340/398/703 2249/398/1118 1705/398/1127
f 1705/398/1127 2249/398/1118 2250/398/1121 1704/398/1128
f 1704/398/1128 2250/398/1121 2251/398/1123 1703/398/1129
f 1703/398/1129 2251/398/1123 1669/398/935 1280/398/934
f 2251/398/1123 2254/398/1122 1668/398/944 1669/398/935
f 2254/398/1122 2257/398/1126 1667/398/942 1668/398/944
f 2257/398/1126 1354/398/1040 1222/398/943 1667/398/942
f 2256/398/1125 1353/398/1039 1354/398/1040 2257/398/1126
f 2255/398/1124 1352/398/1038 1353/398/1039 2256/398/1125
f 1342/398/706 1218/398/708 1352/398/1038 2255/398/1124
f 1341/398/705 1342/398/706 2255/398/1124 2252/398/1119
f 1340/398/703 1341/398/705 2252/398/1119 2249/398/1118
f 2258/398/1130 2261/398/1131 2262/398/1132 2259/398/1133
f 2259/398/1133 2262/398/1132 2263/398/1134 2260/398/1135
f 2261/398/1131 2264/398/1136 2265/398/1137 2262/398/1132
f 2262/398/1132 2265/398/1137 2266/398/1138 2263/398/1134
f 1221/398/720 1661/398/1139 2258/398/1130 1339/398/771
f 1339/398/771 2258/398/1130 2259/398/1133 1338/398/770
f 1338/398/770 2259/398/1133 2260/398/1135 1337/398/768
f 1337/398/768 2260/398/1135 1366/398/1140 1225/398/769
f 2260/398/1135 2263/398/1134 1365/398/1141 1366/398/1140
f 2263/398/1134 2266/398/1138 1364/398/1142 1365/398/1141
f 2266/398/1138 1703/398/1129 1280/398/934 1364/398/1142
f 2265/398/1137 1704/398/1128 1703/398/1129 2266/398/1138
f 2264/398/1136 1705/398/1127 1704/398/1128 2265/398/1137
f 1663/398/1143 1278/398/704 1705/398/1127 2264/398/1136
f 1662/398/1144 1663/398/1143 2264/398/1136 2261/398/1131
f 1661/398/1139 1662/398/1144 2261/398/1131 2258/398/1130
f 2267/841/1145 2270/844/1146 2271/843/1147 2268/842/1148
f 2268/842/1148 2271/843/1147 2272/845/1149 2269/845/1150
f 2270/844/1146 2273/847/1151 2274/846/1152 2271/843/1147
f 2271/843/1147 2274/846/1152 2275/848/1153 2272/845/1149
f 1231/350/876 1405/350/1085 2267/841/1145 1423/849/1154
f 1423/849/1154 2267/841/1145 2268/842/1148 1422/850/1155
f 1422/850/1155 2268/842/1148 2269/845/1150 1421/845/1156
f 1421/845/1156 2269/845/1150 1706/109/1115 1285/397/923
f 2269/845/1150 2272/845/1149 1707/109/1117 1706/109/1115
f 2272/845/1149 2275/848/1153 1708/109/1116 1707/109/1117
f 2275/848/1153 1646/848/1157 1291/108/673 1708/109/1116
f 2274/846/1152 1647/846/1158 1646/848/1157 2275/848/1153
f 2273/847/1151 1648/851/1159 1647/846/1158 2274/846/1152
f 1403/334/1087 1268/334/865 1648/851/1159 2273/847/1151
f 1404/350/1086 1403/334/1087 2273/847/1151 2270/844/1146
f 1405/350/1085 1404/350/1086 2270/844/1146 2267/841/1145
f 2276/852/1160 2279/855/1161 2280/854/1162 2277/853/1163
f 2277/853/1163 2280/854/1162 2281/857/1164 2278/856/1165
f 2279/855/1161 2282/858/1166 2283/854/1167 2280/854/1162
f 2280/854/1162 2283/854/1167 2284/857/1168 2281/857/1164
f 1233/367/884 1411/832/1091 2276/852/1160 1420/859/1169
f 1420/859/1169 2276/852/1160 2277/853/1163 1419/860/1170
f 1419/860/1170 2277/853/1163 2278/856/1165 1418/856/1171
f 1418/856/1171 2278/856/1165 1709/838/1103 1284/389/903
f 2278/856/1165 2281/857/1164 1710/838/1105 1709/838/1103
f 2281/857/1164 2284/857/1168 1711/839/1104 1710/838/1105
f 2284/857/1168 1643/857/1172 1290/303/826 1711/839/1104
f 2283/854/1167 1644/861/1173 1643/857/1172 2284/857/1168
f 2282/858/1166 1645/862/1174 1644/861/1173 2283/854/1167
f 1409/833/1093 1269/318/849 1645/862/1174 2282/858/1166
f 1410/367/1092 1409/833/1093 2282/858/1166 2279/855/1161
f 1411/832/1091 1410/367/1092 2279/855/1161 2276/852/1160
f 2285/863/1175 2288/866/1176 2289/865/1177 2286/864/1178
f 2286/864/1178 2289/865/1177 2290/868/1179 2287/867/1180
f 2288/866/1176 2291/870/1181 2292/869/1182 2289/865/1177
f 2289/865/1177 2292/869/1182 2293/871/1183 2290/868/1179
f 1254/872/857 1493/874/1003 2285/863/1175 1561/873/1184
f 1561/873/1184 2285/863/1175 2286/864/1178 1560/875/1185
f 1560/875/1185 2286/864/1178 2287/867/1180 1559/876/1186
f 1559/876/1186 2287/867/1180 1712/649/1031 1288/638/1020
f 2287/867/1180 2290/868/1179 1713/651/1033 1712/649/1031
f 2290/868/1179 2293/871/1183 1714/650/1032 1713/651/1033
f 2293/871/1183 1562/877/1187 1289/281/802 1714/650/1032
f 2292/869/1182 1563/878/1188 1562/877/1187 2293/871/1183
f 2291/870/1181 1564/879/1189 1563/878/1188 2292/869/1182
f 1495/880/1005 1255/881/997 1564/879/1189 2291/870/1181
f 1494/882/1004 1495/880/1005 2291/870/1181 2288/866/1176
f 1493/874/1003 1494/882/1004 2288/866/1176 2285/863/1175
f 2294/883/1190 2297/886/1191 2298/885/1192 2295/884/1193
f 2295/884/1193 2298/885/1192 2299/888/1194 2296/887/1195
f 2297/886/1191 2300/890/1196 2301/889/1197 2298/885/1192
f 2298/885/1192 2301/889/1197 2302/891/1198 2299/888/1194
f 1226/892/853 1490/894/852 2294/883/1190 1381/893/1199
f 1381/893/1199 2294/883/1190 2295/884/1193 1380/895/1200
f 1380/895/1200 2295/884/1193 2296/887/1195 1379/896/1201
f 1379/896/1201 2296/887/1195 1715/631/1015 1282/629/840
f 2296/887/1195 2299/888/1194 1716/639/1021 1715/631/1015
f 2299/888/1194 2302/891/1198 1717/637/1019 1716/639/1021
f 2302/891/1198 1559/876/1186 1288/638/1020 1717/637/1019
f 2301/889/1197 1560/875/1185 1559/876/1186 2302/891/1198
f 2300/890/1196 1561/873/1184 1560/875/1185 2301/889/1197
f 1492/897/855 1254/872/857 1561/873/1184 2300/890/1196
f 1491/898/854 1492/897/855 2300/890/1196 2297/886/1191
f 1490/894/852 1491/898/854 2297/886/1191 2294/883/1190
f 2303/899/1202 2306/902/1203 2307/901/1203 2304/900/1202
f 2304/900/1202 2307/901/1203 2308/904/1203 2305/903/1202
f 2306/902/1203 2309/906/1204 2310/905/1204 2307/901/1203
f 2307/901/1203 2310/905/1204 2311/907/1204 2308/904/1203
f 1223/268/790 1670/908/1202 2303/899/1202 1357/443/609
f 1357/443/609 2303/899/1202 2304/900/1202 1356/442/609
f 1356/442/609 2304/900/1202 2305/903/1202 1355/441/609
f 1355/441/609 2305/903/1202 1688/909/1202 1235/28/609
f 2305/903/1202 2308/904/1203 1689/910/1203 1688/909/1202
f 2308/904/1203 2311/907/1204 1690/911/1204 1689/910/1203
f 2311/907/1204 1718/425/616 1287/39/616 1690/911/1204
f 2310/905/1204 1719/424/616 1718/425/616 2311/907/1204
f 2309/906/1204 1720/423/616 1719/424/616 2310/905/1204
f 1672/912/1204 1281/244/616 1720/423/616 2309/906/1204
f 1671/913/1203 1672/912/1204 2309/906/1204 2306/902/1203
f 1670/908/1202 1671/913/1203 2306/902/1203 2303/899/1202
f 2312/398/1205 2315/398/1206 2316/398/1207 2313/398/1208
f 2313/398/1208 2316/398/1207 2317/398/1209 2314/398/1210
f 2315/398/1206 2318/398/1211 2319/398/1212 2316/398/1207
f 2316/398/1207 2319/398/1212 2320/398/1213 2317/398/1209
f 1225/398/769 1366/398/1140 2312/398/1205 1363/398/953
f 1363/398/953 2312/398/1205 2313/398/1208 1362/398/952
f 1362/398/952 2313/398/1208 2314/398/1210 1361/398/951
f 1361/398/951 2314/398/1210 1685/398/1214 1237/398/638
f 2314/398/1210 2317/398/1209 1686/398/1215 1685/398/1214
f 2317/398/1209 2320/398/1213 1687/398/1216 1686/398/1215
f 2320/398/1213 1721/398/938 1286/398/648 1687/398/1216
f 2319/398/1212 1722/398/937 1721/398/938 2320/398/1213
f 2318/398/1211 1723/398/936 1722/398/937 2319/398/1212
f 1364/398/1142 1280/398/934 1723/398/936 2318/398/1211
f 1365/398/1141 1364/398/1142 2318/398/1211 2315/398/1206
f 1366/398/1140 1365/398/1141 2315/398/1206 2312/398/1205
f 2321/914/1217 2324/917/1218 2325/916/1219 2322/915/1220
f 2322/915/1220 2325/916/1219 2326/919/1221 2323/918/1222
f 2324/917/1218 2327/921/1223 2328/920/1224 2325/916/1219
f 2325/916/1219 2328/920/1224 2329/922/1225 2326/919/1221
f 1214/160/724 1393/347/872 2321/914/1217 1324/923/1226
f 1324/923/1226 2321/914/1217 2322/915/1220 1323/924/1227
f 1323/924/1227 2322/915/1220 2323/918/1222 1322/925/1228
f 1322/925/1228 2323/918/1222 1724/109/914 1276/108/698
f 2323/918/1222 2326/919/1221 1725/109/924 1724/109/914
f 2326/919/1221 2329/922/1225 1726/109/922 1725/109/924
f 2329/922/1225 1421/845/1156 1285/397/923 1726/109/922
f 2328/920/1224 1422/850/1155 1421/845/1156 2329/922/1225
f 2327/921/1223 1423/849/1154 1422/850/1155 2328/920/1224
f 1391/349/874 1231/350/876 1423/849/1154 2327/921/1223
f 1392/348/873 1391/349/874 2327/921/1223 2324/917/1218
f 1393/347/872 1392/348/873 2324/917/1218 2321/914/1217
f 2330/926/1229 2333/929/1230 2334/928/1231 2331/927/1232
f 2331/927/1232 2334/928/1231 2335/931/1233 2332/930/1234
f 2333/929/1230 2336/933/1235 2337/932/1236 2334/928/1231
f 2334/928/1231 2337/932/1236 2338/934/1237 2335/931/1233
f 1212/210/759 1399/364/880 2330/926/1229 1306/935/1238
f 1306/935/1238 2330/926/1229 2331/927/1232 1305/936/1239
f 1305/936/1239 2331/927/1232 2332/930/1234 1304/937/1240
f 1304/937/1240 2332/930/1234 1727/383/894 1274/171/734
f 2332/930/1234 2335/931/1233 1728/390/904 1727/383/894
f 2335/931/1233 2338/934/1237 1729/388/902 1728/390/904
f 2338/934/1237 1418/856/1171 1284/389/903 1729/388/902
f 2337/932/1236 1419/860/1170 1418/856/1171 2338/934/1237
f 2336/933/1235 1420/859/1169 1419/860/1170 2337/932/1236
f 1397/366/882 1233/367/884 1420/859/1169 2336/933/1235
f 1398/365/881 1397/366/882 2336/933/1235 2333/929/1230
f 1399/364/880 1398/365/881 2333/929/1230 2330/926/1229
f 2339/938/1241 2342/855/1242 2343/861/1243 2340/861/1244
f 2340/861/1244 2343/861/1243 2344/857/1245 2341/857/1246
f 2342/855/1242 2345/855/1247 2346/861/1248 2343/861/1243
f 2343/861/1243 2346/861/1248 2347/857/1249 2344/857/1245
f 1269/318/849 1612/318/848 2339/938/1241 1645/862/1174
f 1645/862/1174 2339/938/1241 2340/861/1244 1644/861/1173
f 1644/861/1173 2340/861/1244 2341/857/1246 1643/857/1172
f 1643/857/1172 2341/857/1246 1730/305/827 1290/303/826
f 2341/857/1246 2344/857/1245 1731/305/841 1730/305/827
f 2344/857/1245 2347/857/1249 1732/305/839 1731/305/841
f 2347/857/1249 1379/857/1201 1282/303/840 1732/305/839
f 2346/861/1248 1380/939/1200 1379/857/1201 2347/857/1249
f 2345/855/1247 1381/855/1199 1380/939/1200 2346/861/1248
f 1610/320/851 1226/321/853 1381/855/1199 2345/855/1247
f 1611/319/850 1610/320/851 2345/855/1247 2342/855/1242
f 1612/318/848 1611/319/850 2342/855/1242 2339/938/1241
f 2348/940/1250 2351/943/1251 2352/942/1252 2349/941/1253
f 2349/941/1253 2352/942/1252 2353/945/1254 2350/944/1255
f 2351/943/1251 2354/947/1256 2355/946/1257 2352/942/1252
f 2352/942/1252 2355/946/1257 2356/948/1258 2353/945/1254
f 1255/881/997 1376/949/996 2348/940/1250 1564/879/1189
f 1564/879/1189 2348/940/1250 2349/941/1253 1563/878/1188
f 1563/878/1188 2349/941/1253 2350/944/1255 1562/877/1187
f 1562/877/1187 2350/944/1255 1733/283/803 1289/281/802
f 2350/944/1255 2353/945/1254 1734/296/816 1733/283/803
f 2353/945/1254 2356/948/1258 1735/294/815 1734/296/816
f 2356/948/1258 1678/950/685 1283/295/687 1735/294/815
f 2355/946/1257 1677/951/684 1678/950/685 2356/948/1258
f 2354/947/1256 1676/952/682 1677/951/684 2355/946/1257
f 1378/953/999 1227/954/683 1676/952/682 2354/947/1256
f 1377/955/998 1378/953/999 2354/947/1256 2351/943/1251
f 1376/949/996 1377/955/998 2351/943/1251 2348/940/1250
f 2357/956/1259 2360/959/1260 2361/958/1261 2358/957/1262
f 2358/957/1262 2361/958/1261 2362/961/1263 2359/960/1264
f 2360/959/1260 2363/963/1265 2364/962/1266 2361/958/1261
f 2361/958/1261 2364/962/1266 2365/964/1267 2362/961/1263
f 1219/205/755 1664/965/1268 2357/956/1259 1333/271/792
f 1333/271/792 2357/956/1259 2358/957/1262 1332/270/791
f 1332/270/791 2358/957/1262 2359/960/1264 1331/269/789
f 1331/269/789 2359/960/1264 1670/908/1202 1223/268/790
f 2359/960/1264 2362/961/1263 1671/913/1203 1670/908/1202
f 2362/961/1263 2365/964/1267 1672/912/1204 1671/913/1203
f 2365/964/1267 1736/243/783 1281/244/616 1672/912/1204
f 2364/962/1266 1737/242/782 1736/243/783 2365/964/1267
f 2363/963/1265 1738/241/781 1737/242/782 2364/962/1266
f 1666/966/1269 1279/176/740 1738/241/781 2363/963/1265
f 1665/967/1270 1666/966/1269 2363/963/1265 2360/959/1260
f 1664/965/1268 1665/967/1270 2360/959/1260 2357/956/1259
f 2366/968/1271 2369/971/1272 2370/970/1273 2367/969/1274
f 2367/969/1274 2370/970/1273 2371/973/1275 2368/972/1276
f 2369/971/1272 2372/975/1277 2373/974/1278 2370/970/1273
f 2370/970/1273 2373/974/1278 2374/976/1279 2371/973/1275
f 1212/210/759 1306/935/1238 2366/968/1271 1303/208/757
f 1303/208/757 2366/968/1271 2367/969/1274 1302/207/756
f 1302/207/756 2367/969/1274 2368/972/1276 1301/206/754
f 1301/206/754 2368/972/1276 1664/965/1268 1219/205/755
f 2368/972/1276 2371/973/1275 1665/967/1270 1664/965/1268
f 2371/973/1275 2374/976/1279 1666/966/1269 1665/967/1270
f 2374/976/1279 1739/175/738 1279/176/740 1666/966/1269
f 2373/974/1278 1740/174/737 1739/175/738 2374/976/1279
f 2372/975/1277 1741/172/736 1740/174/737 2373/974/1278
f 1304/937/1240 1274/171/734 1741/172/736 2372/975/1277
f 1305/936/1239 1304/937/1240 2372/975/1277 2369/971/1272
f 1306/935/1238 1305/936/1239 2369/971/1272 2366/968/1271
f 2375/977/1280 2378/980/1281 2379/979/1282 2376/978/1283
f 2376/978/1283 2379/979/1282 2380/982/1284 2377/981/1285
f 2378/980/1281 2381/984/1286 2382/983/1287 2379/979/1282
f 2379/979/1282 2382/983/1287 2383/985/1288 2380/982/1284
f 1214/160/724 1324/923/1226 2375/977/1280 1321/158/722
f 1321/158/722 2375/977/1280 2376/978/1283 1320/157/721
f 1320/157/721 2376/978/1283 2377/981/1285 1319/156/719
f 1319/156/719 2377/981/1285 1661/986/1139 1221/155/720
f 2377/981/1285 2380/982/1284 1662/987/1144 1661/986/1139
f 2380/982/1284 2383/985/1288 1663/988/1143 1662/987/1144
f 2383/985/1288 1742/128/702 1278/129/704 1663/988/1143
f 2382/983/1287 1743/127/701 1742/128/702 2383/985/1288
f 2381/984/1286 1744/126/700 1743/127/701 2382/983/1287
f 1322/925/1228 1276/108/698 1744/126/700 2381/984/1286
f 1323/924/1227 1322/925/1228 2381/984/1286 2378/980/1281
f 1324/923/1226 1323/924/1227 2378/980/1281 2375/977/1280
f 2384/989/1289 2387/990/1290 2388/846/1291 2385/846/1292
f 2385/846/1292 2388/846/1291 2389/845/1293 2386/845/1294
f 2387/990/1290 2390/990/1295 2391/846/1296 2388/846/1291
f 2388/846/1291 2391/846/1296 2392/848/1297 2389/845/1293
f 1268/334/865 1609/334/864 2384/989/1289 1648/851/1159
f 1648/851/1159 2384/989/1289 2385/846/1292 1647/846/1158
f 1647/846/1158 2385/846/1292 2386/845/1294 1646/848/1157
f 1646/848/1157 2386/845/1294 1745/109/674 1291/108/673
f 2386/845/1294 2389/845/1293 1746/109/688 1745/109/674
f 2389/845/1293 2392/848/1297 1747/109/686 1746/109/688
f 2392/848/1297 1385/848/814 1283/116/687 1747/109/686
f 2391/846/1296 1386/991/813 1385/848/814 2392/848/1297
f 2390/990/1295 1387/990/811 1386/991/813 2391/846/1296
f 1607/335/867 1229/290/812 1387/990/811 2390/990/1295
f 1608/335/866 1607/335/867 2390/990/1295 2387/990/1290
f 1609/334/864 1608/335/866 2387/990/1290 2384/989/1289
f 2393/992/1298 2396/995/1299 2397/994/1300 2394/993/1301
f 2394/993/1301 2397/994/1300 2398/997/1302 2395/996/1303
f 2396/995/1299 2399/999/1304 2400/998/1305 2397/994/1300
f 2397/994/1300 2400/998/1305 2401/1000/1306 2398/997/1302
f 1237/78/638 1685/1001/1214 2393/992/1298 1435/76/636
f 1435/76/636 2393/992/1298 2394/993/1301 1434/75/635
f 1434/75/635 2394/993/1301 2395/996/1303 1433/74/633
f 1433/74/633 2395/996/1303 1658/1002/1307 1215/73/634
f 2395/996/1303 2398/997/1302 1659/1003/1308 1658/1002/1307
f 2398/997/1302 2401/1000/1306 1660/1004/1309 1659/1003/1308
f 2401/1000/1306 1748/93/652 1277/94/654 1660/1004/1309
f 2400/998/1305 1749/92/651 1748/93/652 2401/1000/1306
f 2399/999/1304 1750/90/650 1749/92/651 2400/998/1305
f 1687/1005/1216 1286/89/648 1750/90/650 2399/999/1304
f 1686/1006/1215 1687/1005/1216 2399/999/1304 2396/995/1299
f 1685/1001/1214 1686/1006/1215 2396/995/1299 2393/992/1298
f 2402/1007/1202 2405/1010/1203 2406/1009/1203 2403/1008/1202
f 2403/1008/1202 2406/1009/1203 2407/1012/1310 2404/1011/1311
f 2405/1010/1203 2408/1014/1204 2409/1013/1204 2406/1009/1203
f 2406/1009/1203 2409/1013/1204 2410/1015/1312 2407/1012/1310
f 1235/28/609 1688/909/1202 2402/1007/1202 1429/26/609
f 1429/26/609 2402/1007/1202 2403/1008/1202 1428/25/609
f 1428/25/609 2403/1008/1202 2404/1011/1311 1427/24/607
f 1427/24/607 2404/1011/1311 1652/1016/1313 1213/23/608
f 2404/1011/1311 2407/1012/1310 1653/1017/1314 1652/1016/1313
f 2407/1012/1310 2410/1015/1312 1654/1018/1315 1653/1017/1314
f 2410/1015/1312 1751/43/617 1275/44/619 1654/1018/1315
f 2409/1013/1204 1752/42/616 1751/43/617 2410/1015/1312
f 2408/1014/1204 1753/40/616 1752/42/616 2409/1013/1204
f 1690/911/1204 1287/39/616 1753/40/616 2408/1014/1204
f 1689/910/1203 1690/911/1204 2408/1014/1204 2405/1010/1203
f 1688/909/1202 1689/910/1203 2405/1010/1203 2402/1007/1202
f 97/20/9 40/19/8 1241/19/604 1298/20/603
f 98/21/10 97/20/9 1298/20/603 1299/21/605
f 99/22/11 98/21/10 1299/21/605 1300/22/606
f 12/23/12 99/22/11 1300/22/606 1213/23/608
f 106/45/19 74/44/18 1275/44/619 1307/45/618
f 107/46/20 106/45/19 1307/45/618 1308/46/620
f 108/47/21 107/46/20 1308/46/620 1309/47/621
f 16/48/22 108/47/21 1309/47/621 1217/48/623
f 115/70/28 44/69/27 1245/69/631 1316/70/630
f 116/71/28 115/70/28 1316/70/630 1317/71/630
f 117/72/29 116/71/28 1317/71/630 1318/72/632
f 14/73/30 117/72/29 1318/72/632 1215/73/634
f 124/95/50 76/94/49 1277/94/654 1325/95/653
f 125/96/51 124/95/50 1325/95/653 1326/96/655
f 126/97/52 125/96/51 1326/96/655 1327/97/656
f 10/98/53 126/97/52 1327/97/656 1211/98/658
f 253/777/363 10/776/53 1211/776/658 1454/777/1063
f 254/778/364 253/777/363 1454/777/1063 1455/778/1064
f 255/779/365 254/778/364 1455/778/1064 1456/779/1065
f 39/780/366 255/779/365 1456/779/1065 1240/780/1066
f 256/793/367 39/780/366 1240/780/1066 1457/793/1067
f 257/794/368 256/793/367 1457/793/1067 1458/794/1068
f 258/795/369 257/794/368 1458/794/1068 1459/795/1069
f 40/19/8 258/795/369 1459/795/1069 1241/19/604
f 265/757/28 16/48/22 1217/48/623 1466/757/1058
f 266/758/28 265/757/28 1466/757/1058 1467/758/630
f 267/759/28 266/758/28 1467/758/630 1468/759/630
f 43/760/362 267/759/28 1468/759/630 1244/760/1059
f 271/745/359 45/698/358 1246/698/1047 1472/745/1054
f 272/746/360 271/745/359 1472/745/1054 1473/746/1055
f 273/747/361 272/746/360 1473/746/1055 1474/747/1056
f 46/151/110 273/747/361 1474/747/1056 1247/151/717
f 328/498/308 61/497/308 1262/497/960 1529/498/960
f 329/499/308 328/498/308 1529/498/960 1530/499/960
f 330/500/308 329/499/308 1530/499/960 1531/500/960
f 49/502/309 330/500/308 1531/500/960 1250/502/961
f 62/64/25 331/410/304 1532/410/950 1263/64/628
f 331/410/304 332/409/303 1533/409/949 1532/410/950
f 332/409/303 333/408/302 1534/408/948 1533/409/949
f 333/408/302 50/224/149 1251/224/766 1534/408/948
f 370/694/355 49/502/309 1250/502/961 1571/694/1044
f 371/695/356 370/694/355 1571/694/1044 1572/695/1045
f 372/696/357 371/695/356 1572/695/1045 1573/696/1046
f 45/698/358 372/696/357 1573/696/1046 1246/698/1047
f 50/224/149 373/223/148 1574/223/765 1251/224/766
f 373/223/148 374/222/147 1575/222/764 1574/223/765
f 374/222/147 375/221/146 1576/221/763 1575/222/764
f 375/221/146 46/151/110 1247/151/717 1576/221/763
f 388/761/308 43/760/362 1244/760/1059 1589/761/960
f 389/762/308 388/761/308 1589/761/960 1590/762/960
f 390/763/308 389/762/308 1590/762/960 1591/763/960
f 61/497/308 390/763/308 1591/763/960 1262/497/960
f 44/69/27 391/68/26 1592/68/629 1245/69/631
f 391/68/26 392/67/26 1593/67/629 1592/68/629
f 392/67/26 393/65/26 1594/65/629 1593/67/629
f 393/65/26 62/64/25 1263/64/628 1594/65/629
f 451/1016/598 12/23/12 1213/23/608 1652/1016/1313
f 452/1017/599 451/1016/598 1652/1016/1313 1653/1017/1314
f 453/1018/600 452/1017/599 1653/1017/1314 1654/1018/1315
f 74/44/18 453/1018/600 1654/1018/1315 1275/44/619
f 457/1002/595 14/73/30 1215/73/634 1658/1002/1307
f 458/1003/596 457/1002/595 1658/1002/1307 1659/1003/1308
f 459/1004/597 458/1003/596 1659/1003/1308 1660/1004/1309
f 76/94/49 459/1004/597 1660/1004/1309 1277/94/654
o Seguro
v 0.018761 0.525611 0.172547
v 0.018761 0.726800 0.172547
v 0.018761 0.525611 0.042201
v 0.018761 0.726800 0.042201
v 0.018761 0.671056 0.179639
v 0.018761 0.653116 0.179639
v 0.018761 0.635176 0.179639
v 0.018761 0.617235 0.179639
v 0.018761 0.502968 0.080472
v 0.018761 0.502968 0.134276
v 0.018761 0.749443 0.134276
v 0.018761 0.749443 0.080472
v 0.018761 0.599295 0.179639
v 0.018761 0.581355 0.179639
v 0.018761 0.563415 0.179639
v 0.018761 0.545475 0.179639
v 0.050601 0.531863 0.160544
v 0.038136 0.527006 0.170379
v 0.050601 0.720548 0.160544
v 0.038136 0.725405 0.170379
v 0.050601 0.531863 0.054204
v 0.038136 0.527006 0.044369
v 0.050601 0.720548 0.054204
v 0.038136 0.725405 0.044369
v 0.038136 0.505595 0.080903
v 0.051902 0.519354 0.082636
v 0.051902 0.519354 0.132112
v 0.038136 0.505595 0.133845
v 0.038136 0.746816 0.133845
v 0.051902 0.733057 0.132112
v 0.051902 0.733057 0.082636
v 0.038136 0.746816 0.080903
v 0.018761 0.688996 0.179639
v 0.018761 0.706936 0.179639
v 0.018761 0.706936 0.035109
v 0.018761 0.688996 0.035109
v 0.018761 0.671056 0.035109
v 0.018761 0.653116 0.035109
v 0.018761 0.635176 0.035109
v 0.018761 0.617235 0.035109
v 0.018761 0.599295 0.035109
v 0.018761 0.581355 0.035109
v 0.018761 0.563415 0.035109
v 0.018761 0.545475 0.035109
v 0.051902 0.704865 0.052611
v 0.051902 0.687385 0.052611
v 0.051902 0.669905 0.052611
v 0.051902 0.652425 0.052611
v 0.051902 0.634945 0.052611
v 0.051902 0.617465 0.052611
v 0.051902 0.599986 0.052611
v 0.051902 0.582506 0.052611
v 0.051902 0.565026 0.052611
v 0.051902 0.547546 0.052611
v 0.038136 0.546399 0.037712
v 0.038136 0.564134 0.037712
v 0.038136 0.581869 0.037712
v 0.038136 0.599603 0.037712
v 0.038136 0.617338 0.037712
v 0.038136 0.635073 0.037712
v 0.038136 0.652808 0.037712
v 0.038136 0.670542 0.037712
v 0.038136 0.688277 0.037712
v 0.038136 0.706012 0.037712
v 0.038136 0.706012 0.177036
v 0.038136 0.688277 0.177036
v 0.038136 0.670542 0.177036
v 0.038136 0.652808 0.177036
v 0.038136 0.635073 0.177036
v 0.038136 0.617338 0.177036
v 0.038136 0.599603 0.177036
v 0.038136 0.581869 0.177036
v 0.038136 0.564134 0.177036
v 0.038136 0.546399 0.177036
v 0.051902 0.547546 0.162137
v 0.051902 0.565026 0.162137
v 0.051902 0.582506 0.162137
v 0.051902 0.599986 0.162137
v 0.051902 0.617465 0.162137
v 0.051902 0.634945 0.162137
v 0.051902 0.652425 0.162137
v 0.051902 0.669905 0.162137
v 0.051902 0.687385 0.162137
v 0.051902 0.704865 0.162137
v 0.053518 0.537551 0.133197
v 0.053518 0.557252 0.133197
v 0.053518 0.576953 0.133197
v 0.053518 0.596654 0.133197
v 0.053518 0.616355 0.133197
v 0.053518 0.636056 0.133197
v 0.053518 0.655757 0.133197
v 0.053518 0.675458 0.133197
v 0.053518 0.695159 0.133197
v 0.053518 0.714860 0.133197
v 0.053518 0.714860 0.081552
v 0.053518 0.695159 0.081552
v 0.053518 0.675458 0.081552
v 0.053518 0.655757 0.081552
v 0.053518 0.636056 0.081552
v 0.053518 0.616355 0.081552
v 0.053518 0.596654 0.081552
v 0.053518 0.576953 0.081552
v 0.053518 0.557252 0.081552
v 0.053518 0.537551 0.081552
v 0.048334 0.540741 0.122237
v 0.048334 0.550796 0.122237
v 0.048334 0.580960 0.122237
v 0.048334 0.591014 0.122237
v 0.048334 0.621178 0.122237
v 0.048334 0.631233 0.122237
v 0.048334 0.661397 0.122237
v 0.048334 0.671451 0.122237
v 0.048334 0.701615 0.122237
v 0.048334 0.711670 0.122237
v 0.048334 0.711670 0.092511
v 0.048334 0.701615 0.092511
v 0.048334 0.671451 0.092511
v 0.048334 0.661397 0.092511
v 0.048334 0.631233 0.092511
v 0.048334 0.621178 0.092511
v 0.048334 0.591014 0.092511
v 0.048334 0.580960 0.092511
v 0.048334 0.550796 0.092511
v 0.048334 0.540741 0.092511
v 0.018761 0.711451 0.179528
v 0.018761 0.716147 0.178752
v 0.018761 0.721203 0.176647
v 0.018761 0.540960 0.035220
v 0.018761 0.536264 0.035996
v 0.018761 0.531208 0.038101
v 0.018761 0.684511 0.035109
v 0.018761 0.680026 0.035109
v 0.018761 0.675541 0.035109
v 0.018761 0.693481 0.179639
v 0.018761 0.697966 0.179639
v 0.018761 0.702451 0.179639
v 0.018761 0.702451 0.035109
v 0.018761 0.697966 0.035109
v 0.018761 0.693481 0.035109
v 0.018761 0.594810 0.035109
v 0.018761 0.590325 0.035109
v 0.018761 0.585840 0.035109
v 0.018761 0.612750 0.035109
v 0.018761 0.608265 0.035109
v 0.018761 0.603780 0.035109
v 0.018761 0.648631 0.035109
v 0.018761 0.644146 0.035109
v 0.018761 0.639661 0.035109
v 0.018761 0.752207 0.093659
v 0.018761 0.753128 0.107374
v 0.018761 0.752207 0.121089
v 0.018761 0.567900 0.179639
v 0.018761 0.572385 0.179639
v 0.018761 0.576870 0.179639
v 0.018761 0.549960 0.179639
v 0.018761 0.554445 0.179639
v 0.018761 0.558930 0.179639
v 0.018761 0.531208 0.176647
v 0.018761 0.536264 0.178752
v 0.018761 0.540960 0.179528
v 0.018761 0.657601 0.179639
v 0.018761 0.662086 0.179639
v 0.018761 0.666571 0.179639
v 0.018761 0.603780 0.179639
v 0.018761 0.608265 0.179639
v 0.018761 0.612750 0.179639
v 0.018761 0.500204 0.121089
v 0.018761 0.499283 0.107374
v 0.018761 0.500204 0.093659
v 0.018761 0.639661 0.179639
v 0.018761 0.644146 0.179639
v 0.018761 0.648631 0.179639
v 0.018761 0.585840 0.179639
v 0.018761 0.590325 0.179639
v 0.018761 0.594810 0.179639
v 0.018761 0.621721 0.179639
v 0.018761 0.626206 0.179639
v 0.018761 0.630691 0.179639
v 0.018761 0.519430 0.165966
v 0.018761 0.513168 0.157126
v 0.018761 0.507468 0.146429
v 0.018761 0.630691 0.035109
v 0.018761 0.626205 0.035109
v 0.018761 0.621720 0.035109
v 0.018761 0.507467 0.068319
v 0.018761 0.513168 0.057622
v 0.018761 0.519430 0.048782
v 0.018761 0.721203 0.038101
v 0.018761 0.716147 0.035996
v 0.018761 0.711451 0.035220
v 0.018761 0.675541 0.179639
v 0.018761 0.680026 0.179639
v 0.018761 0.684511 0.179639
v 0.018761 0.732981 0.048782
v 0.018761 0.739243 0.057622
v 0.018761 0.744944 0.068319
v 0.018761 0.666571 0.035109
v 0.018761 0.662086 0.035109
v 0.018761 0.657601 0.035109
v 0.018761 0.744944 0.146429
v 0.018761 0.739243 0.157126
v 0.018761 0.732981 0.165966
v 0.042413 0.724152 0.046364
v 0.046108 0.722707 0.048944
v 0.048939 0.721393 0.051818
v 0.051875 0.543191 0.052644
v 0.051680 0.538923 0.052875
v 0.051198 0.534900 0.053453
v 0.048939 0.531018 0.051818
v 0.046108 0.529704 0.048944
v 0.042413 0.528259 0.046364
v 0.038136 0.710471 0.037816
v 0.038136 0.715086 0.038544
v 0.038136 0.720012 0.040521
v 0.048939 0.721393 0.162930
v 0.046108 0.722707 0.165804
v 0.042413 0.724152 0.168384
v 0.038136 0.541940 0.176932
v 0.038136 0.537325 0.176204
v 0.038136 0.532399 0.174227
v 0.042413 0.528259 0.168384
v 0.046108 0.529704 0.165804
v 0.048939 0.531018 0.162930
v 0.051875 0.709220 0.162104
v 0.051680 0.713488 0.161873
v 0.051198 0.717511 0.161295
v 0.042434 0.744386 0.133453
v 0.046277 0.741158 0.132979
v 0.049491 0.737319 0.132505
v 0.051902 0.734926 0.120211
v 0.051902 0.735549 0.107374
v 0.051902 0.734926 0.094538
v 0.049491 0.737319 0.082244
v 0.046277 0.741158 0.081770
v 0.042434 0.744386 0.081296
v 0.038136 0.749411 0.093834
v 0.038136 0.750277 0.107374
v 0.038136 0.749412 0.120914
v 0.042434 0.508025 0.081296
v 0.046277 0.511253 0.081770
v 0.049491 0.515092 0.082244
v 0.051903 0.517485 0.094538
v 0.051902 0.516862 0.107374
v 0.051903 0.517485 0.120211
v 0.049491 0.515092 0.132505
v 0.046277 0.511253 0.132979
v 0.042434 0.508025 0.133453
v 0.038136 0.503000 0.120914
v 0.038136 0.502134 0.107374
v 0.038136 0.503000 0.093834
v 0.051875 0.522358 0.142288
v 0.051680 0.525938 0.150534
v 0.051198 0.529412 0.156766
v 0.038136 0.521116 0.164192
v 0.038136 0.515192 0.155827
v 0.038136 0.509822 0.145605
v 0.051198 0.529412 0.057982
v 0.051680 0.525938 0.064214
v 0.051875 0.522358 0.072460
v 0.038136 0.509822 0.069143
v 0.038136 0.515192 0.058921
v 0.038136 0.521116 0.050556
v 0.051875 0.730053 0.072460
v 0.051680 0.726473 0.064214
v 0.051198 0.722999 0.057982
v 0.038136 0.731295 0.050557
v 0.038136 0.737219 0.058921
v 0.038136 0.742589 0.069143
v 0.051198 0.722999 0.156766
v 0.051680 0.726473 0.150534
v 0.051875 0.730053 0.142288
v 0.038136 0.742589 0.145605
v 0.038136 0.737219 0.155827
v 0.038136 0.731295 0.164192
v 0.054110 0.719490 0.132246
v 0.054078 0.723984 0.131895
v 0.053395 0.728554 0.131882
v 0.023781 0.525633 0.172514
v 0.028730 0.525786 0.172277
v 0.033539 0.526200 0.171633
v 0.033539 0.726211 0.171633
v 0.028730 0.726625 0.172277
v 0.023781 0.726778 0.172514
v 0.023781 0.503009 0.134270
v 0.028730 0.503297 0.134223
v 0.033539 0.504077 0.134095
v 0.033539 0.748334 0.134095
v 0.028730 0.749114 0.134223
v 0.023781 0.749402 0.134270
v 0.023781 0.525633 0.042234
v 0.028730 0.525786 0.042471
v 0.033539 0.526200 0.043115
v 0.033539 0.504077 0.080653
v 0.028730 0.503297 0.080525
v 0.023781 0.503009 0.080478
v 0.023781 0.726778 0.042234
v 0.028730 0.726625 0.042471
v 0.033539 0.726211 0.043115
v 0.054110 0.532921 0.082502
v 0.054078 0.528427 0.082853
v 0.053395 0.523857 0.082867
v 0.023781 0.749402 0.080478
v 0.028730 0.749114 0.080525
v 0.033539 0.748334 0.080653
v 0.018761 0.576870 0.035109
v 0.018761 0.572385 0.035109
v 0.018761 0.567900 0.035109
v 0.018761 0.558930 0.035109
v 0.018761 0.554445 0.035109
v 0.018761 0.549960 0.035109
v 0.051198 0.717511 0.053453
v 0.051680 0.713488 0.052875
v 0.051875 0.709220 0.052644
v 0.051902 0.700495 0.052611
v 0.051902 0.696125 0.052611
v 0.051902 0.691755 0.052611
v 0.051902 0.683015 0.052611
v 0.051902 0.678645 0.052611
v 0.051902 0.674275 0.052611
v 0.051902 0.665535 0.052611
v 0.051902 0.661165 0.052611
v 0.051902 0.656795 0.052611
v 0.051902 0.648055 0.052611
v 0.051902 0.643685 0.052611
v 0.051902 0.639315 0.052611
v 0.051902 0.630575 0.052611
v 0.051902 0.626205 0.052611
v 0.051902 0.621835 0.052611
v 0.051902 0.613096 0.052611
v 0.051902 0.608726 0.052611
v 0.051902 0.604356 0.052611
v 0.051902 0.595616 0.052611
v 0.051902 0.591246 0.052611
v 0.051902 0.586876 0.052611
v 0.051902 0.578136 0.052611
v 0.051902 0.573766 0.052611
v 0.051902 0.569396 0.052611
v 0.051902 0.560656 0.052611
v 0.051902 0.556286 0.052611
v 0.051902 0.551916 0.052611
v 0.038136 0.532399 0.040521
v 0.038136 0.537325 0.038544
v 0.038136 0.541940 0.037816
v 0.038136 0.550833 0.037712
v 0.038136 0.555267 0.037712
v 0.038136 0.559700 0.037712
v 0.038136 0.568568 0.037712
v 0.038136 0.573001 0.037712
v 0.038136 0.577435 0.037712
v 0.038136 0.586302 0.037712
v 0.038136 0.590736 0.037712
v 0.038136 0.595170 0.037712
v 0.038136 0.604037 0.037712
v 0.038136 0.608471 0.037712
v 0.038136 0.612904 0.037712
v 0.038136 0.621772 0.037712
v 0.038136 0.626206 0.037712
v 0.038136 0.630639 0.037712
v 0.038136 0.639507 0.037712
v 0.038136 0.643940 0.037712
v 0.038136 0.648374 0.037712
v 0.038136 0.657241 0.037712
v 0.038136 0.661675 0.037712
v 0.038136 0.666109 0.037712
v 0.038136 0.674976 0.037712
v 0.038136 0.679410 0.037712
v 0.038136 0.683843 0.037712
v 0.038136 0.692711 0.037712
v 0.038136 0.697144 0.037712
v 0.038136 0.701578 0.037712
v 0.038136 0.720012 0.174227
v 0.038136 0.715086 0.176204
v 0.038136 0.710471 0.176932
v 0.038136 0.701578 0.177036
v 0.038136 0.697144 0.177036
v 0.038136 0.692711 0.177036
v 0.038136 0.683843 0.177036
v 0.038136 0.679410 0.177036
v 0.038136 0.674976 0.177036
v 0.038136 0.666109 0.177036
v 0.038136 0.661675 0.177036
v 0.038136 0.657241 0.177036
v 0.038136 0.648374 0.177036
v 0.038136 0.643940 0.177036
v 0.038136 0.639507 0.177036
v 0.038136 0.630639 0.177036
v 0.038136 0.626205 0.177036
v 0.038136 0.621772 0.177036
v 0.038136 0.612904 0.177036
v 0.038136 0.608471 0.177036
v 0.038136 0.604037 0.177036
v 0.038136 0.595170 0.177036
v 0.038136 0.590736 0.177036
v 0.038136 0.586302 0.177036
v 0.038136 0.577435 0.177036
v 0.038136 0.573001 0.177036
v 0.038136 0.568568 0.177036
v 0.038136 0.559700 0.177036
v 0.038136 0.555267 0.177036
v 0.038136 0.550833 0.177036
v 0.051198 0.534900 0.161295
v 0.051680 0.538923 0.161873
v 0.051875 0.543191 0.162104
v 0.051903 0.551916 0.162137
v 0.051902 0.556286 0.162137
v 0.051902 0.560656 0.162137
v 0.051903 0.569396 0.162137
v 0.051902 0.573766 0.162137
v 0.051902 0.578136 0.162137
v 0.051903 0.586876 0.162137
v 0.051902 0.591246 0.162137
v 0.051902 0.595616 0.162137
v 0.051903 0.604356 0.162137
v 0.051902 0.608726 0.162137
v 0.051902 0.613095 0.162137
v 0.051903 0.621836 0.162137
v 0.051902 0.626206 0.162137
v 0.051902 0.630576 0.162137
v 0.051903 0.639315 0.162137
v 0.051902 0.643685 0.162137
v 0.051902 0.648055 0.162137
v 0.051903 0.656795 0.162137
v 0.051902 0.661165 0.162137
v 0.051902 0.665535 0.162137
v 0.051903 0.674275 0.162137
v 0.051902 0.678645 0.162137
v 0.051902 0.683015 0.162137
v 0.051903 0.691755 0.162137
v 0.051902 0.696125 0.162137
v 0.051902 0.700495 0.162137
v 0.053395 0.523857 0.131882
v 0.054078 0.528427 0.131895
v 0.054110 0.532921 0.132246
v 0.053281 0.543075 0.138453
v 0.053216 0.547900 0.139848
v 0.053281 0.552511 0.138453
v 0.054138 0.562678 0.132260
v 0.054302 0.567477 0.132004
v 0.054138 0.572114 0.132260
v 0.053281 0.582281 0.138453
v 0.053216 0.587053 0.139848
v 0.053281 0.591717 0.138453
v 0.054138 0.601885 0.132260
v 0.054302 0.606629 0.132004
v 0.054138 0.611320 0.132260
v 0.053281 0.621488 0.138453
v 0.053216 0.626206 0.139848
v 0.053281 0.630923 0.138453
v 0.054138 0.641091 0.132260
v 0.054302 0.645782 0.132004
v 0.054138 0.650526 0.132260
v 0.053281 0.660694 0.138453
v 0.053216 0.665358 0.139848
v 0.053281 0.670130 0.138453
v 0.054138 0.680297 0.132260
v 0.054302 0.684934 0.132004
v 0.054138 0.689733 0.132260
v 0.053281 0.699900 0.138453
v 0.053216 0.704511 0.139848
v 0.053281 0.709336 0.138453
v 0.053395 0.728554 0.082867
v 0.054078 0.723984 0.082853
v 0.054110 0.719490 0.082502
v 0.053281 0.709336 0.076295
v 0.053216 0.704511 0.074900
v 0.053281 0.699900 0.076295
v 0.054138 0.689733 0.082488
v 0.054302 0.684934 0.082745
v 0.054138 0.680297 0.082488
v 0.053281 0.670130 0.076295
v 0.053216 0.665358 0.074900
v 0.053281 0.660694 0.076295
v 0.054138 0.650526 0.082488
v 0.054302 0.645782 0.082745
v 0.054138 0.641091 0.082488
v 0.053281 0.630923 0.076295
v 0.053216 0.626206 0.074900
v 0.053281 0.621488 0.076295
v 0.054138 0.611320 0.082488
v 0.054302 0.606629 0.082745
v 0.054138 0.601885 0.082488
v 0.053281 0.591717 0.076295
v 0.053216 0.587053 0.074900
v 0.053281 0.582281 0.076295
v 0.054138 0.572114 0.082488
v 0.054302 0.567477 0.082745
v 0.054138 0.562678 0.082488
v 0.053281 0.552511 0.076295
v 0.053216 0.547900 0.074900
v 0.053281 0.543075 0.076295
v 0.054110 0.540302 0.142674
v 0.054078 0.543176 0.150016
v 0.053395 0.545759 0.156457
v 0.054110 0.559392 0.142674
v 0.054078 0.561627 0.150016
v 0.053395 0.563636 0.156457
v 0.054110 0.578481 0.142674
v 0.054078 0.580078 0.150016
v 0.053395 0.581513 0.156457
v 0.054110 0.597571 0.142674
v 0.054078 0.598529 0.150016
v 0.053395 0.599390 0.156457
v 0.054110 0.616661 0.142674
v 0.054078 0.616980 0.150016
v 0.053395 0.617267 0.156457
v 0.054110 0.635750 0.142674
v 0.054078 0.635431 0.150016
v 0.053395 0.635144 0.156457
v 0.054110 0.654840 0.142674
v 0.054078 0.653882 0.150016
v 0.053395 0.653021 0.156457
v 0.054110 0.673930 0.142674
v 0.054078 0.672333 0.150016
v 0.053395 0.670898 0.156457
v 0.054110 0.693019 0.142674
v 0.054078 0.690784 0.150016
v 0.053395 0.688775 0.156457
v 0.054110 0.712109 0.142674
v 0.054078 0.709235 0.150016
v 0.053395 0.706652 0.156457
v 0.042434 0.705214 0.174607
v 0.046277 0.704482 0.171269
v 0.049491 0.704228 0.167090
v 0.042434 0.687656 0.174607
v 0.046277 0.687087 0.171269
v 0.049491 0.686889 0.167090
v 0.042434 0.670099 0.174607
v 0.046277 0.669692 0.171269
v 0.049491 0.669551 0.167090
v 0.042434 0.652542 0.174607
v 0.046277 0.652297 0.171269
v 0.049491 0.652213 0.167090
v 0.042434 0.634984 0.174607
v 0.046277 0.634903 0.171269
v 0.049491 0.634875 0.167090
v 0.042434 0.617427 0.174607
v 0.046277 0.617508 0.171269
v 0.049491 0.617536 0.167090
v 0.042434 0.599869 0.174607
v 0.046277 0.600113 0.171269
v 0.049491 0.600198 0.167090
v 0.042434 0.582312 0.174607
v 0.046277 0.582719 0.171269
v 0.049491 0.582860 0.167090
v 0.042434 0.564755 0.174607
v 0.046277 0.565324 0.171269
v 0.049491 0.565522 0.167090
v 0.042434 0.547197 0.174607
v 0.046277 0.547929 0.171269
v 0.049491 0.548183 0.167090
v 0.049491 0.704228 0.047658
v 0.046277 0.704482 0.043479
v 0.042434 0.705214 0.040142
v 0.049491 0.686889 0.047658
v 0.046277 0.687087 0.043479
v 0.042434 0.687656 0.040142
v 0.049491 0.669551 0.047658
v 0.046277 0.669692 0.043479
v 0.042434 0.670099 0.040142
v 0.049491 0.652213 0.047658
v 0.046277 0.652298 0.043479
v 0.042434 0.652542 0.040142
v 0.049491 0.634875 0.047658
v 0.046277 0.634903 0.043479
v 0.042434 0.634984 0.040142
v 0.049491 0.617536 0.047658
v 0.046277 0.617508 0.043479
v 0.042434 0.617427 0.040142
v 0.049491 0.600198 0.047658
v 0.046277 0.600114 0.043479
v 0.042434 0.599869 0.040142
v 0.049491 0.582860 0.047658
v 0.046277 0.582719 0.043479
v 0.042434 0.582312 0.040142
v 0.049491 0.565521 0.047658
v 0.046277 0.565324 0.043479
v 0.042434 0.564755 0.040142
v 0.049491 0.548183 0.047658
v 0.046277 0.547929 0.043479
v 0.042434 0.547197 0.040142
v 0.033539 0.545865 0.178541
v 0.028730 0.545590 0.179313
v 0.023781 0.545489 0.179598
v 0.033539 0.563718 0.178541
v 0.028730 0.563505 0.179313
v 0.023781 0.563426 0.179598
v 0.033539 0.581572 0.178541
v 0.028730 0.581419 0.179313
v 0.023781 0.581363 0.179598
v 0.033539 0.599425 0.178541
v 0.028730 0.599334 0.179313
v 0.023781 0.599300 0.179598
v 0.033539 0.617279 0.178541
v 0.028730 0.617248 0.179313
v 0.023781 0.617237 0.179598
v 0.033539 0.635132 0.178541
v 0.028730 0.635163 0.179313
v 0.023781 0.635174 0.179598
v 0.033539 0.652986 0.178541
v 0.028730 0.653077 0.179313
v 0.023781 0.653111 0.179598
v 0.033539 0.670839 0.178541
v 0.028730 0.670992 0.179313
v 0.023781 0.671048 0.179598
v 0.033539 0.688693 0.178541
v 0.028730 0.688906 0.179313
v 0.023781 0.688985 0.179598
v 0.033539 0.706546 0.178541
v 0.028730 0.706821 0.179313
v 0.023781 0.706922 0.179598
v 0.053281 0.718092 0.120306
v 0.053216 0.718960 0.107374
v 0.053281 0.718092 0.094443
v 0.053281 0.693978 0.120305
v 0.053216 0.693652 0.107374
v 0.053281 0.693978 0.094443
v 0.053281 0.678177 0.120306
v 0.053216 0.678910 0.107374
v 0.053281 0.678177 0.094443
v 0.053281 0.654064 0.120305
v 0.053216 0.653602 0.107374
v 0.053281 0.654064 0.094443
v 0.053281 0.638262 0.120306
v 0.053216 0.638860 0.107374
v 0.053281 0.638262 0.094443
v 0.053281 0.614149 0.120305
v 0.053216 0.613551 0.107374
v 0.053281 0.614149 0.094443
v 0.053281 0.598347 0.120306
v 0.053216 0.598809 0.107374
v 0.053281 0.598347 0.094443
v 0.053281 0.574234 0.120305
v 0.053216 0.573501 0.107374
v 0.053281 0.574234 0.094443
v 0.053281 0.558433 0.120306
v 0.053216 0.558759 0.107374
v 0.053281 0.558432 0.094443
v 0.053281 0.534319 0.120306
v 0.053216 0.533451 0.107374
v 0.053281 0.534319 0.094443
v 0.023781 0.545489 0.035150
v 0.028730 0.545590 0.035435
v 0.033539 0.545865 0.036207
v 0.023781 0.563426 0.035150
v 0.028730 0.563505 0.035435
v 0.033539 0.563718 0.036207
v 0.023781 0.581363 0.035150
v 0.028730 0.581419 0.035435
v 0.033539 0.581572 0.036207
v 0.023781 0.599300 0.035150
v 0.028730 0.599334 0.035435
v 0.033539 0.599425 0.036207
v 0.023781 0.617237 0.035150
v 0.028730 0.617248 0.035435
v 0.033539 0.617279 0.036207
v 0.023781 0.635174 0.035150
v 0.028730 0.635163 0.035435
v 0.033539 0.635132 0.036207
v 0.023781 0.653111 0.035150
v 0.028730 0.653077 0.035435
v 0.033539 0.652986 0.036207
v 0.023781 0.671048 0.035150
v 0.028730 0.670992 0.035435
v 0.033539 0.670839 0.036207
v 0.023781 0.688985 0.035150
v 0.028730 0.688906 0.035435
v 0.033539 0.688693 0.036207
v 0.023781 0.706922 0.035150
v 0.028730 0.706821 0.035435
v 0.033539 0.706546 0.036207
v 0.053395 0.545759 0.058291
v 0.054078 0.543176 0.064732
v 0.054110 0.540302 0.072074
v 0.053395 0.563636 0.058291
v 0.054078 0.561627 0.064732
v 0.054110 0.559392 0.072074
v 0.053395 0.581513 0.058291
v 0.054078 0.580078 0.064732
v 0.054110 0.578481 0.072074
v 0.053395 0.599390 0.058291
v 0.054078 0.598529 0.064732
v 0.054110 0.597571 0.072074
v 0.053395 0.617267 0.058291
v 0.054078 0.616980 0.064732
v 0.054110 0.616661 0.072074
v 0.053395 0.635144 0.058291
v 0.054078 0.635431 0.064732
v 0.054110 0.635750 0.072074
v 0.053395 0.653021 0.058291
v 0.054078 0.653882 0.064732
v 0.054110 0.654840 0.072074
v 0.053395 0.670898 0.058291
v 0.054078 0.672333 0.064732
v 0.054110 0.673930 0.072074
v 0.053395 0.688775 0.058291
v 0.054078 0.690784 0.064732
v 0.054110 0.693019 0.072074
v 0.053395 0.706652 0.058291
v 0.054078 0.709235 0.064732
v 0.054110 0.712109 0.072074
v 0.048034 0.542786 0.124405
v 0.047883 0.545768 0.125494
v 0.048034 0.548751 0.124405
v 0.048034 0.583004 0.124405
v 0.047883 0.585987 0.125494
v 0.048034 0.588970 0.124405
v 0.048034 0.623223 0.124405
v 0.047883 0.626205 0.125494
v 0.048034 0.629188 0.124405
v 0.048034 0.663441 0.124405
v 0.047883 0.666424 0.125494
v 0.048034 0.669407 0.124405
v 0.048034 0.703660 0.124405
v 0.047883 0.706643 0.125494
v 0.048034 0.709625 0.124405
v 0.048034 0.709625 0.090343
v 0.047883 0.706643 0.089254
v 0.048034 0.703660 0.090343
v 0.048034 0.669407 0.090343
v 0.047883 0.666424 0.089254
v 0.048034 0.663441 0.090343
v 0.048034 0.629188 0.090343
v 0.047883 0.626206 0.089254
v 0.048034 0.623223 0.090343
v 0.048034 0.588970 0.090343
v 0.047883 0.585987 0.089254
v 0.048034 0.583004 0.090343
v 0.048034 0.548751 0.090343
v 0.047883 0.545768 0.089254
v 0.048034 0.542786 0.090343
v 0.048034 0.712403 0.116192
v 0.047883 0.712772 0.107374
v 0.048034 0.712403 0.098556
v 0.048034 0.700882 0.116192
v 0.047883 0.700514 0.107374
v 0.048034 0.700882 0.098556
v 0.048034 0.672185 0.116192
v 0.047883 0.672553 0.107374
v 0.048034 0.672185 0.098556
v 0.048034 0.660663 0.116192
v 0.047883 0.660295 0.107374
v 0.048034 0.660663 0.098556
v 0.048034 0.631966 0.116192
v 0.047883 0.632334 0.107374
v 0.048034 0.631966 0.098556
v 0.048034 0.620445 0.116192
v 0.047883 0.620076 0.107374
v 0.048034 0.620445 0.098556
v 0.048034 0.591748 0.116192
v 0.047883 0.592116 0.107374
v 0.048034 0.591748 0.098556
v 0.048034 0.580226 0.116192
v 0.047883 0.579858 0.107374
v 0.048034 0.580226 0.098556
v 0.048034 0.551529 0.116192
v 0.047883 0.551897 0.107374
v 0.048034 0.551529 0.098556
v 0.048034 0.540008 0.116192
v 0.047883 0.539639 0.107374
v 0.048034 0.540008 0.098556
v 0.052042 0.594103 0.129271
v 0.050521 0.592821 0.126973
v 0.049187 0.591836 0.124590
v 0.049187 0.591836 0.090158
v 0.050521 0.592821 0.087775
v 0.052042 0.594103 0.085477
v 0.052042 0.658308 0.129271
v 0.050521 0.659590 0.126973
v 0.049187 0.660575 0.124590
v 0.049187 0.672252 0.124590
v 0.050521 0.673090 0.126973
v 0.052042 0.673954 0.129271
v 0.052042 0.634028 0.085477
v 0.050521 0.632956 0.087775
v 0.049187 0.632044 0.090158
v 0.049187 0.620367 0.090158
v 0.050521 0.619455 0.087775
v 0.052042 0.618383 0.085477
v 0.052042 0.578457 0.085477
v 0.050521 0.579321 0.087775
v 0.049187 0.580159 0.090158
v 0.049187 0.580159 0.124590
v 0.050521 0.579321 0.126973
v 0.052042 0.578457 0.129271
v 0.052042 0.713879 0.129271
v 0.050521 0.713224 0.126973
v 0.049187 0.712460 0.124590
v 0.049187 0.712460 0.090158
v 0.050521 0.713224 0.087775
v 0.052042 0.713879 0.085477
v 0.052042 0.538532 0.129271
v 0.050521 0.539187 0.126973
v 0.049187 0.539951 0.124590
v 0.049187 0.551628 0.124590
v 0.050521 0.552687 0.126973
v 0.052042 0.554178 0.129271
v 0.049187 0.551628 0.090158
v 0.050521 0.552687 0.087775
v 0.052042 0.554178 0.085477
v 0.052042 0.698233 0.129271
v 0.050521 0.699724 0.126973
v 0.049187 0.700783 0.124590
v 0.052042 0.698233 0.085477
v 0.050521 0.699724 0.087775
v 0.049187 0.700783 0.090158
v 0.052042 0.538532 0.085477
v 0.050521 0.539187 0.087775
v 0.049187 0.539951 0.090158
v 0.049187 0.672252 0.090158
v 0.050521 0.673090 0.087775
v 0.052042 0.673954 0.085477
v 0.052042 0.658308 0.085477
v 0.050521 0.659590 0.087775
v 0.049187 0.660575 0.090158
v 0.052042 0.634028 0.129271
v 0.050521 0.632955 0.126973
v 0.049187 0.632044 0.124590
v 0.052042 0.618382 0.129271
v 0.050521 0.619455 0.126973
v 0.049187 0.620367 0.124590
v 0.023781 0.519456 0.048810
v 0.028730 0.519641 0.049003
v 0.033539 0.520142 0.049530
v 0.023781 0.513200 0.057642
v 0.028730 0.513422 0.057783
v 0.033539 0.514022 0.058169
v 0.023781 0.507505 0.068331
v 0.028730 0.507762 0.068421
v 0.033539 0.508461 0.068665
v 0.053365 0.711100 0.058327
v 0.053121 0.715436 0.058391
v 0.052460 0.719515 0.058444
v 0.054085 0.713806 0.064949
v 0.053849 0.718266 0.064988
v 0.053121 0.722542 0.064813
v 0.054244 0.716780 0.072811
v 0.054085 0.721326 0.073026
v 0.053365 0.725784 0.072904
v 0.023781 0.507505 0.146417
v 0.028730 0.507762 0.146327
v 0.033539 0.508461 0.146083
v 0.023781 0.513200 0.157107
v 0.028730 0.513422 0.156965
v 0.033539 0.514023 0.156579
v 0.023781 0.519456 0.165939
v 0.028730 0.519641 0.165745
v 0.033539 0.520142 0.165218
v 0.023781 0.711436 0.035261
v 0.023781 0.716130 0.036036
v 0.023781 0.721184 0.038139
v 0.028730 0.711329 0.035545
v 0.028730 0.716014 0.036314
v 0.028730 0.721054 0.038403
v 0.033539 0.711038 0.036315
v 0.033539 0.715699 0.037071
v 0.033539 0.720701 0.039122
v 0.033539 0.732269 0.049530
v 0.028730 0.732770 0.049003
v 0.023781 0.732955 0.048810
v 0.033539 0.738389 0.058169
v 0.028730 0.738989 0.057783
v 0.023781 0.739211 0.057642
v 0.033539 0.743950 0.068665
v 0.028730 0.744649 0.068421
v 0.023781 0.744906 0.068331
v 0.053988 0.530959 0.120357
v 0.054043 0.526706 0.120168
v 0.053390 0.522120 0.120123
v 0.053945 0.530250 0.107374
v 0.054029 0.526110 0.107374
v 0.053389 0.521538 0.107374
v 0.053988 0.530959 0.094391
v 0.054043 0.526706 0.094580
v 0.053390 0.522120 0.094625
v 0.033539 0.711038 0.178433
v 0.033539 0.715699 0.177677
v 0.033539 0.720701 0.175626
v 0.028730 0.711329 0.179203
v 0.028730 0.716014 0.178434
v 0.028730 0.721054 0.176345
v 0.023781 0.711436 0.179487
v 0.023781 0.716130 0.178713
v 0.023781 0.721184 0.176609
v 0.053365 0.526627 0.141844
v 0.054085 0.531085 0.141723
v 0.054244 0.535631 0.141938
v 0.053121 0.529869 0.149936
v 0.053849 0.534145 0.149761
v 0.054085 0.538605 0.149799
v 0.052460 0.532896 0.156304
v 0.053121 0.536974 0.156357
v 0.053365 0.541311 0.156422
v 0.023781 0.752163 0.121087
v 0.028730 0.751857 0.121068
v 0.033539 0.751027 0.121016
v 0.023781 0.753083 0.107374
v 0.028730 0.752771 0.107374
v 0.033539 0.751924 0.107374
v 0.023781 0.752163 0.093662
v 0.028730 0.751857 0.093680
v 0.033539 0.751027 0.093732
v 0.033539 0.501384 0.121016
v 0.028730 0.500554 0.121068
v 0.023781 0.500248 0.121087
v 0.033539 0.500487 0.107374
v 0.028730 0.499640 0.107374
v 0.023781 0.499328 0.107374
v 0.033539 0.501384 0.093732
v 0.028730 0.500554 0.093680
v 0.023781 0.500248 0.093662
v 0.033539 0.743950 0.146083
v 0.028730 0.744649 0.146327
v 0.023781 0.744906 0.146417
v 0.033539 0.738388 0.156579
v 0.028730 0.738989 0.156965
v 0.023781 0.739211 0.157107
v 0.033539 0.732269 0.165218
v 0.028730 0.732770 0.165745
v 0.023781 0.732955 0.165939
v 0.049475 0.543851 0.047719
v 0.049363 0.539530 0.048142
v 0.049113 0.535242 0.049317
v 0.046272 0.543568 0.043563
v 0.046235 0.539132 0.044145
v 0.046156 0.534541 0.045744
v 0.042433 0.542786 0.040238
v 0.042429 0.538246 0.040917
v 0.042419 0.533448 0.042762
v 0.042433 0.542786 0.174510
v 0.042429 0.538246 0.173831
v 0.042419 0.533448 0.171986
v 0.046272 0.543568 0.171186
v 0.046235 0.539132 0.170603
v 0.046156 0.534541 0.169004
v 0.049475 0.543851 0.167029
v 0.049363 0.539530 0.166606
v 0.049113 0.535241 0.165431
v 0.049491 0.739371 0.120370
v 0.049491 0.740056 0.107374
v 0.049491 0.739371 0.094378
v 0.046277 0.743410 0.120563
v 0.046277 0.744160 0.107374
v 0.046277 0.743410 0.094186
v 0.042434 0.746828 0.120755
v 0.042434 0.747642 0.107374
v 0.042434 0.746828 0.093993
v 0.049491 0.513040 0.094378
v 0.049491 0.512356 0.107374
v 0.049491 0.513040 0.120370
v 0.046277 0.509001 0.094186
v 0.046277 0.508250 0.107374
v 0.046277 0.509001 0.120563
v 0.042434 0.505583 0.093993
v 0.042434 0.504769 0.107374
v 0.042434 0.505583 0.120755
v 0.049475 0.518412 0.143037
v 0.049363 0.522495 0.151706
v 0.049113 0.526788 0.158377
v 0.046272 0.514916 0.143948
v 0.046235 0.519538 0.153190
v 0.046156 0.524603 0.160526
v 0.042433 0.512004 0.144856
v 0.042429 0.517063 0.154644
v 0.042419 0.522658 0.162568
v 0.049113 0.526788 0.056371
v 0.049363 0.522495 0.063042
v 0.049475 0.518412 0.071712
v 0.046156 0.524603 0.054222
v 0.046235 0.519538 0.061559
v 0.046272 0.514916 0.070800
v 0.042419 0.522658 0.052180
v 0.042429 0.517063 0.060104
v 0.042433 0.512004 0.069892
v 0.049475 0.733999 0.071712
v 0.049363 0.729916 0.063042
v 0.049113 0.725623 0.056371
v 0.046272 0.737495 0.070800
v 0.046235 0.732873 0.061559
v 0.046156 0.727808 0.054222
v 0.042433 0.740407 0.069892
v 0.042429 0.735348 0.060104
v 0.042419 0.729753 0.052180
v 0.049113 0.725623 0.158377
v 0.049363 0.729916 0.151706
v 0.049475 0.733999 0.143037
v 0.046156 0.727808 0.160526
v 0.046235 0.732873 0.153190
v 0.046272 0.737495 0.143948
v 0.042419 0.729753 0.162568
v 0.042429 0.735348 0.154644
v 0.042433 0.740407 0.144856
v 0.054244 0.716780 0.141938
v 0.054085 0.721326 0.141723
v 0.053365 0.725784 0.141844
v 0.054085 0.713806 0.149799
v 0.053849 0.718266 0.149760
v 0.053121 0.722542 0.149936
v 0.053365 0.711100 0.156422
v 0.053121 0.715437 0.156357
v 0.052460 0.719515 0.156304
v 0.053988 0.545165 0.144031
v 0.053945 0.549981 0.144689
v 0.053988 0.554681 0.144031
v 0.054043 0.547804 0.150363
v 0.054029 0.552435 0.150554
v 0.054043 0.557033 0.150363
v 0.053390 0.550230 0.156501
v 0.053389 0.554702 0.156524
v 0.053390 0.559169 0.156501
v 0.054277 0.564235 0.141941
v 0.054353 0.569037 0.141747
v 0.054277 0.573752 0.141941
v 0.054122 0.566251 0.149795
v 0.054144 0.570878 0.149729
v 0.054122 0.575480 0.149795
v 0.053400 0.568107 0.156430
v 0.053403 0.572578 0.156421
v 0.053400 0.577045 0.156430
v 0.053988 0.583306 0.144031
v 0.053945 0.588093 0.144689
v 0.053988 0.592823 0.144031
v 0.054043 0.584698 0.150363
v 0.054029 0.589320 0.150554
v 0.054043 0.593926 0.150363
v 0.053390 0.585983 0.156501
v 0.053389 0.590454 0.156524
v 0.053390 0.594922 0.156501
v 0.054277 0.602376 0.141941
v 0.054353 0.607149 0.141747
v 0.054277 0.611893 0.141941
v 0.054122 0.603144 0.149795
v 0.054144 0.607763 0.149729
v 0.054122 0.612373 0.149795
v 0.053400 0.603860 0.156430
v 0.053403 0.608330 0.156421
v 0.053400 0.612798 0.156430
v 0.053988 0.621447 0.144031
v 0.053945 0.626206 0.144689
v 0.053988 0.630964 0.144031
v 0.054043 0.621591 0.150363
v 0.054029 0.626205 0.150554
v 0.054043 0.630820 0.150363
v 0.053390 0.621736 0.156501
v 0.053389 0.626206 0.156524
v 0.053390 0.630675 0.156501
v 0.054277 0.640518 0.141941
v 0.054353 0.645262 0.141747
v 0.054277 0.650035 0.141941
v 0.054122 0.640038 0.149795
v 0.054144 0.644648 0.149729
v 0.054122 0.649267 0.149795
v 0.053400 0.639612 0.156430
v 0.053403 0.644081 0.156421
v 0.053400 0.648551 0.156430
v 0.053988 0.659588 0.144031
v 0.053945 0.664318 0.144689
v 0.053988 0.669105 0.144031
v 0.054043 0.658485 0.150363
v 0.054029 0.663090 0.150554
v 0.054043 0.667713 0.150363
v 0.053390 0.657489 0.156501
v 0.053389 0.661957 0.156524
v 0.053390 0.666428 0.156501
v 0.054277 0.678659 0.141941
v 0.054353 0.683374 0.141747
v 0.054277 0.688176 0.141941
v 0.054122 0.676932 0.149795
v 0.054144 0.681533 0.149729
v 0.054122 0.686160 0.149795
v 0.053400 0.675366 0.156430
v 0.053403 0.679833 0.156421
v 0.053400 0.684304 0.156430
v 0.053988 0.697730 0.144031
v 0.053945 0.702430 0.144689
v 0.053988 0.707246 0.144031
v 0.054043 0.695378 0.150363
v 0.054029 0.699976 0.150554
v 0.054043 0.704607 0.150363
v 0.053390 0.693242 0.156501
v 0.053389 0.697709 0.156524
v 0.053390 0.702181 0.156501
v 0.042419 0.718963 0.171986
v 0.042429 0.714165 0.173831
v 0.042433 0.709625 0.174510
v 0.046156 0.717870 0.169004
v 0.046235 0.713279 0.170603
v 0.046272 0.708843 0.171186
v 0.049113 0.717169 0.165431
v 0.049363 0.712881 0.166606
v 0.049475 0.708560 0.167029
v 0.042434 0.700824 0.174607
v 0.042434 0.696435 0.174607
v 0.042434 0.692046 0.174607
v 0.046277 0.700133 0.171269
v 0.046277 0.695784 0.171269
v 0.046277 0.691436 0.171269
v 0.049491 0.699893 0.167090
v 0.049491 0.695559 0.167090
v 0.049491 0.691224 0.167090
v 0.042434 0.683267 0.174607
v 0.042434 0.678878 0.174607
v 0.042434 0.674488 0.174607
v 0.046277 0.682738 0.171269
v 0.046277 0.678390 0.171269
v 0.046277 0.674041 0.171269
v 0.049491 0.682555 0.167090
v 0.049491 0.678220 0.167090
v 0.049491 0.673886 0.167090
v 0.042434 0.665710 0.174607
v 0.042434 0.661320 0.174607
v 0.042434 0.656931 0.174607
v 0.046277 0.665343 0.171269
v 0.046277 0.660995 0.171269
v 0.046277 0.656646 0.171269
v 0.049491 0.665217 0.167090
v 0.049491 0.660882 0.167090
v 0.049491 0.656547 0.167090
v 0.042434 0.648152 0.174607
v 0.042434 0.643763 0.174607
v 0.042434 0.639373 0.174607
v 0.046277 0.647949 0.171269
v 0.046277 0.643600 0.171269
v 0.046277 0.639251 0.171269
v 0.049491 0.647878 0.167090
v 0.049491 0.643544 0.167090
v 0.049491 0.639209 0.167090
v 0.042434 0.630595 0.174607
v 0.042434 0.626205 0.174607
v 0.042434 0.621816 0.174607
v 0.046277 0.630554 0.171269
v 0.046277 0.626205 0.171269
v 0.046277 0.621857 0.171269
v 0.049491 0.630540 0.167090
v 0.049491 0.626206 0.167090
v 0.049491 0.621871 0.167090
v 0.042434 0.613038 0.174607
v 0.042434 0.608648 0.174607
v 0.042434 0.604259 0.174607
v 0.046277 0.613159 0.171269
v 0.046277 0.608811 0.171269
v 0.046277 0.604462 0.171269
v 0.049491 0.613202 0.167090
v 0.049491 0.608867 0.167090
v 0.049491 0.604533 0.167090
v 0.042434 0.595480 0.174607
v 0.042434 0.591091 0.174607
v 0.042434 0.586701 0.174607
v 0.046277 0.595765 0.171269
v 0.046277 0.591416 0.171269
v 0.046277 0.587067 0.171269
v 0.049491 0.595863 0.167090
v 0.049491 0.591529 0.167090
v 0.049491 0.587194 0.167090
v 0.042434 0.577923 0.174607
v 0.042434 0.573533 0.174607
v 0.042434 0.569144 0.174607
v 0.046277 0.578370 0.171269
v 0.046277 0.574021 0.171269
v 0.046277 0.569673 0.171269
v 0.049491 0.578525 0.167090
v 0.049491 0.574191 0.167090
v 0.049491 0.569856 0.167090
v 0.042434 0.560365 0.174607
v 0.042434 0.555976 0.174607
v 0.042434 0.551587 0.174607
v 0.046277 0.560975 0.171269
v 0.046277 0.556627 0.171269
v 0.046277 0.552278 0.171269
v 0.049491 0.561187 0.167090
v 0.049491 0.556852 0.167090
v 0.049491 0.552518 0.167090
v 0.049113 0.717170 0.049317
v 0.049363 0.712881 0.048142
v 0.049475 0.708560 0.047719
v 0.046156 0.717870 0.045744
v 0.046235 0.713279 0.044145
v 0.046272 0.708843 0.043563
v 0.042419 0.718963 0.042762
v 0.042429 0.714165 0.040917
v 0.042433 0.709625 0.040238
v 0.049491 0.699893 0.047658
v 0.049491 0.695559 0.047658
v 0.049491 0.691224 0.047658
v 0.046277 0.700133 0.043479
v 0.046277 0.695784 0.043479
v 0.046277 0.691436 0.043479
v 0.042434 0.700824 0.040142
v 0.042434 0.696435 0.040142
v 0.042434 0.692046 0.040142
v 0.049491 0.682555 0.047658
v 0.049491 0.678220 0.047658
v 0.049491 0.673886 0.047658
v 0.046277 0.682738 0.043479
v 0.046277 0.678390 0.043479
v 0.046277 0.674041 0.043479
v 0.042434 0.683267 0.040142
v 0.042434 0.678878 0.040142
v 0.042434 0.674488 0.040142
v 0.049491 0.665217 0.047658
v 0.049491 0.660882 0.047658
v 0.049491 0.656547 0.047658
v 0.046277 0.665343 0.043479
v 0.046277 0.660995 0.043479
v 0.046277 0.656646 0.043479
v 0.042434 0.665710 0.040142
v 0.042434 0.661320 0.040142
v 0.042434 0.656931 0.040142
v 0.049491 0.647878 0.047658
v 0.049491 0.643544 0.047658
v 0.049491 0.639209 0.047658
v 0.046277 0.647949 0.043479
v 0.046277 0.643600 0.043479
v 0.046277 0.639251 0.043479
v 0.042434 0.648152 0.040142
v 0.042434 0.643763 0.040142
v 0.042434 0.639374 0.040142
v 0.049491 0.630540 0.047658
v 0.049491 0.626205 0.047658
v 0.049491 0.621871 0.047658
v 0.046277 0.630554 0.043479
v 0.046277 0.626206 0.043479
v 0.046277 0.621857 0.043479
v 0.042434 0.630595 0.040142
v 0.042434 0.626206 0.040142
v 0.042434 0.621816 0.040142
v 0.049491 0.613202 0.047658
v 0.049491 0.608867 0.047658
v 0.049491 0.604533 0.047658
v 0.046277 0.613159 0.043479
v 0.046277 0.608811 0.043479
v 0.046277 0.604462 0.043479
v 0.042434 0.613037 0.040142
v 0.042434 0.608648 0.040142
v 0.042434 0.604259 0.040142
v 0.049491 0.595864 0.047658
v 0.049491 0.591529 0.047658
v 0.049491 0.587194 0.047658
v 0.046277 0.595765 0.043479
v 0.046277 0.591416 0.043479
v 0.046277 0.587067 0.043479
v 0.042434 0.595480 0.040142
v 0.042434 0.591091 0.040142
v 0.042434 0.586701 0.040142
v 0.049491 0.578525 0.047658
v 0.049491 0.574191 0.047658
v 0.049491 0.569856 0.047658
v 0.046277 0.578370 0.043479
v 0.046277 0.574021 0.043479
v 0.046277 0.569673 0.043479
v 0.042434 0.577923 0.040142
v 0.042434 0.573533 0.040142
v 0.042434 0.569144 0.040142
v 0.049491 0.561187 0.047658
v 0.049491 0.556852 0.047658
v 0.049491 0.552518 0.047658
v 0.046277 0.560975 0.043479
v 0.046277 0.556627 0.043479
v 0.046277 0.552278 0.043479
v 0.042434 0.560365 0.040142
v 0.042434 0.555976 0.040142
v 0.042434 0.551587 0.040142
v 0.033539 0.531710 0.175626
v 0.033539 0.536712 0.177677
v 0.033539 0.541373 0.178433
v 0.028730 0.531357 0.176345
v 0.028730 0.536397 0.178434
v 0.028730 0.541082 0.179204
v 0.023781 0.531227 0.176609
v 0.023781 0.536281 0.178713
v 0.023781 0.540975 0.179487
v 0.033539 0.550328 0.178541
v 0.033539 0.554791 0.178541
v 0.033539 0.559255 0.178541
v 0.028730 0.550069 0.179313
v 0.028730 0.554548 0.179313
v 0.028730 0.559026 0.179313
v 0.023781 0.549973 0.179598
v 0.023781 0.554458 0.179598
v 0.023781 0.558942 0.179598
v 0.033539 0.568182 0.178541
v 0.033539 0.572645 0.178541
v 0.033539 0.577108 0.178541
v 0.028730 0.567983 0.179313
v 0.028730 0.572462 0.179313
v 0.028730 0.576941 0.179313
v 0.023781 0.567910 0.179598
v 0.023781 0.572395 0.179598
v 0.023781 0.576879 0.179598
v 0.033539 0.586035 0.178541
v 0.033539 0.590498 0.178541
v 0.033539 0.594962 0.178541
v 0.028730 0.585898 0.179313
v 0.028730 0.590376 0.179313
v 0.028730 0.594855 0.179313
v 0.023781 0.585847 0.179598
v 0.023781 0.590332 0.179598
v 0.023781 0.594816 0.179598
v 0.033539 0.603889 0.178541
v 0.033539 0.608352 0.178541
v 0.033539 0.612815 0.178541
v 0.028730 0.603812 0.179313
v 0.028730 0.608291 0.179313
v 0.028730 0.612770 0.179313
v 0.023781 0.603784 0.179598
v 0.023781 0.608269 0.179598
v 0.023781 0.612753 0.179598
v 0.033539 0.621742 0.178541
v 0.033539 0.626206 0.178541
v 0.033539 0.630669 0.178541
v 0.028730 0.621727 0.179313
v 0.028730 0.626206 0.179313
v 0.028730 0.630684 0.179313
v 0.023781 0.621721 0.179598
v 0.023781 0.626206 0.179598
v 0.023781 0.630690 0.179598
v 0.033539 0.639596 0.178541
v 0.033539 0.644059 0.178541
v 0.033539 0.648522 0.178541
v 0.028730 0.639641 0.179313
v 0.028730 0.644120 0.179313
v 0.028730 0.648599 0.179313
v 0.023781 0.639658 0.179598
v 0.023781 0.644142 0.179598
v 0.023781 0.648627 0.179598
v 0.033539 0.657449 0.178541
v 0.033539 0.661913 0.178541
v 0.033539 0.666376 0.178541
v 0.028730 0.657556 0.179313
v 0.028730 0.662034 0.179313
v 0.028730 0.666513 0.179313
v 0.023781 0.657595 0.179598
v 0.023781 0.662080 0.179598
v 0.023781 0.666564 0.179598
v 0.033539 0.675303 0.178541
v 0.033539 0.679766 0.178541
v 0.033539 0.684229 0.178541
v 0.028730 0.675470 0.179313
v 0.028730 0.679949 0.179313
v 0.028730 0.684428 0.179313
v 0.023781 0.675532 0.179598
v 0.023781 0.680016 0.179598
v 0.023781 0.684501 0.179598
v 0.033539 0.693156 0.178541
v 0.033539 0.697620 0.178541
v 0.033539 0.702083 0.178541
v 0.028730 0.693385 0.179313
v 0.028730 0.697863 0.179313
v 0.028730 0.702342 0.179313
v 0.023781 0.693469 0.179598
v 0.023781 0.697953 0.179598
v 0.023781 0.702438 0.179598
v 0.053390 0.730291 0.120123
v 0.054043 0.725705 0.120168
v 0.053988 0.721452 0.120357
v 0.053389 0.730873 0.107374
v 0.054029 0.726301 0.107374
v 0.053945 0.722161 0.107374
v 0.053390 0.730291 0.094625
v 0.054043 0.725705 0.094580
v 0.053988 0.721452 0.094391
v 0.051994 0.716251 0.095400
v 0.051956 0.717032 0.107374
v 0.051994 0.716251 0.119348
v 0.050489 0.715169 0.096623
v 0.050456 0.715822 0.107374
v 0.050489 0.715169 0.118125
v 0.049103 0.714055 0.097870
v 0.049029 0.714596 0.107374
v 0.049103 0.714055 0.116878
v 0.054012 0.690208 0.120368
v 0.054232 0.685866 0.120258
v 0.054012 0.681634 0.120368
v 0.053967 0.690240 0.107374
v 0.054204 0.686159 0.107374
v 0.053967 0.682147 0.107374
v 0.054012 0.690208 0.094380
v 0.054232 0.685866 0.094490
v 0.054012 0.681634 0.094380
v 0.051994 0.576223 0.119348
v 0.051956 0.575505 0.107374
v 0.051994 0.576223 0.095400
v 0.050489 0.577412 0.118125
v 0.050456 0.576777 0.107374
v 0.050489 0.577412 0.096623
v 0.049103 0.578568 0.116878
v 0.049029 0.578030 0.107374
v 0.049103 0.578568 0.097870
v 0.054012 0.650397 0.120368
v 0.054232 0.646092 0.120258
v 0.054012 0.641824 0.120368
v 0.053967 0.650248 0.107374
v 0.054204 0.646190 0.107374
v 0.053967 0.642155 0.107374
v 0.054012 0.650397 0.094380
v 0.054232 0.646092 0.094490
v 0.054012 0.641824 0.094380
v 0.051994 0.621962 0.079819
v 0.051956 0.626206 0.078090
v 0.051994 0.630449 0.079819
v 0.050489 0.622508 0.082387
v 0.050456 0.626206 0.080630
v 0.050489 0.629904 0.082387
v 0.049103 0.622983 0.085486
v 0.049029 0.626205 0.083910
v 0.049103 0.629428 0.085486
v 0.054012 0.610587 0.120368
v 0.054232 0.606319 0.120258
v 0.054012 0.602013 0.120368
v 0.053967 0.610256 0.107374
v 0.054204 0.606221 0.107374
v 0.053967 0.602163 0.107374
v 0.054012 0.610587 0.094380
v 0.054232 0.606319 0.094490
v 0.054012 0.602014 0.094380
v 0.051994 0.670273 0.134929
v 0.051956 0.665994 0.136658
v 0.051994 0.661786 0.134929
v 0.050489 0.670009 0.132361
v 0.050456 0.666299 0.134119
v 0.050489 0.662613 0.132361
v 0.049103 0.669632 0.129263
v 0.049029 0.666408 0.130839
v 0.049103 0.663187 0.129263
v 0.054012 0.570777 0.120368
v 0.054232 0.566545 0.120258
v 0.054012 0.562203 0.120368
v 0.053967 0.570264 0.107374
v 0.054204 0.566252 0.107374
v 0.053967 0.562171 0.107374
v 0.054012 0.570777 0.094380
v 0.054232 0.566545 0.094490
v 0.054012 0.562203 0.094380
v 0.051994 0.596061 0.095400
v 0.051956 0.596655 0.107374
v 0.051994 0.596061 0.119348
v 0.050489 0.594659 0.096623
v 0.050456 0.595257 0.107374
v 0.050489 0.594659 0.118125
v 0.049103 0.593418 0.097870
v 0.049029 0.593952 0.107374
v 0.049103 0.593418 0.116878
v 0.023781 0.531227 0.038139
v 0.023781 0.536281 0.036036
v 0.023781 0.540975 0.035261
v 0.028730 0.531357 0.038403
v 0.028730 0.536397 0.036314
v 0.028730 0.541082 0.035545
v 0.033539 0.531711 0.039122
v 0.033539 0.536712 0.037071
v 0.033539 0.541373 0.036315
v 0.023781 0.549973 0.035150
v 0.023781 0.554458 0.035150
v 0.023781 0.558942 0.035150
v 0.028730 0.550069 0.035435
v 0.028730 0.554548 0.035435
v 0.028730 0.559026 0.035435
v 0.033539 0.550328 0.036207
v 0.033539 0.554792 0.036207
v 0.033539 0.559255 0.036207
v 0.023781 0.567910 0.035150
v 0.023781 0.572395 0.035150
v 0.023781 0.576879 0.035150
v 0.028730 0.567983 0.035435
v 0.028730 0.572462 0.035435
v 0.028730 0.576941 0.035435
v 0.033539 0.568182 0.036207
v 0.033539 0.572645 0.036207
v 0.033539 0.577108 0.036207
v 0.023781 0.585847 0.035150
v 0.023781 0.590331 0.035150
v 0.023781 0.594816 0.035150
v 0.028730 0.585898 0.035435
v 0.028730 0.590376 0.035435
v 0.028730 0.594855 0.035435
v 0.033539 0.586035 0.036207
v 0.033539 0.590498 0.036207
v 0.033539 0.594962 0.036207
v 0.023781 0.603784 0.035150
v 0.023781 0.608268 0.035150
v 0.023781 0.612753 0.035150
v 0.028730 0.603812 0.035435
v 0.028730 0.608291 0.035435
v 0.028730 0.612770 0.035435
v 0.033539 0.603889 0.036207
v 0.033539 0.608352 0.036207
v 0.033539 0.612815 0.036207
v 0.023781 0.621721 0.035150
v 0.023781 0.626205 0.035150
v 0.023781 0.630690 0.035150
v 0.028730 0.621727 0.035435
v 0.028730 0.626205 0.035435
v 0.028730 0.630684 0.035435
v 0.033539 0.621742 0.036207
v 0.033539 0.626206 0.036207
v 0.033539 0.630669 0.036207
v 0.023781 0.639658 0.035150
v 0.023781 0.644142 0.035150
v 0.023781 0.648627 0.035150
v 0.028730 0.639641 0.035435
v 0.028730 0.644120 0.035435
v 0.028730 0.648599 0.035435
v 0.033539 0.639596 0.036207
v 0.033539 0.644059 0.036207
v 0.033539 0.648522 0.036207
v 0.023781 0.657595 0.035150
v 0.023781 0.662079 0.035150
v 0.023781 0.666564 0.035150
v 0.028730 0.657556 0.035435
v 0.028730 0.662034 0.035435
v 0.028730 0.666513 0.035435
v 0.033539 0.657449 0.036207
v 0.033539 0.661913 0.036207
v 0.033539 0.666376 0.036207
v 0.023781 0.675532 0.035150
v 0.023781 0.680016 0.035150
v 0.023781 0.684501 0.035150
v 0.028730 0.675470 0.035435
v 0.028730 0.679949 0.035435
v 0.028730 0.684428 0.035435
v 0.033539 0.675303 0.036207
v 0.033539 0.679766 0.036207
v 0.033539 0.684229 0.036207
v 0.023781 0.693469 0.035150
v 0.023781 0.697953 0.035150
v 0.023781 0.702438 0.035150
v 0.028730 0.693385 0.035435
v 0.028730 0.697863 0.035435
v 0.028730 0.702342 0.035435
v 0.033539 0.693156 0.036207
v 0.033539 0.697619 0.036207
v 0.033539 0.702083 0.036207
v 0.052460 0.532896 0.058444
v 0.053121 0.536975 0.058391
v 0.053365 0.541311 0.058327
v 0.053121 0.529869 0.064813
v 0.053849 0.534145 0.064988
v 0.054085 0.538605 0.064949
v 0.053365 0.526627 0.072904
v 0.054085 0.531085 0.073026
v 0.054244 0.535631 0.072811
v 0.053390 0.550230 0.058248
v 0.053389 0.554702 0.058224
v 0.053390 0.559169 0.058248
v 0.054043 0.547804 0.064385
v 0.054029 0.552435 0.064194
v 0.054043 0.557033 0.064385
v 0.053988 0.545165 0.070717
v 0.053945 0.549981 0.070059
v 0.053988 0.554681 0.070717
v 0.053400 0.568107 0.058319
v 0.053403 0.572578 0.058327
v 0.053400 0.577045 0.058319
v 0.054122 0.566251 0.064953
v 0.054144 0.570878 0.065020
v 0.054122 0.575480 0.064953
v 0.054277 0.564235 0.072807
v 0.054353 0.569037 0.073001
v 0.054277 0.573752 0.072807
v 0.053390 0.585983 0.058248
v 0.053389 0.590454 0.058224
v 0.053390 0.594922 0.058248
v 0.054043 0.584698 0.064385
v 0.054029 0.589320 0.064194
v 0.054043 0.593926 0.064385
v 0.053988 0.583306 0.070717
v 0.053945 0.588093 0.070059
v 0.053988 0.592823 0.070717
v 0.053400 0.603860 0.058319
v 0.053403 0.608330 0.058327
v 0.053400 0.612798 0.058319
v 0.054122 0.603144 0.064953
v 0.054144 0.607763 0.065020
v 0.054122 0.612373 0.064953
v 0.054277 0.602377 0.072807
v 0.054353 0.607149 0.073001
v 0.054277 0.611893 0.072807
v 0.053390 0.621736 0.058248
v 0.053389 0.626205 0.058224
v 0.053390 0.630675 0.058248
v 0.054043 0.621591 0.064385
v 0.054029 0.626206 0.064194
v 0.054043 0.630820 0.064385
v 0.053988 0.621447 0.070717
v 0.053945 0.626206 0.070059
v 0.053988 0.630964 0.070717
v 0.053400 0.639613 0.058319
v 0.053403 0.644081 0.058327
v 0.053400 0.648552 0.058319
v 0.054122 0.640038 0.064953
v 0.054144 0.644648 0.065020
v 0.054122 0.649267 0.064953
v 0.054277 0.640518 0.072807
v 0.054353 0.645262 0.073001
v 0.054277 0.650034 0.072807
v 0.053390 0.657489 0.058248
v 0.053389 0.661957 0.058224
v 0.053390 0.666428 0.058248
v 0.054043 0.658485 0.064385
v 0.054029 0.663091 0.064194
v 0.054043 0.667713 0.064385
v 0.053988 0.659588 0.070717
v 0.053945 0.664318 0.070059
v 0.053988 0.669105 0.070717
v 0.053400 0.675366 0.058319
v 0.053403 0.679833 0.058327
v 0.053400 0.684305 0.058319
v 0.054122 0.676932 0.064953
v 0.054144 0.681533 0.065020
v 0.054122 0.686160 0.064953
v 0.054277 0.678659 0.072807
v 0.054353 0.683374 0.073001
v 0.054277 0.688176 0.072807
v 0.053390 0.693242 0.058248
v 0.053389 0.697709 0.058224
v 0.053390 0.702181 0.058248
v 0.054043 0.695378 0.064385
v 0.054029 0.699976 0.064194
v 0.054043 0.704607 0.064385
v 0.053988 0.697730 0.070717
v 0.053945 0.702430 0.070059
v 0.053988 0.707246 0.070717
v 0.047392 0.709821 0.116772
v 0.047174 0.706643 0.117277
v 0.047392 0.703464 0.116772
v 0.047174 0.709992 0.107374
v 0.046937 0.706643 0.107374
v 0.047174 0.703293 0.107374
v 0.047392 0.709821 0.097976
v 0.047174 0.706643 0.097471
v 0.047392 0.703464 0.097976
v 0.047392 0.669603 0.116772
v 0.047174 0.666424 0.117277
v 0.047392 0.663245 0.116772
v 0.047174 0.669774 0.107374
v 0.046937 0.666424 0.107374
v 0.047174 0.663074 0.107374
v 0.047392 0.669603 0.097976
v 0.047174 0.666424 0.097471
v 0.047392 0.663245 0.097976
v 0.047392 0.629384 0.116772
v 0.047174 0.626206 0.117277
v 0.047392 0.623027 0.116772
v 0.047174 0.629555 0.107374
v 0.046937 0.626206 0.107374
v 0.047174 0.622856 0.107374
v 0.047392 0.629384 0.097976
v 0.047174 0.626206 0.097471
v 0.047392 0.623027 0.097976
v 0.047392 0.589166 0.116772
v 0.047174 0.585987 0.117277
v 0.047392 0.582808 0.116772
v 0.047174 0.589337 0.107374
v 0.046937 0.585987 0.107374
v 0.047174 0.582637 0.107374
v 0.047392 0.589166 0.097976
v 0.047174 0.585987 0.097471
v 0.047392 0.582808 0.097976
v 0.047392 0.548947 0.116772
v 0.047174 0.545768 0.117277
v 0.047392 0.542590 0.116772
v 0.047174 0.549118 0.107374
v 0.046937 0.545768 0.107374
v 0.047174 0.542419 0.107374
v 0.047392 0.548947 0.097976
v 0.047174 0.545768 0.097471
v 0.047392 0.542590 0.097976
v 0.051994 0.550800 0.134929
v 0.051956 0.546627 0.136658
v 0.051994 0.542314 0.134929
v 0.050489 0.549693 0.132361
v 0.050456 0.546018 0.134119
v 0.050489 0.542297 0.132361
v 0.049103 0.549019 0.129263
v 0.049029 0.545800 0.130839
v 0.049103 0.542574 0.129263
v 0.051994 0.555998 0.095400
v 0.051956 0.556529 0.107374
v 0.051994 0.555998 0.119348
v 0.050489 0.554489 0.096623
v 0.050456 0.555069 0.107374
v 0.050489 0.554489 0.118125
v 0.049103 0.553206 0.097870
v 0.049029 0.553737 0.107374
v 0.049103 0.553206 0.116878
v 0.051994 0.710097 0.134929
v 0.051956 0.705784 0.136658
v 0.051994 0.701611 0.134929
v 0.050489 0.710114 0.132361
v 0.050456 0.706393 0.134119
v 0.050489 0.702718 0.132361
v 0.049103 0.709837 0.129263
v 0.049029 0.706611 0.130839
v 0.049103 0.703392 0.129263
v 0.051994 0.696413 0.119348
v 0.051956 0.695882 0.107374
v 0.051994 0.696413 0.095400
v 0.050489 0.697922 0.118125
v 0.050456 0.697342 0.107374
v 0.050489 0.697922 0.096623
v 0.049103 0.699205 0.116878
v 0.049029 0.698674 0.107374
v 0.049103 0.699205 0.097870
v 0.051994 0.582138 0.079819
v 0.051956 0.586416 0.078090
v 0.051994 0.590625 0.079819
v 0.050489 0.582402 0.082387
v 0.050456 0.586112 0.080630
v 0.050489 0.589798 0.082387
v 0.049103 0.582779 0.085486
v 0.049029 0.586003 0.083910
v 0.049103 0.589224 0.085486
v 0.051994 0.536160 0.119348
v 0.051956 0.535379 0.107374
v 0.051994 0.536160 0.095400
v 0.050489 0.537242 0.118125
v 0.050456 0.536589 0.107374
v 0.050489 0.537242 0.096623
v 0.049103 0.538356 0.116878
v 0.049029 0.537815 0.107374
v 0.049103 0.538356 0.097870
v 0.051994 0.676188 0.095400
v 0.051956 0.676906 0.107374
v 0.051994 0.676188 0.119348
v 0.050489 0.674999 0.096623
v 0.050456 0.675634 0.107374
v 0.050489 0.674999 0.118125
v 0.049103 0.673843 0.097870
v 0.049029 0.674381 0.107374
v 0.049103 0.673843 0.116878
v 0.051994 0.590625 0.134929
v 0.051956 0.586416 0.136658
v 0.051994 0.582138 0.134929
v 0.050489 0.589798 0.132361
v 0.050456 0.586112 0.134119
v 0.050489 0.582402 0.132361
v 0.049103 0.589224 0.129263
v 0.049029 0.586003 0.130839
v 0.049103 0.582779 0.129263
v 0.051994 0.701611 0.079819
v 0.051956 0.705784 0.078090
v 0.051994 0.710097 0.079819
v 0.050489 0.702718 0.082387
v 0.050456 0.706393 0.080630
v 0.050489 0.710114 0.082387
v 0.049103 0.703392 0.085486
v 0.049029 0.706611 0.083910
v 0.049103 0.709837 0.085486
v 0.051994 0.656350 0.119348
v 0.051956 0.655756 0.107374
v 0.051994 0.656350 0.095400
v 0.050489 0.657752 0.118125
v 0.050456 0.657154 0.107374
v 0.050489 0.657752 0.096623
v 0.049103 0.658993 0.116878
v 0.049029 0.658459 0.107374
v 0.049103 0.658993 0.097870
v 0.051994 0.542314 0.079819
v 0.051956 0.546627 0.078090
v 0.051994 0.550800 0.079819
v 0.050489 0.542297 0.082387
v 0.050456 0.546018 0.080630
v 0.050489 0.549693 0.082387
v 0.049103 0.542574 0.085486
v 0.049029 0.545800 0.083910
v 0.049103 0.549019 0.085486
v 0.051994 0.636125 0.095400
v 0.051956 0.636781 0.107374
v 0.051994 0.636124 0.119348
v 0.050489 0.634829 0.096623
v 0.050456 0.635446 0.107374
v 0.050489 0.634829 0.118125
v 0.049103 0.633631 0.097870
v 0.049029 0.634166 0.107374
v 0.049103 0.633631 0.116878
v 0.051994 0.630449 0.134929
v 0.051956 0.626205 0.136658
v 0.051994 0.621962 0.134929
v 0.050489 0.629903 0.132361
v 0.050456 0.626205 0.134119
v 0.050489 0.622507 0.132361
v 0.049103 0.629428 0.129263
v 0.049029 0.626205 0.130839
v 0.049103 0.622983 0.129263
v 0.051994 0.661786 0.079819
v 0.051956 0.665995 0.078090
v 0.051994 0.670273 0.079819
v 0.050489 0.662613 0.082387
v 0.050456 0.666299 0.080630
v 0.050489 0.670009 0.082387
v 0.049103 0.663188 0.085486
v 0.049029 0.666409 0.083910
v 0.049103 0.669632 0.085486
v 0.051994 0.616286 0.119348
v 0.051956 0.615631 0.107374
v 0.051994 0.616286 0.095400
v 0.050489 0.617582 0.118125
v 0.050456 0.616965 0.107374
v 0.050489 0.617582 0.096623
v 0.049103 0.618780 0.116878
v 0.049029 0.618245 0.107374
v 0.049103 0.618780 0.097870
vn 0.0530 -0.8149 -0.5772
vn 0.1467 -0.8072 -0.5718
vn 0.0536 -0.8814 -0.4693
vn 0.1485 -0.8734 -0.4637
vn 0.0076 -0.7289 -0.6846
vn 0.0546 -0.7275 -0.6839
vn 0.1510 -0.7194 -0.6780
vn 0.2972 -0.6929 -0.6570
vn 0.2892 -0.7812 -0.5533
vn 0.2925 -0.8458 -0.4462
vn 0.3059 -0.8950 -0.3246
vn 0.1558 -0.9272 -0.3406
vn 0.0564 -0.9365 -0.3460
vn 0.0080 -0.9378 -0.3471
vn 0.0075 -0.8825 -0.4703
vn 0.0074 -0.8160 -0.5780
vn 0.9897 0.0555 -0.1316
vn 0.9715 0.1589 -0.1759
vn 0.9981 0.0450 -0.0419
vn 0.9829 0.1598 -0.0917
vn 0.9665 0.0083 -0.2564
vn 0.9607 0.0583 -0.2715
vn 0.9408 0.1561 -0.3008
vn 0.9039 0.2723 -0.3300
vn 0.9227 0.3021 -0.2395
vn 0.9361 0.3148 -0.1566
vn 0.9448 0.3141 -0.0928
vn 0.9873 0.1530 -0.0431
vn 0.9998 0.0210 0.0014
vn 0.9940 -0.0890 0.0630
vn 0.9999 -0.0144 -0.0070
vn 0.9940 0.0056 -0.1091
vn 0.0536 -0.8814 0.4693
vn 0.1485 -0.8734 0.4637
vn 0.0530 -0.8149 0.5772
vn 0.1467 -0.8072 0.5718
vn 0.0080 -0.9378 0.3471
vn 0.0564 -0.9365 0.3460
vn 0.1558 -0.9272 0.3406
vn 0.3059 -0.8950 0.3246
vn 0.2925 -0.8458 0.4462
vn 0.2892 -0.7812 0.5533
vn 0.2972 -0.6929 0.6570
vn 0.1510 -0.7194 0.6780
vn 0.0545 -0.7275 0.6839
vn 0.0077 -0.7289 0.6846
vn 0.0074 -0.8160 0.5780
vn 0.0075 -0.8825 0.4703
vn 0.0597 0.1622 -0.9850
vn 0.0601 0.3829 -0.9218
vn 0.1646 0.1589 -0.9735
vn 0.1660 0.3759 -0.9117
vn 0.0082 0.0245 -0.9997
vn 0.0084 0.1629 -0.9866
vn 0.0085 0.3843 -0.9232
vn 0.0081 0.5908 -0.8068
vn 0.0577 0.5893 -0.8059
vn 0.1594 0.5808 -0.7983
vn 0.3127 0.5546 -0.7711
vn 0.3242 0.3556 -0.8766
vn 0.3217 0.1495 -0.9350
vn 0.3131 0.0225 -0.9495
vn 0.1598 0.0239 -0.9869
vn 0.0579 0.0244 -0.9980
vn 0.1467 0.8072 -0.5718
vn 0.0530 0.8149 -0.5772
vn 0.1485 0.8734 -0.4637
vn 0.0536 0.8814 -0.4693
vn 0.2972 0.6929 -0.6570
vn 0.1510 0.7194 -0.6780
vn 0.0545 0.7275 -0.6839
vn 0.0077 0.7289 -0.6846
vn 0.0075 0.8160 -0.5780
vn 0.0076 0.8825 -0.4703
vn 0.0080 0.9378 -0.3471
vn 0.0564 0.9365 -0.3460
vn 0.1558 0.9272 -0.3406
vn 0.3060 0.8950 -0.3246
vn 0.2925 0.8458 -0.4462
vn 0.2892 0.7812 -0.5533
vn 0.9999 0.0166 -0.0030
vn 0.9901 -0.1399 0.0058
vn 0.9999 0.0166 0.0030
vn 0.9901 -0.1399 -0.0058
vn 0.9850 0.1657 -0.0490
vn 1.0000 0.0031 -0.0072
vn 0.9893 -0.1446 0.0196
vn 0.9501 -0.3083 0.0468
vn 0.9525 -0.3041 0.0143
vn 0.9525 -0.3041 -0.0143
vn 0.9501 -0.3083 -0.0468
vn 0.9893 -0.1446 -0.0196
vn 1.0000 0.0031 0.0072
vn 0.9850 0.1657 0.0490
vn 0.9768 0.2137 0.0170
vn 0.9768 0.2137 -0.0170
vn 0.1646 0.1589 0.9735
vn 0.1660 0.3759 0.9117
vn 0.0597 0.1622 0.9850
vn 0.0601 0.3829 0.9218
vn 0.3131 0.0225 0.9495
vn 0.3217 0.1495 0.9350
vn 0.3242 0.3556 0.8766
vn 0.3127 0.5546 0.7711
vn 0.1594 0.5808 0.7983
vn 0.0577 0.5893 0.8059
vn 0.0081 0.5908 0.8068
vn 0.0085 0.3843 0.9232
vn 0.0084 0.1629 0.9866
vn 0.0082 0.0245 0.9997
vn 0.0579 0.0244 0.9980
vn 0.1598 0.0239 0.9869
vn 0.9829 -0.1598 0.0917
vn 0.9981 -0.0450 0.0419
vn 0.9715 -0.1589 0.1759
vn 0.9897 -0.0555 0.1316
vn 0.9448 -0.3141 0.0928
vn 0.9873 -0.1530 0.0431
vn 0.9998 -0.0210 -0.0014
vn 0.9940 0.0890 -0.0630
vn 0.9999 0.0144 0.0070
vn 0.9940 -0.0056 0.1091
vn 0.9665 -0.0083 0.2564
vn 0.9607 -0.0583 0.2715
vn 0.9408 -0.1561 0.3008
vn 0.9039 -0.2723 0.3300
vn 0.9227 -0.3021 0.2395
vn 0.9361 -0.3148 0.1566
vn 0.0623 0.9958 0.0667
vn 0.1717 0.9830 0.0652
vn 0.0623 0.9958 -0.0667
vn 0.1717 0.9830 -0.0652
vn 0.0085 0.9787 0.2050
vn 0.0599 0.9771 0.2042
vn 0.1654 0.9657 0.2001
vn 0.3232 0.9273 0.1885
vn 0.3345 0.9404 0.0610
vn 0.3345 0.9404 -0.0610
vn 0.3233 0.9273 -0.1885
vn 0.1654 0.9657 -0.2001
vn 0.0600 0.9771 -0.2042
vn 0.0085 0.9787 -0.2050
vn 0.0088 0.9977 -0.0670
vn 0.0089 0.9977 0.0670
vn 0.1717 -0.9830 0.0652
vn 0.0623 -0.9958 0.0667
vn 0.1717 -0.9830 -0.0652
vn 0.0623 -0.9958 -0.0667
vn 0.3233 -0.9273 0.1885
vn 0.1654 -0.9657 0.2001
vn 0.0599 -0.9771 0.2042
vn 0.0085 -0.9787 0.2050
vn 0.0089 -0.9977 0.0670
vn 0.0089 -0.9977 -0.0670
vn 0.0085 -0.9787 -0.2050
vn 0.0599 -0.9771 -0.2042
vn 0.1654 -0.9657 -0.2001
vn 0.3233 -0.9273 -0.1885
vn 0.3345 -0.9404 -0.0610
vn 0.3345 -0.9404 0.0610
vn 0.1485 0.8734 0.4637
vn 0.0536 0.8814 0.4693
vn 0.1467 0.8072 0.5718
vn 0.0530 0.8149 0.5772
vn 0.3060 0.8950 0.3246
vn 0.1558 0.9272 0.3406
vn 0.0564 0.9365 0.3460
vn 0.0079 0.9378 0.3471
vn 0.0075 0.8825 0.4703
vn 0.0074 0.8160 0.5780
vn 0.0077 0.7289 0.6846
vn 0.0545 0.7275 0.6839
vn 0.1510 0.7194 0.6780
vn 0.2972 0.6929 0.6570
vn 0.2892 0.7812 0.5533
vn 0.2925 0.8458 0.4462
vn 0.7904 -0.0831 -0.6069
vn 0.7762 -0.2140 -0.5930
vn 0.6604 -0.1075 -0.7432
vn 0.6533 -0.2661 -0.7088
vn 0.8985 -0.0093 -0.4388
vn 0.8932 -0.0658 -0.4448
vn 0.8749 -0.1724 -0.4526
vn 0.8383 -0.2945 -0.4588
vn 0.7462 -0.3675 -0.5551
vn 0.6297 -0.4385 -0.6413
vn 0.4882 -0.5027 -0.7134
vn 0.5048 -0.3161 -0.8033
vn 0.5036 -0.1315 -0.8539
vn 0.4943 -0.0197 -0.8691
vn 0.6569 -0.0159 -0.7538
vn 0.7927 -0.0120 -0.6095
vn 0.6604 -0.1075 0.7432
vn 0.6534 -0.2661 0.7087
vn 0.7904 -0.0831 0.6069
vn 0.7762 -0.2140 0.5930
vn 0.4943 -0.0197 0.8691
vn 0.5036 -0.1315 0.8539
vn 0.5048 -0.3161 0.8033
vn 0.4882 -0.5027 0.7134
vn 0.6297 -0.4385 0.6413
vn 0.7462 -0.3675 0.5551
vn 0.8383 -0.2945 0.4588
vn 0.8749 -0.1724 0.4526
vn 0.8932 -0.0658 0.4448
vn 0.8985 -0.0093 0.4388
vn 0.7927 -0.0120 0.6095
vn 0.6569 -0.0159 0.7538
vn 0.7849 0.6187 0.0339
vn 0.7849 0.6187 -0.0339
vn 0.6680 0.7429 0.0438
vn 0.6680 0.7429 -0.0438
vn 0.8742 0.4792 0.0782
vn 0.8803 0.4738 0.0240
vn 0.8803 0.4738 -0.0240
vn 0.8742 0.4792 -0.0782
vn 0.7747 0.6229 -0.1092
vn 0.6546 0.7431 -0.1389
vn 0.5048 0.8471 -0.1665
vn 0.5189 0.8532 -0.0532
vn 0.5189 0.8532 0.0532
vn 0.5048 0.8470 0.1665
vn 0.6546 0.7431 0.1389
vn 0.7747 0.6229 0.1092
vn 0.7849 -0.6187 -0.0339
vn 0.7849 -0.6187 0.0339
vn 0.6680 -0.7429 -0.0438
vn 0.6680 -0.7429 0.0438
vn 0.8742 -0.4792 -0.0782
vn 0.8803 -0.4738 -0.0240
vn 0.8803 -0.4738 0.0240
vn 0.8742 -0.4792 0.0782
vn 0.7746 -0.6229 0.1092
vn 0.6546 -0.7431 0.1389
vn 0.5048 -0.8471 0.1665
vn 0.5189 -0.8532 0.0532
vn 0.5189 -0.8532 -0.0532
vn 0.5048 -0.8471 -0.1665
vn 0.6546 -0.7431 -0.1389
vn 0.7746 -0.6229 -0.1092
vn 0.7341 -0.6083 0.3018
vn 0.7190 -0.5700 0.3977
vn 0.6092 -0.7063 0.3606
vn 0.5979 -0.6555 0.4613
vn 0.8620 -0.4844 0.1497
vn 0.8461 -0.4796 0.2326
vn 0.8305 -0.4552 0.3211
vn 0.8154 -0.4124 0.4062
vn 0.7206 -0.4948 0.4858
vn 0.6052 -0.5715 0.5542
vn 0.4670 -0.6386 0.6116
vn 0.4571 -0.7260 0.5137
vn 0.4630 -0.7860 0.4097
vn 0.4820 -0.8259 0.2926
vn 0.6316 -0.7336 0.2508
vn 0.7556 -0.6228 0.2030
vn 0.7190 -0.5700 -0.3977
vn 0.7341 -0.6083 -0.3018
vn 0.5979 -0.6555 -0.4613
vn 0.6092 -0.7063 -0.3606
vn 0.8154 -0.4125 -0.4063
vn 0.8305 -0.4552 -0.3211
vn 0.8461 -0.4796 -0.2326
vn 0.8620 -0.4844 -0.1497
vn 0.7556 -0.6228 -0.2030
vn 0.6316 -0.7336 -0.2508
vn 0.4820 -0.8259 -0.2926
vn 0.4630 -0.7860 -0.4098
vn 0.4571 -0.7261 -0.5137
vn 0.4670 -0.6386 -0.6116
vn 0.6052 -0.5715 -0.5542
vn 0.7206 -0.4947 -0.4858
vn 0.7341 0.6083 -0.3018
vn 0.7190 0.5700 -0.3977
vn 0.6092 0.7063 -0.3606
vn 0.5979 0.6555 -0.4613
vn 0.8620 0.4844 -0.1497
vn 0.8461 0.4796 -0.2326
vn 0.8305 0.4552 -0.3211
vn 0.8154 0.4124 -0.4063
vn 0.7206 0.4948 -0.4858
vn 0.6053 0.5715 -0.5542
vn 0.4670 0.6386 -0.6116
vn 0.4571 0.7261 -0.5137
vn 0.4630 0.7860 -0.4097
vn 0.4820 0.8259 -0.2926
vn 0.6316 0.7336 -0.2508
vn 0.7556 0.6228 -0.2030
vn 0.7190 0.5700 0.3977
vn 0.7341 0.6083 0.3018
vn 0.5979 0.6555 0.4613
vn 0.6092 0.7063 0.3606
vn 0.8154 0.4124 0.4063
vn 0.8305 0.4552 0.3211
vn 0.8461 0.4796 0.2326
vn 0.8620 0.4844 0.1497
vn 0.7556 0.6228 0.2030
vn 0.6316 0.7336 0.2508
vn 0.4820 0.8259 0.2926
vn 0.4630 0.7860 0.4098
vn 0.4571 0.7261 0.5137
vn 0.4670 0.6386 0.6116
vn 0.6052 0.5715 0.5542
vn 0.7206 0.4948 0.4858
vn 0.9981 0.0450 0.0419
vn 0.9829 0.1598 0.0917
vn 0.9897 0.0555 0.1316
vn 0.9715 0.1589 0.1759
vn 0.9940 -0.0890 -0.0630
vn 0.9998 0.0210 -0.0014
vn 0.9873 0.1530 0.0431
vn 0.9448 0.3141 0.0928
vn 0.9361 0.3148 0.1566
vn 0.9227 0.3021 0.2395
vn 0.9039 0.2723 0.3300
vn 0.9408 0.1561 0.3008
vn 0.9607 0.0583 0.2715
vn 0.9665 0.0083 0.2564
vn 0.9940 0.0056 0.1091
vn 0.9999 -0.0144 0.0070
vn 0.9999 0.0073 -0.0144
vn 0.9999 -0.0069 -0.0087
vn 0.9943 -0.0008 0.1066
vn 0.9944 0.0008 0.1060
vn 0.9864 0.1110 -0.1208
vn 0.9872 0.0437 -0.1535
vn 0.9919 -0.0382 -0.1211
vn 0.9947 -0.0815 -0.0625
vn 0.9999 -0.0163 0.0038
vn 0.9944 0.0002 0.1056
vn 0.9671 0.0008 0.2545
vn 0.9668 0.0005 0.2555
vn 0.9667 -0.0005 0.2557
vn 0.9670 -0.0008 0.2549
vn 0.9944 -0.0002 0.1057
vn 0.9998 0.0182 -0.0090
vn 0.9996 -0.0096 0.0254
vn 0.9997 0.0098 0.0208
vn 0.9940 -0.0018 0.1095
vn 0.9941 0.0018 0.1086
vn 0.9965 -0.0801 -0.0226
vn 0.9997 -0.0252 -0.0057
vn 0.9996 0.0262 -0.0141
vn 0.9944 0.0911 -0.0530
vn 0.9997 0.0218 0.0076
vn 0.9943 0.0024 0.1063
vn 0.9672 -0.0002 0.2540
vn 0.9672 0.0001 0.2538
vn 0.9672 -0.0001 0.2539
vn 0.9672 0.0002 0.2539
vn 0.9942 -0.0024 0.1076
vn 0.9996 -0.0204 0.0180
vn 0.9999 0.0072 -0.0129
vn 0.9999 -0.0070 -0.0101
vn 0.9943 -0.0008 0.1064
vn 0.9944 0.0008 0.1061
vn 0.9895 0.1019 -0.1027
vn 0.9886 0.0422 -0.1446
vn 0.9909 -0.0394 -0.1285
vn 0.9934 -0.0874 -0.0740
vn 0.9999 -0.0167 0.0008
vn 0.9671 0.0008 0.2546
vn 0.9668 -0.0005 0.2557
vn 0.9670 -0.0008 0.2548
vn 0.9998 0.0177 -0.0056
vn 0.9997 -0.0097 0.0239
vn 0.9997 0.0098 0.0223
vn 0.9940 -0.0018 0.1092
vn 0.9940 0.0018 0.1089
vn 0.9960 -0.0834 -0.0319
vn 0.9996 -0.0255 -0.0084
vn 0.9996 0.0259 -0.0112
vn 0.9953 0.0871 -0.0420
vn 0.9997 0.0213 0.0112
vn 0.9943 0.0024 0.1067
vn 0.9672 0.0001 0.2539
vn 0.9942 -0.0024 0.1072
vn 0.9997 -0.0208 0.0147
vn 0.9999 0.0071 -0.0115
vn 0.9999 -0.0071 -0.0115
vn 0.9943 -0.0008 0.1063
vn 0.9943 0.0008 0.1062
vn 0.9917 0.0941 -0.0872
vn 0.9898 0.0407 -0.1363
vn 0.9898 -0.0407 -0.1363
vn 0.9917 -0.0941 -0.0872
vn 0.9998 -0.0172 -0.0023
vn 0.9944 0.0002 0.1057
vn 0.9670 0.0008 0.2547
vn 0.9668 0.0005 0.2556
vn 0.9668 -0.0005 0.2556
vn 0.9670 -0.0008 0.2547
vn 0.9998 0.0172 -0.0023
vn 0.9997 -0.0098 0.0223
vn 0.9997 0.0097 0.0239
vn 0.9940 -0.0018 0.1089
vn 0.9940 0.0018 0.1092
vn 0.9953 -0.0871 -0.0420
vn 0.9996 -0.0259 -0.0112
vn 0.9996 0.0255 -0.0084
vn 0.9960 0.0834 -0.0319
vn 0.9997 0.0208 0.0147
vn 0.9942 0.0024 0.1072
vn 0.9672 -0.0002 0.2539
vn 0.9672 -0.0001 0.2538
vn 0.9672 0.0002 0.2540
vn 0.9943 -0.0024 0.1067
vn 0.9997 -0.0213 0.0112
vn 0.9999 0.0070 -0.0101
vn 0.9999 -0.0072 -0.0129
vn 0.9944 -0.0008 0.1061
vn 0.9943 0.0008 0.1064
vn 0.9934 0.0874 -0.0740
vn 0.9909 0.0394 -0.1285
vn 0.9886 -0.0422 -0.1446
vn 0.9895 -0.1019 -0.1027
vn 0.9998 -0.0177 -0.0056
vn 0.9670 0.0008 0.2548
vn 0.9668 0.0005 0.2557
vn 0.9668 -0.0005 0.2555
vn 0.9671 -0.0008 0.2546
vn 0.9944 -0.0002 0.1056
vn 0.9999 0.0167 0.0008
vn 0.9997 -0.0098 0.0208
vn 0.9996 0.0096 0.0254
vn 0.9941 -0.0018 0.1086
vn 0.9940 0.0018 0.1095
vn 0.9944 -0.0911 -0.0530
vn 0.9996 -0.0262 -0.0141
vn 0.9997 0.0252 -0.0057
vn 0.9965 0.0801 -0.0226
vn 0.9996 0.0204 0.0180
vn 0.9942 0.0024 0.1076
vn 0.9943 -0.0024 0.1063
vn 0.9997 -0.0218 0.0076
vn 0.9999 0.0069 -0.0087
vn 0.9999 -0.0073 -0.0144
vn 0.9944 -0.0008 0.1060
vn 0.9943 0.0008 0.1066
vn 0.9947 0.0815 -0.0625
vn 0.9919 0.0382 -0.1211
vn 0.9872 -0.0437 -0.1535
vn 0.9864 -0.1110 -0.1208
vn 0.9998 -0.0182 -0.0090
vn 0.9670 0.0008 0.2549
vn 0.9667 0.0005 0.2557
vn 0.9671 -0.0008 0.2545
vn 0.9999 0.0162 0.0038
vn 0.6533 0.2661 0.7088
vn 0.6604 0.1075 0.7432
vn 0.7762 0.2140 0.5930
vn 0.7904 0.0831 0.6069
vn 0.4882 0.5027 0.7134
vn 0.5048 0.3161 0.8033
vn 0.5036 0.1315 0.8539
vn 0.4943 0.0197 0.8691
vn 0.6569 0.0159 0.7538
vn 0.7927 0.0120 0.6095
vn 0.8985 0.0093 0.4388
vn 0.8932 0.0658 0.4448
vn 0.8749 0.1724 0.4526
vn 0.8383 0.2946 0.4588
vn 0.7462 0.3675 0.5551
vn 0.6297 0.4385 0.6413
vn 0.6558 -0.0000 0.7550
vn 0.7927 -0.0000 0.6096
vn 0.4920 -0.0000 0.8706
vn 0.6557 -0.0000 0.7550
vn 0.8991 -0.0000 0.4377
vn 0.8991 -0.0000 0.4378
vn 0.7762 0.2140 -0.5930
vn 0.7904 0.0831 -0.6069
vn 0.6533 0.2661 -0.7088
vn 0.6604 0.1075 -0.7432
vn 0.8383 0.2946 -0.4588
vn 0.8749 0.1724 -0.4526
vn 0.8932 0.0658 -0.4448
vn 0.8985 0.0093 -0.4388
vn 0.7927 0.0120 -0.6095
vn 0.6569 0.0159 -0.7538
vn 0.4943 0.0197 -0.8691
vn 0.5036 0.1315 -0.8539
vn 0.5048 0.3161 -0.8033
vn 0.4882 0.5027 -0.7134
vn 0.6297 0.4385 -0.6413
vn 0.7462 0.3675 -0.5551
vn 0.7927 -0.0000 -0.6096
vn 0.6557 -0.0000 -0.7550
vn 0.6558 -0.0000 -0.7550
vn 0.8991 -0.0000 -0.4377
vn 0.8991 -0.0000 -0.4378
vn 0.4920 -0.0000 -0.8706
vn 0.1660 -0.3759 0.9117
vn 0.1646 -0.1588 0.9735
vn 0.0601 -0.3829 0.9218
vn 0.0597 -0.1622 0.9850
vn 0.3126 -0.5546 0.7711
vn 0.3242 -0.3556 0.8766
vn 0.3217 -0.1495 0.9350
vn 0.3131 -0.0225 0.9495
vn 0.1598 -0.0239 0.9869
vn 0.0579 -0.0244 0.9980
vn 0.0082 -0.0245 0.9997
vn 0.0084 -0.1629 0.9866
vn 0.0085 -0.3843 0.9232
vn 0.0081 -0.5908 0.8068
vn 0.0577 -0.5893 0.8059
vn 0.1594 -0.5808 0.7983
vn 0.1587 -0.0000 0.9873
vn 0.0574 -0.0000 0.9983
vn 0.3111 -0.0000 0.9504
vn 0.0081 -0.0000 1.0000
vn 0.9901 0.1399 0.0058
vn 0.9999 -0.0166 -0.0030
vn 0.9901 0.1399 -0.0058
vn 0.9999 -0.0166 0.0030
vn 0.9501 0.3083 0.0468
vn 0.9893 0.1446 0.0196
vn 1.0000 -0.0031 -0.0072
vn 0.9850 -0.1657 -0.0490
vn 0.9768 -0.2137 -0.0170
vn 0.9768 -0.2137 0.0170
vn 0.9850 -0.1657 0.0490
vn 1.0000 -0.0031 0.0072
vn 0.9893 0.1446 -0.0196
vn 0.9501 0.3083 -0.0468
vn 0.9525 0.3041 -0.0143
vn 0.9525 0.3041 0.0143
vn 0.6187 -0.7839 0.0514
vn 0.6187 -0.7839 -0.0514
vn 0.6513 -0.7573 0.0480
vn 0.6513 -0.7573 -0.0480
vn 0.8211 -0.5518 0.1458
vn 0.8325 -0.5526 0.0400
vn 0.8325 -0.5526 -0.0400
vn 0.8211 -0.5518 -0.1458
vn 0.6357 -0.7517 -0.1756
vn 0.6932 -0.7038 -0.1554
vn 0.8441 -0.5243 -0.1124
vn 0.8462 -0.5317 -0.0367
vn 0.8462 -0.5317 0.0367
vn 0.8441 -0.5243 0.1123
vn 0.6933 -0.7037 0.1554
vn 0.6357 -0.7517 0.1756
vn 0.9985 0.0541 -0.0021
vn 0.9985 -0.0553 -0.0045
vn 0.9985 0.0541 0.0021
vn 0.9985 -0.0553 0.0045
vn 0.9890 0.1470 -0.0187
vn 0.9991 0.0422 -0.0058
vn 0.9990 -0.0437 -0.0125
vn 0.9855 -0.1648 -0.0414
vn 0.9763 -0.2159 -0.0145
vn 0.9763 -0.2159 0.0145
vn 0.9855 -0.1648 0.0414
vn 0.9990 -0.0437 0.0125
vn 0.9991 0.0422 0.0058
vn 0.9890 0.1470 0.0187
vn 0.9794 0.2019 0.0064
vn 0.9794 0.2019 -0.0064
vn 0.6444 0.7632 -0.0474
vn 0.6444 0.7632 0.0474
vn 0.6616 0.7484 -0.0468
vn 0.6616 0.7484 0.0468
vn 0.8537 0.5066 -0.1207
vn 0.8462 0.5317 -0.0345
vn 0.8462 0.5317 0.0345
vn 0.8537 0.5066 0.1207
vn 0.6759 0.7191 0.1617
vn 0.7075 0.6904 0.1509
vn 0.8454 0.5224 0.1119
vn 0.8468 0.5306 0.0366
vn 0.8468 0.5306 -0.0366
vn 0.8453 0.5224 -0.1119
vn 0.7075 0.6904 -0.1509
vn 0.6758 0.7191 -0.1617
vn 0.9985 0.0545 -0.0029
vn 0.9985 -0.0549 -0.0037
vn 0.9985 0.0545 0.0029
vn 0.9985 -0.0549 0.0037
vn 0.9880 0.1525 -0.0257
vn 0.9991 0.0427 -0.0080
vn 0.9990 -0.0432 -0.0102
vn 0.9868 -0.1584 -0.0333
vn 0.9774 -0.2110 -0.0117
vn 0.9774 -0.2110 0.0117
vn 0.9868 -0.1584 0.0333
vn 0.9990 -0.0432 0.0102
vn 0.9991 0.0427 0.0080
vn 0.9880 0.1525 0.0257
vn 0.9784 0.2064 0.0090
vn 0.9784 0.2064 -0.0090
vn 0.8513 0.2172 0.4776
vn 0.8513 -0.2172 0.4776
vn 0.9021 0.1984 0.3831
vn 0.9021 -0.1984 0.3831
vn 0.9179 0.3214 0.2325
vn 0.9300 0.1305 0.3437
vn 0.9300 -0.1305 0.3437
vn 0.9179 -0.3214 0.2325
vn 0.7873 -0.5311 0.3130
vn 0.8160 -0.5076 0.2765
vn 0.9143 -0.3568 0.1917
vn 0.9703 -0.1243 0.2077
vn 0.9703 0.1243 0.2077
vn 0.9143 0.3568 0.1917
vn 0.8160 0.5076 0.2765
vn 0.7873 0.5311 0.3131
vn 0.9985 0.0549 -0.0037
vn 0.9985 -0.0545 -0.0029
vn 0.9985 0.0549 0.0037
vn 0.9985 -0.0545 0.0029
vn 0.9868 0.1584 -0.0333
vn 0.9990 0.0432 -0.0102
vn 0.9991 -0.0427 -0.0080
vn 0.9880 -0.1525 -0.0257
vn 0.9784 -0.2064 -0.0090
vn 0.9784 -0.2064 0.0090
vn 0.9880 -0.1525 0.0257
vn 0.9991 -0.0427 0.0080
vn 0.9990 0.0432 0.0102
vn 0.9868 0.1584 0.0333
vn 0.9774 0.2110 0.0117
vn 0.9774 0.2110 -0.0117
vn 0.8393 -0.2236 -0.4955
vn 0.8622 0.2110 -0.4605
vn 0.8994 -0.2005 -0.3883
vn 0.9047 0.1964 -0.3780
vn 0.8964 -0.3531 -0.2680
vn 0.9208 -0.1366 -0.3653
vn 0.9379 0.1249 -0.3238
vn 0.9340 0.2943 -0.2025
vn 0.8150 0.5020 -0.2894
vn 0.8256 0.4964 -0.2684
vn 0.9149 0.3558 -0.1908
vn 0.9704 0.1242 -0.2073
vn 0.9702 -0.1244 -0.2080
vn 0.9137 -0.3578 -0.1926
vn 0.8058 -0.5192 -0.2848
vn 0.7543 -0.5624 -0.3387
vn 0.9985 0.0553 -0.0045
vn 0.9985 -0.0541 -0.0021
vn 0.9985 0.0554 0.0045
vn 0.9985 -0.0541 0.0021
vn 0.9855 0.1648 -0.0414
vn 0.9990 0.0437 -0.0125
vn 0.9991 -0.0422 -0.0058
vn 0.9890 -0.1470 -0.0187
vn 0.9794 -0.2019 -0.0064
vn 0.9794 -0.2019 0.0064
vn 0.9890 -0.1470 0.0187
vn 0.9991 -0.0422 0.0058
vn 0.9990 0.0437 0.0125
vn 0.9855 0.1648 0.0414
vn 0.9763 0.2159 0.0145
vn 0.9763 0.2159 -0.0145
vn 0.6898 -0.7229 0.0401
vn 0.6898 -0.7229 -0.0401
vn 0.6811 -0.7308 0.0444
vn 0.6811 -0.7308 -0.0444
vn 0.8983 -0.4320 0.0804
vn 0.8694 -0.4935 0.0245
vn 0.8694 -0.4935 -0.0245
vn 0.8983 -0.4320 -0.0804
vn 0.7413 -0.6572 -0.1361
vn 0.7337 -0.6644 -0.1424
vn 0.8479 -0.5185 -0.1110
vn 0.8482 -0.5285 -0.0364
vn 0.8482 -0.5285 0.0364
vn 0.8479 -0.5185 0.1110
vn 0.7337 -0.6644 0.1424
vn 0.7413 -0.6572 0.1361
vn 0.0601 -0.3829 -0.9218
vn 0.0596 -0.1622 -0.9850
vn 0.1660 -0.3759 -0.9117
vn 0.1646 -0.1588 -0.9735
vn 0.0081 -0.5908 -0.8068
vn 0.0085 -0.3843 -0.9232
vn 0.0084 -0.1629 -0.9866
vn 0.0082 -0.0245 -0.9997
vn 0.0578 -0.0244 -0.9980
vn 0.1598 -0.0239 -0.9869
vn 0.3131 -0.0225 -0.9495
vn 0.3217 -0.1495 -0.9350
vn 0.3242 -0.3556 -0.8766
vn 0.3127 -0.5546 -0.7711
vn 0.1594 -0.5808 -0.7983
vn 0.0577 -0.5893 -0.8059
vn 0.0574 -0.0000 -0.9983
vn 0.1587 -0.0000 -0.9873
vn 0.0081 -0.0000 -1.0000
vn 0.3111 -0.0000 -0.9504
vn 0.9715 -0.1589 -0.1759
vn 0.9897 -0.0555 -0.1316
vn 0.9829 -0.1598 -0.0917
vn 0.9981 -0.0450 -0.0419
vn 0.9039 -0.2723 -0.3300
vn 0.9408 -0.1561 -0.3008
vn 0.9607 -0.0583 -0.2715
vn 0.9665 -0.0083 -0.2564
vn 0.9940 -0.0056 -0.1091
vn 0.9999 0.0144 -0.0070
vn 0.9940 0.0890 0.0630
vn 0.9998 -0.0210 0.0014
vn 0.9873 -0.1530 -0.0431
vn 0.9448 -0.3141 -0.0928
vn 0.9361 -0.3148 -0.1566
vn 0.9227 -0.3021 -0.2395
vn 0.9943 -0.0008 -0.1066
vn 0.9944 0.0008 -0.1060
vn 0.9999 0.0073 0.0144
vn 0.9999 -0.0069 0.0087
vn 0.9670 -0.0008 -0.2549
vn 0.9667 -0.0005 -0.2557
vn 0.9668 0.0005 -0.2555
vn 0.9671 0.0008 -0.2545
vn 0.9944 0.0002 -0.1056
vn 0.9999 -0.0162 -0.0038
vn 0.9947 -0.0815 0.0625
vn 0.9919 -0.0382 0.1211
vn 0.9872 0.0437 0.1535
vn 0.9864 0.1110 0.1208
vn 0.9998 0.0182 0.0090
vn 0.9944 -0.0002 -0.1057
vn 0.9940 -0.0018 -0.1096
vn 0.9941 0.0018 -0.1086
vn 0.9996 -0.0096 -0.0254
vn 0.9997 0.0098 -0.0208
vn 0.9672 0.0002 -0.2539
vn 0.9672 -0.0001 -0.2539
vn 0.9672 0.0001 -0.2538
vn 0.9672 -0.0002 -0.2540
vn 0.9943 0.0024 -0.1063
vn 0.9997 0.0218 -0.0076
vn 0.9944 0.0911 0.0530
vn 0.9996 0.0262 0.0141
vn 0.9997 -0.0252 0.0057
vn 0.9965 -0.0801 0.0226
vn 0.9996 -0.0204 -0.0180
vn 0.9942 -0.0024 -0.1076
vn 0.9943 -0.0008 -0.1064
vn 0.9944 0.0008 -0.1061
vn 0.9999 0.0072 0.0129
vn 0.9999 -0.0070 0.0101
vn 0.9670 -0.0008 -0.2548
vn 0.9668 -0.0005 -0.2557
vn 0.9671 0.0008 -0.2546
vn 0.9999 -0.0167 -0.0008
vn 0.9934 -0.0874 0.0740
vn 0.9909 -0.0394 0.1285
vn 0.9886 0.0422 0.1446
vn 0.9895 0.1019 0.1027
vn 0.9998 0.0177 0.0056
vn 0.9940 -0.0018 -0.1092
vn 0.9940 0.0018 -0.1089
vn 0.9997 -0.0097 -0.0239
vn 0.9997 0.0098 -0.0223
vn 0.9943 0.0024 -0.1067
vn 0.9997 0.0213 -0.0112
vn 0.9953 0.0871 0.0420
vn 0.9996 0.0259 0.0112
vn 0.9996 -0.0255 0.0084
vn 0.9960 -0.0834 0.0319
vn 0.9997 -0.0208 -0.0147
vn 0.9942 -0.0024 -0.1072
vn 0.9943 -0.0008 -0.1063
vn 0.9943 0.0008 -0.1063
vn 0.9999 0.0071 0.0115
vn 0.9999 -0.0071 0.0115
vn 0.9670 -0.0008 -0.2547
vn 0.9668 -0.0005 -0.2556
vn 0.9668 0.0005 -0.2556
vn 0.9670 0.0008 -0.2547
vn 0.9944 0.0002 -0.1057
vn 0.9998 -0.0172 0.0023
vn 0.9917 -0.0941 0.0872
vn 0.9898 -0.0407 0.1363
vn 0.9898 0.0407 0.1363
vn 0.9917 0.0941 0.0872
vn 0.9998 0.0172 0.0023
vn 0.9940 -0.0018 -0.1089
vn 0.9940 0.0018 -0.1092
vn 0.9997 -0.0098 -0.0223
vn 0.9997 0.0097 -0.0239
vn 0.9672 0.0002 -0.2540
vn 0.9672 0.0001 -0.2539
vn 0.9672 -0.0002 -0.2539
vn 0.9942 0.0024 -0.1072
vn 0.9997 0.0208 -0.0147
vn 0.9960 0.0834 0.0319
vn 0.9996 0.0255 0.0084
vn 0.9996 -0.0259 0.0112
vn 0.9953 -0.0871 0.0420
vn 0.9997 -0.0213 -0.0112
vn 0.9943 -0.0024 -0.1067
vn 0.9944 -0.0008 -0.1061
vn 0.9943 0.0008 -0.1064
vn 0.9999 0.0070 0.0101
vn 0.9999 -0.0072 0.0129
vn 0.9671 -0.0008 -0.2546
vn 0.9668 -0.0005 -0.2555
vn 0.9668 0.0005 -0.2557
vn 0.9670 0.0008 -0.2548
vn 0.9998 -0.0177 0.0056
vn 0.9895 -0.1019 0.1027
vn 0.9886 -0.0422 0.1446
vn 0.9909 0.0394 0.1285
vn 0.9934 0.0874 0.0740
vn 0.9999 0.0167 -0.0008
vn 0.9944 -0.0002 -0.1056
vn 0.9941 -0.0018 -0.1086
vn 0.9940 0.0018 -0.1095
vn 0.9997 -0.0098 -0.0208
vn 0.9996 0.0096 -0.0254
vn 0.9672 -0.0001 -0.2538
vn 0.9942 0.0024 -0.1076
vn 0.9996 0.0204 -0.0180
vn 0.9965 0.0801 0.0226
vn 0.9997 0.0252 0.0057
vn 0.9996 -0.0262 0.0141
vn 0.9944 -0.0911 0.0530
vn 0.9997 -0.0218 -0.0076
vn 0.9943 -0.0024 -0.1063
vn 0.9944 -0.0008 -0.1060
vn 0.9943 0.0008 -0.1066
vn 0.9999 0.0069 0.0087
vn 0.9999 -0.0073 0.0144
vn 0.9671 -0.0008 -0.2545
vn 0.9667 0.0005 -0.2557
vn 0.9670 0.0008 -0.2549
vn 0.9998 -0.0182 0.0090
vn 0.9864 -0.1110 0.1208
vn 0.9872 -0.0437 0.1535
vn 0.9919 0.0382 0.1211
vn 0.9947 0.0815 0.0625
vn 0.9999 0.0163 -0.0038
vn 0.9972 -0.0713 -0.0241
vn 0.9972 0.0713 -0.0241
vn 0.9972 -0.0713 0.0241
vn 0.9972 0.0713 0.0241
vn 0.9657 -0.2461 -0.0832
vn 0.9930 -0.0815 -0.0856
vn 0.9930 0.0815 -0.0856
vn 0.9657 0.2461 -0.0832
vn 0.9686 0.2470 -0.0269
vn 0.9686 0.2470 0.0269
vn 0.9657 0.2461 0.0832
vn 0.9930 0.0815 0.0856
vn 0.9930 -0.0815 0.0856
vn 0.9657 -0.2461 0.0832
vn 0.9686 -0.2470 0.0269
vn 0.9687 -0.2470 -0.0269
vn 0.9687 -0.2470 0.0269
vn 0.9686 -0.2470 -0.0269
vn 0.9687 0.2470 -0.0269
vn 0.8722 -0.2051 -0.4441
vn 0.8261 0.2303 -0.5142
vn 0.9072 -0.1943 -0.3730
vn 0.8966 0.2026 -0.3937
vn 0.9462 -0.2711 -0.1768
vn 0.9447 -0.1196 -0.3054
vn 0.9101 0.1431 -0.3888
vn 0.8669 0.3903 -0.3101
vn 0.7148 0.5957 -0.3664
vn 0.7948 0.5312 -0.2935
vn 0.9131 0.3588 -0.1935
vn 0.9701 0.1246 -0.2083
vn 0.9704 -0.1241 -0.2070
vn 0.9155 -0.3548 -0.1899
vn 0.8345 -0.4855 -0.2607
vn 0.8383 -0.4750 -0.2678
vn 0.7099 -0.7034 0.0366
vn 0.7099 -0.7034 -0.0366
vn 0.6904 -0.7221 0.0433
vn 0.6904 -0.7221 -0.0433
vn 0.9137 -0.4013 0.0642
vn 0.8792 -0.4761 0.0200
vn 0.8792 -0.4761 -0.0200
vn 0.9137 -0.4013 -0.0642
vn 0.7678 -0.6284 -0.1246
vn 0.7457 -0.6518 -0.1383
vn 0.8491 -0.5166 -0.1105
vn 0.8488 -0.5275 -0.0363
vn 0.8488 -0.5274 0.0363
vn 0.8491 -0.5166 0.1105
vn 0.7457 -0.6518 0.1383
vn 0.7679 -0.6284 0.1246
vn 0.8261 -0.2303 -0.5142
vn 0.8722 0.2051 -0.4441
vn 0.8967 -0.2026 -0.3936
vn 0.9072 0.1943 -0.3730
vn 0.8669 -0.3903 -0.3101
vn 0.9101 -0.1431 -0.3888
vn 0.9447 0.1196 -0.3054
vn 0.9462 0.2711 -0.1769
vn 0.8383 0.4750 -0.2677
vn 0.8345 0.4855 -0.2607
vn 0.9155 0.3548 -0.1899
vn 0.9704 0.1241 -0.2070
vn 0.9701 -0.1246 -0.2084
vn 0.9131 -0.3588 -0.1935
vn 0.7948 -0.5312 -0.2935
vn 0.7148 -0.5957 -0.3664
vn 0.7099 0.7034 -0.0366
vn 0.7099 0.7034 0.0366
vn 0.6904 0.7221 -0.0433
vn 0.6904 0.7221 0.0433
vn 0.9137 0.4013 -0.0642
vn 0.8792 0.4761 -0.0200
vn 0.8792 0.4761 0.0200
vn 0.9137 0.4013 0.0642
vn 0.7678 0.6284 0.1246
vn 0.7457 0.6518 0.1383
vn 0.8491 0.5166 0.1105
vn 0.8488 0.5274 0.0363
vn 0.8488 0.5274 -0.0363
vn 0.8491 0.5166 -0.1105
vn 0.7457 0.6518 -0.1383
vn 0.7679 0.6284 -0.1246
vn 0.8393 0.2236 0.4955
vn 0.8622 -0.2110 0.4605
vn 0.8994 0.2005 0.3883
vn 0.9047 -0.1964 0.3780
vn 0.8964 0.3531 0.2680
vn 0.9208 0.1366 0.3653
vn 0.9379 -0.1249 0.3238
vn 0.9340 -0.2943 0.2025
vn 0.8150 -0.5020 0.2894
vn 0.8256 -0.4964 0.2684
vn 0.9149 -0.3558 0.1908
vn 0.9704 -0.1242 0.2073
vn 0.9702 0.1244 0.2080
vn 0.9137 0.3578 0.1926
vn 0.8058 0.5192 0.2848
vn 0.7543 0.5624 0.3387
vn 0.6187 0.7839 -0.0513
vn 0.6187 0.7839 0.0514
vn 0.6512 0.7574 -0.0480
vn 0.6512 0.7574 0.0480
vn 0.8211 0.5518 -0.1458
vn 0.8325 0.5526 -0.0400
vn 0.8325 0.5526 0.0400
vn 0.8212 0.5518 0.1458
vn 0.6357 0.7517 0.1756
vn 0.6933 0.7037 0.1554
vn 0.8441 0.5244 0.1124
vn 0.8462 0.5316 0.0367
vn 0.8462 0.5316 -0.0367
vn 0.8441 0.5243 -0.1124
vn 0.6933 0.7037 -0.1554
vn 0.6358 0.7516 -0.1756
vn 0.6444 -0.7632 0.0474
vn 0.6444 -0.7632 -0.0474
vn 0.6615 -0.7484 0.0468
vn 0.6615 -0.7484 -0.0468
vn 0.8537 -0.5066 0.1207
vn 0.8462 -0.5317 0.0345
vn 0.8462 -0.5317 -0.0345
vn 0.8537 -0.5066 -0.1207
vn 0.6758 -0.7191 -0.1617
vn 0.7075 -0.6904 -0.1509
vn 0.8454 -0.5224 -0.1119
vn 0.8468 -0.5306 -0.0366
vn 0.8468 -0.5306 0.0366
vn 0.8453 -0.5224 0.1119
vn 0.7075 -0.6904 0.1509
vn 0.6758 -0.7191 0.1617
vn 0.8622 -0.2110 -0.4605
vn 0.8393 0.2236 -0.4955
vn 0.9047 -0.1964 -0.3780
vn 0.8994 0.2005 -0.3883
vn 0.9340 -0.2943 -0.2025
vn 0.9379 -0.1249 -0.3238
vn 0.9208 0.1366 -0.3653
vn 0.8964 0.3531 -0.2680
vn 0.7543 0.5624 -0.3387
vn 0.8058 0.5192 -0.2848
vn 0.9137 0.3578 -0.1926
vn 0.9702 0.1244 -0.2080
vn 0.9704 -0.1242 -0.2073
vn 0.9149 -0.3558 -0.1908
vn 0.8256 -0.4964 -0.2684
vn 0.8150 -0.5020 -0.2894
vn 0.8722 0.2051 0.4441
vn 0.8261 -0.2303 0.5142
vn 0.9072 0.1943 0.3730
vn 0.8967 -0.2026 0.3936
vn 0.9462 0.2711 0.1768
vn 0.9447 0.1196 0.3054
vn 0.9101 -0.1431 0.3888
vn 0.8669 -0.3903 0.3101
vn 0.7148 -0.5957 0.3664
vn 0.7948 -0.5312 0.2935
vn 0.9131 -0.3588 0.1935
vn 0.9701 -0.1245 0.2083
vn 0.9704 0.1241 0.2070
vn 0.9155 0.3548 0.1899
vn 0.8345 0.4855 0.2607
vn 0.8383 0.4750 0.2678
vn 0.6898 0.7229 -0.0401
vn 0.6898 0.7229 0.0401
vn 0.6811 0.7308 -0.0444
vn 0.6811 0.7308 0.0444
vn 0.8983 0.4320 -0.0804
vn 0.8694 0.4935 -0.0245
vn 0.8694 0.4935 0.0245
vn 0.8983 0.4320 0.0804
vn 0.7413 0.6572 0.1361
vn 0.7336 0.6644 0.1424
vn 0.8479 0.5185 0.1110
vn 0.8482 0.5285 0.0364
vn 0.8482 0.5285 -0.0364
vn 0.8479 0.5185 -0.1110
vn 0.7337 0.6644 -0.1424
vn 0.7413 0.6572 -0.1361
vn 0.8261 0.2303 0.5142
vn 0.8722 -0.2051 0.4441
vn 0.8967 0.2026 0.3936
vn 0.9072 -0.1943 0.3730
vn 0.8669 0.3903 0.3101
vn 0.9101 0.1431 0.3888
vn 0.9447 -0.1196 0.3054
vn 0.9462 -0.2711 0.1769
vn 0.8383 -0.4750 0.2678
vn 0.8345 -0.4855 0.2607
vn 0.9155 -0.3547 0.1899
vn 0.9704 -0.1241 0.2070
vn 0.9701 0.1246 0.2084
vn 0.9131 0.3588 0.1935
vn 0.7948 0.5312 0.2935
vn 0.7148 0.5957 0.3664
vn 0.6680 -0.7429 0.0437
vn 0.6680 -0.7429 -0.0437
vn 0.6715 -0.7396 0.0456
vn 0.6715 -0.7396 -0.0456
vn 0.8788 -0.4668 0.0990
vn 0.8585 -0.5120 0.0293
vn 0.8584 -0.5121 -0.0293
vn 0.8788 -0.4668 -0.0990
vn 0.7108 -0.6875 -0.1485
vn 0.7210 -0.6773 -0.1466
vn 0.8466 -0.5204 -0.1114
vn 0.8475 -0.5295 -0.0365
vn 0.8475 -0.5295 0.0365
vn 0.8466 -0.5204 0.1114
vn 0.7210 -0.6773 0.1466
vn 0.7108 -0.6875 0.1485
vn 0.8513 -0.2172 -0.4776
vn 0.8513 0.2172 -0.4776
vn 0.9021 -0.1984 -0.3831
vn 0.9021 0.1984 -0.3831
vn 0.9179 -0.3214 -0.2325
vn 0.9300 -0.1305 -0.3437
vn 0.9300 0.1305 -0.3437
vn 0.9179 0.3214 -0.2325
vn 0.7873 0.5311 -0.3131
vn 0.8160 0.5076 -0.2765
vn 0.9143 0.3568 -0.1917
vn 0.9703 0.1243 -0.2077
vn 0.9703 -0.1243 -0.2077
vn 0.9143 -0.3568 -0.1917
vn 0.8160 -0.5076 -0.2765
vn 0.7873 -0.5311 -0.3131
vn 0.8622 0.2110 0.4605
vn 0.8393 -0.2236 0.4955
vn 0.9047 0.1964 0.3780
vn 0.8994 -0.2005 0.3883
vn 0.9340 0.2943 0.2025
vn 0.9379 0.1249 0.3238
vn 0.9208 -0.1366 0.3653
vn 0.8964 -0.3531 0.2680
vn 0.7543 -0.5624 0.3387
vn 0.8058 -0.5192 0.2848
vn 0.9137 -0.3578 0.1926
vn 0.9702 -0.1244 0.2080
vn 0.9704 0.1242 0.2073
vn 0.9149 0.3557 0.1908
vn 0.8255 0.4964 0.2684
vn 0.8150 0.5019 0.2894
vn 0.6680 0.7429 -0.0437
vn 0.6680 0.7429 0.0437
vn 0.6715 0.7396 -0.0456
vn 0.6715 0.7396 0.0456
vn 0.8788 0.4668 -0.0990
vn 0.8584 0.5121 -0.0293
vn 0.8585 0.5121 0.0293
vn 0.8788 0.4668 0.0990
vn 0.7108 0.6875 0.1485
vn 0.7210 0.6773 0.1466
vn 0.8466 0.5204 0.1114
vn 0.8475 0.5295 0.0365
vn 0.8475 0.5295 -0.0365
vn 0.8466 0.5204 -0.1114
vn 0.7210 0.6773 -0.1466
vn 0.7108 0.6876 -0.1485
vt 0.160174 0.518452
vt 0.195246 0.518592
vt 0.195145 0.537504
vt 0.160161 0.537115
vt 0.230069 0.519012
vt 0.229751 0.538112
vt 0.195099 0.557127
vt 0.160155 0.556311
vt 0.229615 0.557787
vt 0.125000 0.500000
vt 0.160191 0.500000
vt 0.125000 0.518400
vt 0.195381 0.500000
vt 0.230572 0.500000
vt 0.265763 0.500000
vt 0.264222 0.520502
vt 0.263692 0.539374
vt 0.263479 0.558643
vt 0.263411 0.579212
vt 0.229580 0.578728
vt 0.195088 0.578152
vt 0.160154 0.577006
vt 0.125000 0.555199
vt 0.125000 0.573599
vt 0.125000 0.536800
vt 0.593378 0.532562
vt 0.599088 0.533248
vt 0.599418 0.549644
vt 0.592968 0.549369
vt 0.606548 0.534815
vt 0.608779 0.549808
vt 0.599798 0.565331
vt 0.593030 0.564933
vt 0.609875 0.565180
vt 0.589624 0.512068
vt 0.594614 0.512218
vt 0.588356 0.532418
vt 0.599669 0.513267
vt 0.604647 0.516412
vt 0.606089 0.527016
vt 0.619329 0.535838
vt 0.623477 0.549190
vt 0.625031 0.564463
vt 0.625434 0.582210
vt 0.610234 0.582608
vt 0.600111 0.582585
vt 0.593419 0.581977
vt 0.587868 0.563655
vt 0.588093 0.580334
vt 0.587864 0.548964
vt 0.160155 0.693689
vt 0.195099 0.692873
vt 0.195145 0.712496
vt 0.160161 0.712885
vt 0.229615 0.692213
vt 0.229751 0.711888
vt 0.195246 0.731408
vt 0.160174 0.731548
vt 0.230069 0.730988
vt 0.125000 0.676401
vt 0.160154 0.672994
vt 0.125000 0.694801
vt 0.195088 0.671848
vt 0.229580 0.671272
vt 0.263411 0.670788
vt 0.263479 0.691357
vt 0.263692 0.710626
vt 0.264222 0.729498
vt 0.265763 0.750000
vt 0.230572 0.750000
vt 0.195382 0.750000
vt 0.160191 0.750000
vt 0.125000 0.731600
vt 0.125000 0.750000
vt 0.125000 0.713201
vt 0.607913 0.285179
vt 0.613600 0.285181
vt 0.613344 0.320303
vt 0.607623 0.320290
vt 0.619297 0.285185
vt 0.619147 0.320336
vt 0.612616 0.355300
vt 0.606830 0.355261
vt 0.618672 0.355404
vt 0.602273 0.250000
vt 0.607955 0.250000
vt 0.602232 0.285179
vt 0.613636 0.250000
vt 0.619318 0.250000
vt 0.625000 0.250000
vt 0.625000 0.285191
vt 0.625000 0.320382
vt 0.625000 0.355572
vt 0.625000 0.390763
vt 0.617262 0.390238
vt 0.611034 0.390074
vt 0.605265 0.390019
vt 0.601185 0.355255
vt 0.599694 0.390011
vt 0.601950 0.320288
vt 0.769931 0.519012
vt 0.804754 0.518592
vt 0.804855 0.537504
vt 0.770249 0.538112
vt 0.839826 0.518452
vt 0.839839 0.537115
vt 0.804901 0.557127
vt 0.770385 0.557787
vt 0.839845 0.556311
vt 0.734237 0.500000
vt 0.769428 0.500000
vt 0.735778 0.520502
vt 0.804619 0.500000
vt 0.839809 0.500000
vt 0.875000 0.500000
vt 0.875000 0.518400
vt 0.875000 0.536800
vt 0.875000 0.555199
vt 0.875000 0.573599
vt 0.839846 0.577006
vt 0.804913 0.578152
vt 0.770420 0.578728
vt 0.736521 0.558643
vt 0.736589 0.579212
vt 0.736308 0.539374
vt 0.405936 0.647457
vt 0.399614 0.647131
vt 0.399490 0.625000
vt 0.405631 0.625000
vt 0.389603 0.647052
vt 0.389545 0.625000
vt 0.399614 0.602869
vt 0.405936 0.602543
vt 0.389603 0.602948
vt 0.411907 0.669666
vt 0.406581 0.668023
vt 0.409755 0.647368
vt 0.399889 0.667415
vt 0.389766 0.667392
vt 0.374566 0.667790
vt 0.374431 0.647204
vt 0.374386 0.625000
vt 0.374431 0.602796
vt 0.374566 0.582210
vt 0.389766 0.582608
vt 0.399889 0.582585
vt 0.406581 0.581977
vt 0.409755 0.602632
vt 0.411907 0.580334
vt 0.409180 0.625000
vt 0.606830 0.894739
vt 0.612616 0.894700
vt 0.613344 0.929697
vt 0.607622 0.929711
vt 0.618672 0.894596
vt 0.619147 0.929664
vt 0.613600 0.964819
vt 0.607913 0.964821
vt 0.619297 0.964815
vt 0.599694 0.859989
vt 0.605265 0.859981
vt 0.601185 0.894745
vt 0.611034 0.859926
vt 0.617262 0.859762
vt 0.625000 0.859237
vt 0.625000 0.894428
vt 0.625000 0.929619
vt 0.625000 0.964809
vt 0.625000 1.000000
vt 0.619318 1.000000
vt 0.613636 1.000000
vt 0.607955 1.000000
vt 0.602232 0.964821
vt 0.602273 1.000000
vt 0.601950 0.929712
vt 0.390125 0.684820
vt 0.400202 0.684669
vt 0.400582 0.700356
vt 0.391221 0.700192
vt 0.406970 0.685067
vt 0.407032 0.700631
vt 0.400912 0.716752
vt 0.393452 0.715185
vt 0.406621 0.717438
vt 0.374969 0.685537
vt 0.412132 0.686345
vt 0.412136 0.701036
vt 0.411644 0.717582
vt 0.410376 0.737932
vt 0.405386 0.737782
vt 0.400331 0.736733
vt 0.395354 0.733588
vt 0.380671 0.714162
vt 0.393911 0.722984
vt 0.376524 0.700810
vt 0.839846 0.649641
vt 0.804916 0.648966
vt 0.804917 0.625000
vt 0.839847 0.625000
vt 0.770432 0.648632
vt 0.770436 0.625000
vt 0.804916 0.601035
vt 0.839846 0.600359
vt 0.770432 0.601368
vt 0.875000 0.676401
vt 0.839846 0.672994
vt 0.875000 0.650701
vt 0.804913 0.671848
vt 0.770420 0.671272
vt 0.736589 0.670788
vt 0.736617 0.648421
vt 0.736626 0.625000
vt 0.736617 0.601579
vt 0.875000 0.599300
vt 0.875000 0.625000
vt 0.229568 0.648632
vt 0.195084 0.648965
vt 0.195083 0.625000
vt 0.229564 0.625000
vt 0.160154 0.649641
vt 0.160153 0.625000
vt 0.195084 0.601035
vt 0.229568 0.601368
vt 0.160154 0.600359
vt 0.263383 0.648421
vt 0.125000 0.650701
vt 0.125000 0.625000
vt 0.125000 0.599300
vt 0.263383 0.601579
vt 0.263374 0.625000
vt 0.770385 0.692213
vt 0.804901 0.692873
vt 0.804855 0.712496
vt 0.770249 0.711888
vt 0.839845 0.693690
vt 0.839839 0.712885
vt 0.804754 0.731408
vt 0.769931 0.730988
vt 0.839826 0.731548
vt 0.736521 0.691357
vt 0.875000 0.694801
vt 0.875000 0.713201
vt 0.875000 0.731600
vt 0.875000 0.750000
vt 0.839809 0.750000
vt 0.804619 0.750000
vt 0.769428 0.750000
vt 0.735778 0.729498
vt 0.734237 0.750000
vt 0.736308 0.710626
vt 0.403099 0.486746
vt 0.398130 0.487526
vt 0.394932 0.457254
vt 0.400180 0.456968
vt 0.393434 0.489582
vt 0.389691 0.457949
vt 0.391642 0.424360
vt 0.397208 0.424286
vt 0.385818 0.424546
vt 0.410376 0.512068
vt 0.405386 0.512218
vt 0.408181 0.486635
vt 0.400331 0.513267
vt 0.395354 0.516412
vt 0.393911 0.527016
vt 0.389183 0.492953
vt 0.384456 0.458890
vt 0.379728 0.424826
vt 0.375000 0.390763
vt 0.382738 0.390238
vt 0.388966 0.390074
vt 0.394735 0.390019
vt 0.402639 0.424276
vt 0.400306 0.390011
vt 0.405433 0.456927
vt 0.397208 0.825714
vt 0.391642 0.825640
vt 0.394932 0.792746
vt 0.400180 0.793032
vt 0.385818 0.825454
vt 0.389691 0.792051
vt 0.398130 0.762474
vt 0.403099 0.763254
vt 0.393434 0.760418
vt 0.400306 0.859989
vt 0.394735 0.859981
vt 0.402639 0.825724
vt 0.388966 0.859926
vt 0.382738 0.859762
vt 0.375000 0.859237
vt 0.379728 0.825174
vt 0.384455 0.791111
vt 0.389183 0.757047
vt 0.408181 0.763365
vt 0.405433 0.793073
vt 0.646927 0.647480
vt 0.646965 0.625000
vt 0.673548 0.625000
vt 0.673520 0.647813
vt 0.646928 0.602520
vt 0.673520 0.602187
vt 0.703916 0.625000
vt 0.703899 0.648146
vt 0.703899 0.601854
vt 0.625434 0.667790
vt 0.625569 0.647204
vt 0.646815 0.668470
vt 0.625614 0.625000
vt 0.625569 0.602796
vt 0.646815 0.581531
vt 0.673436 0.580711
vt 0.703845 0.579891
vt 0.703845 0.670109
vt 0.673436 0.669290
vt 0.353073 0.602520
vt 0.353035 0.625000
vt 0.326452 0.625000
vt 0.326480 0.602187
vt 0.353073 0.647480
vt 0.326480 0.647813
vt 0.296084 0.625000
vt 0.296102 0.601854
vt 0.296102 0.648146
vt 0.353185 0.581530
vt 0.353185 0.668470
vt 0.326564 0.669290
vt 0.296155 0.670109
vt 0.296155 0.579891
vt 0.326564 0.580711
vt 0.353505 0.686824
vt 0.354695 0.702780
vt 0.327301 0.705563
vt 0.326753 0.688428
vt 0.357474 0.716885
vt 0.328404 0.721362
vt 0.296530 0.708385
vt 0.296264 0.690037
vt 0.297052 0.725920
vt 0.361874 0.729738
vt 0.329837 0.736492
vt 0.297800 0.743246
vt 0.357474 0.533115
vt 0.354695 0.547221
vt 0.327301 0.544437
vt 0.328404 0.528639
vt 0.353505 0.563176
vt 0.326753 0.561572
vt 0.296530 0.541615
vt 0.297052 0.524080
vt 0.296264 0.559963
vt 0.380671 0.535838
vt 0.361874 0.520262
vt 0.376524 0.549190
vt 0.374969 0.564463
vt 0.297800 0.506754
vt 0.329837 0.513508
vt 0.646495 0.563176
vt 0.645305 0.547221
vt 0.672699 0.544437
vt 0.673247 0.561572
vt 0.642526 0.533115
vt 0.671596 0.528639
vt 0.703470 0.541615
vt 0.703736 0.559963
vt 0.702948 0.524080
vt 0.638126 0.520262
vt 0.670163 0.513508
vt 0.702200 0.506754
vt 0.642526 0.716885
vt 0.645305 0.702780
vt 0.672699 0.705563
vt 0.671596 0.721361
vt 0.646495 0.686824
vt 0.673247 0.688428
vt 0.703470 0.708385
vt 0.702948 0.725920
vt 0.703736 0.690037
vt 0.606089 0.722984
vt 0.619329 0.714162
vt 0.638126 0.729738
vt 0.623477 0.700810
vt 0.625031 0.685537
vt 0.702200 0.743246
vt 0.670163 0.736492
vt 0.593030 0.685067
vt 0.599798 0.684669
vt 0.599417 0.700356
vt 0.592968 0.700631
vt 0.609875 0.684820
vt 0.608780 0.700192
vt 0.599088 0.716752
vt 0.593379 0.717438
vt 0.606548 0.715185
vt 0.588093 0.669666
vt 0.593419 0.668023
vt 0.587868 0.686345
vt 0.600111 0.667415
vt 0.610234 0.667392
vt 0.604647 0.733588
vt 0.599669 0.736733
vt 0.594614 0.737782
vt 0.588356 0.717582
vt 0.589624 0.737932
vt 0.587864 0.701036
vt 0.417038 0.688692
vt 0.421908 0.689830
vt 0.421902 0.701967
vt 0.417019 0.701635
vt 0.426768 0.688692
vt 0.426782 0.701635
vt 0.421462 0.717699
vt 0.416553 0.717657
vt 0.426371 0.717657
vt 0.417032 0.678759
vt 0.421743 0.681172
vt 0.426434 0.678759
vt 0.431483 0.669666
vt 0.431658 0.686345
vt 0.431661 0.701036
vt 0.431279 0.717582
vt 0.430293 0.737932
vt 0.425314 0.737932
vt 0.420334 0.737932
vt 0.415355 0.737932
vt 0.436562 0.685076
vt 0.441431 0.684742
vt 0.441426 0.700538
vt 0.436544 0.700653
vt 0.446292 0.685076
vt 0.446307 0.700653
vt 0.441097 0.717520
vt 0.436188 0.717534
vt 0.446005 0.717534
vt 0.436598 0.668046
vt 0.441307 0.667603
vt 0.446001 0.668046
vt 0.451060 0.669666
vt 0.451185 0.686345
vt 0.451187 0.701036
vt 0.450914 0.717582
vt 0.450209 0.737932
vt 0.445230 0.737932
vt 0.440251 0.737932
vt 0.435272 0.737932
vt 0.456086 0.688692
vt 0.460954 0.689830
vt 0.460951 0.701967
vt 0.456069 0.701635
vt 0.465816 0.688692
vt 0.465832 0.701635
vt 0.460731 0.717699
vt 0.455822 0.717657
vt 0.465640 0.717657
vt 0.456165 0.678759
vt 0.460872 0.681172
vt 0.465568 0.678759
vt 0.470636 0.669666
vt 0.470711 0.686345
vt 0.470712 0.701036
vt 0.470548 0.717582
vt 0.470125 0.737932
vt 0.465146 0.737932
vt 0.460167 0.737932
vt 0.455188 0.737932
vt 0.475611 0.685076
vt 0.480477 0.684742
vt 0.480475 0.700538
vt 0.475594 0.700653
vt 0.485341 0.685076
vt 0.485357 0.700653
vt 0.480365 0.717520
vt 0.475457 0.717534
vt 0.485274 0.717534
vt 0.475732 0.668046
vt 0.480436 0.667603
vt 0.485135 0.668046
vt 0.490212 0.669666
vt 0.490237 0.686345
vt 0.490237 0.701036
vt 0.490183 0.717582
vt 0.490042 0.737932
vt 0.485063 0.737932
vt 0.480084 0.737932
vt 0.475105 0.737932
vt 0.495135 0.688692
vt 0.500000 0.689830
vt 0.500000 0.701967
vt 0.495118 0.701635
vt 0.504865 0.688692
vt 0.504882 0.701635
vt 0.500000 0.717699
vt 0.495091 0.717657
vt 0.504909 0.717657
vt 0.495299 0.678759
vt 0.500000 0.681172
vt 0.504701 0.678759
vt 0.509788 0.669666
vt 0.509763 0.686345
vt 0.509763 0.701036
vt 0.509817 0.717582
vt 0.509958 0.737932
vt 0.504979 0.737932
vt 0.500000 0.737932
vt 0.495021 0.737932
vt 0.514660 0.685076
vt 0.519523 0.684742
vt 0.519525 0.700538
vt 0.514644 0.700653
vt 0.524389 0.685076
vt 0.524407 0.700653
vt 0.519635 0.717520
vt 0.514726 0.717534
vt 0.524543 0.717534
vt 0.514865 0.668046
vt 0.519564 0.667603
vt 0.524268 0.668046
vt 0.529364 0.669666
vt 0.529289 0.686345
vt 0.529288 0.701036
vt 0.529452 0.717582
vt 0.529875 0.737932
vt 0.524896 0.737932
vt 0.519916 0.737932
vt 0.514937 0.737932
vt 0.534184 0.688692
vt 0.539046 0.689830
vt 0.539049 0.701967
vt 0.534169 0.701635
vt 0.543914 0.688692
vt 0.543932 0.701635
vt 0.539269 0.717699
vt 0.534360 0.717657
vt 0.544178 0.717657
vt 0.534432 0.678759
vt 0.539128 0.681172
vt 0.543835 0.678759
vt 0.548940 0.669666
vt 0.548816 0.686345
vt 0.548814 0.701036
vt 0.549087 0.717582
vt 0.549791 0.737932
vt 0.544812 0.737932
vt 0.539833 0.737932
vt 0.534854 0.737932
vt 0.553708 0.685076
vt 0.558569 0.684742
vt 0.558574 0.700538
vt 0.553694 0.700653
vt 0.563438 0.685076
vt 0.563457 0.700653
vt 0.558904 0.717520
vt 0.553995 0.717534
vt 0.563812 0.717534
vt 0.553999 0.668046
vt 0.558693 0.667603
vt 0.563402 0.668046
vt 0.568517 0.669666
vt 0.568342 0.686345
vt 0.568339 0.701036
vt 0.568721 0.717582
vt 0.569707 0.737932
vt 0.564728 0.737932
vt 0.559749 0.737932
vt 0.554770 0.737932
vt 0.573232 0.688692
vt 0.578092 0.689830
vt 0.578098 0.701967
vt 0.573219 0.701635
vt 0.582962 0.688692
vt 0.582982 0.701635
vt 0.578538 0.717699
vt 0.573630 0.717657
vt 0.583447 0.717657
vt 0.573566 0.678759
vt 0.578257 0.681172
vt 0.582969 0.678759
vt 0.584645 0.737932
vt 0.579666 0.737932
vt 0.574687 0.737932
vt 0.614182 0.825454
vt 0.608359 0.825640
vt 0.605068 0.792746
vt 0.610309 0.792051
vt 0.602792 0.825714
vt 0.599820 0.793032
vt 0.601870 0.762474
vt 0.606566 0.760418
vt 0.596901 0.763254
vt 0.620272 0.825174
vt 0.597361 0.825724
vt 0.594567 0.793073
vt 0.591819 0.763365
vt 0.610817 0.757047
vt 0.615545 0.791111
vt 0.591952 0.825724
vt 0.586543 0.825725
vt 0.584060 0.793073
vt 0.589313 0.793073
vt 0.581134 0.825724
vt 0.578806 0.793073
vt 0.581617 0.763365
vt 0.586718 0.763365
vt 0.576516 0.763365
vt 0.594155 0.859989
vt 0.588617 0.859989
vt 0.583078 0.859989
vt 0.577540 0.859989
vt 0.575725 0.825725
vt 0.573552 0.793073
vt 0.571415 0.763365
vt 0.570316 0.825724
vt 0.564907 0.825725
vt 0.563045 0.793073
vt 0.568298 0.793073
vt 0.559498 0.825724
vt 0.557791 0.793073
vt 0.561213 0.763365
vt 0.566314 0.763365
vt 0.556112 0.763365
vt 0.572001 0.859989
vt 0.566463 0.859989
vt 0.560924 0.859989
vt 0.555386 0.859989
vt 0.554089 0.825725
vt 0.552537 0.793073
vt 0.551011 0.763365
vt 0.548680 0.825724
vt 0.543272 0.825725
vt 0.542030 0.793073
vt 0.547284 0.793073
vt 0.537863 0.825724
vt 0.536776 0.793073
vt 0.540809 0.763365
vt 0.545910 0.763365
vt 0.535708 0.763365
vt 0.549847 0.859989
vt 0.544309 0.859989
vt 0.538770 0.859989
vt 0.533231 0.859989
vt 0.532454 0.825725
vt 0.531523 0.793073
vt 0.530606 0.763365
vt 0.527045 0.825724
vt 0.521636 0.825725
vt 0.521015 0.793073
vt 0.526269 0.793073
vt 0.516227 0.825724
vt 0.515761 0.793073
vt 0.520404 0.763365
vt 0.525505 0.763365
vt 0.515303 0.763365
vt 0.527693 0.859989
vt 0.522154 0.859989
vt 0.516616 0.859989
vt 0.511077 0.859989
vt 0.510818 0.825725
vt 0.510508 0.793073
vt 0.510202 0.763365
vt 0.505409 0.825724
vt 0.500000 0.825725
vt 0.500000 0.793073
vt 0.505254 0.793073
vt 0.494591 0.825724
vt 0.494746 0.793073
vt 0.500000 0.763365
vt 0.505101 0.763365
vt 0.494899 0.763365
vt 0.505539 0.859989
vt 0.500000 0.859989
vt 0.494462 0.859989
vt 0.488923 0.859989
vt 0.489182 0.825725
vt 0.489493 0.793073
vt 0.489798 0.763365
vt 0.483773 0.825724
vt 0.478364 0.825725
vt 0.478985 0.793073
vt 0.484239 0.793073
vt 0.472955 0.825724
vt 0.473731 0.793073
vt 0.479596 0.763365
vt 0.484697 0.763365
vt 0.474495 0.763365
vt 0.483384 0.859989
vt 0.477846 0.859989
vt 0.472307 0.859989
vt 0.466769 0.859989
vt 0.467546 0.825725
vt 0.468478 0.793073
vt 0.469394 0.763365
vt 0.462137 0.825724
vt 0.456729 0.825725
vt 0.457970 0.793073
vt 0.463224 0.793073
vt 0.451320 0.825724
vt 0.452717 0.793073
vt 0.459191 0.763365
vt 0.464293 0.763365
vt 0.454090 0.763365
vt 0.461230 0.859989
vt 0.455692 0.859989
vt 0.450153 0.859989
vt 0.444615 0.859989
vt 0.445911 0.825725
vt 0.447463 0.793073
vt 0.448989 0.763365
vt 0.440502 0.825724
vt 0.435093 0.825725
vt 0.436955 0.793073
vt 0.442209 0.793073
vt 0.429684 0.825724
vt 0.431702 0.793073
vt 0.438787 0.763365
vt 0.443888 0.763365
vt 0.433686 0.763365
vt 0.439076 0.859989
vt 0.433537 0.859989
vt 0.427999 0.859989
vt 0.422460 0.859989
vt 0.424275 0.825725
vt 0.426448 0.793073
vt 0.428585 0.763365
vt 0.418866 0.825724
vt 0.413457 0.825725
vt 0.415940 0.793073
vt 0.421194 0.793073
vt 0.408048 0.825724
vt 0.410687 0.793073
vt 0.418383 0.763365
vt 0.423484 0.763365
vt 0.413282 0.763365
vt 0.416922 0.859989
vt 0.411383 0.859989
vt 0.405845 0.859989
vt 0.606566 0.489582
vt 0.601870 0.487526
vt 0.605068 0.457254
vt 0.610309 0.457949
vt 0.596901 0.486746
vt 0.599820 0.456968
vt 0.608359 0.424360
vt 0.614182 0.424546
vt 0.602792 0.424286
vt 0.610817 0.492953
vt 0.591819 0.486635
vt 0.594567 0.456927
vt 0.597361 0.424276
vt 0.620272 0.424826
vt 0.615545 0.458890
vt 0.586718 0.486635
vt 0.581617 0.486635
vt 0.584060 0.456927
vt 0.589313 0.456927
vt 0.576516 0.486635
vt 0.578806 0.456927
vt 0.586543 0.424276
vt 0.591952 0.424276
vt 0.581134 0.424276
vt 0.584645 0.512068
vt 0.579666 0.512068
vt 0.574686 0.512068
vt 0.569707 0.512068
vt 0.571415 0.486635
vt 0.573552 0.456927
vt 0.575725 0.424276
vt 0.577540 0.390011
vt 0.583078 0.390011
vt 0.588617 0.390011
vt 0.594155 0.390011
vt 0.566314 0.486635
vt 0.561213 0.486635
vt 0.563045 0.456927
vt 0.568298 0.456927
vt 0.556112 0.486635
vt 0.557791 0.456927
vt 0.564907 0.424276
vt 0.570316 0.424276
vt 0.559498 0.424276
vt 0.564728 0.512068
vt 0.559749 0.512068
vt 0.554770 0.512068
vt 0.549791 0.512068
vt 0.551011 0.486635
vt 0.552537 0.456927
vt 0.554089 0.424276
vt 0.555386 0.390011
vt 0.560924 0.390011
vt 0.566463 0.390011
vt 0.572001 0.390011
vt 0.545910 0.486635
vt 0.540809 0.486635
vt 0.542030 0.456927
vt 0.547284 0.456927
vt 0.535707 0.486635
vt 0.536776 0.456927
vt 0.543271 0.424276
vt 0.548680 0.424276
vt 0.537863 0.424276
vt 0.544812 0.512068
vt 0.539833 0.512068
vt 0.534854 0.512068
vt 0.529875 0.512068
vt 0.530607 0.486635
vt 0.531522 0.456927
vt 0.532454 0.424276
vt 0.533231 0.390011
vt 0.538770 0.390011
vt 0.544308 0.390011
vt 0.549847 0.390011
vt 0.525505 0.486635
vt 0.520404 0.486635
vt 0.521015 0.456927
vt 0.526269 0.456927
vt 0.515303 0.486635
vt 0.515761 0.456927
vt 0.521636 0.424276
vt 0.527045 0.424276
vt 0.516227 0.424276
vt 0.524896 0.512068
vt 0.519916 0.512068
vt 0.514937 0.512068
vt 0.509958 0.512068
vt 0.510202 0.486635
vt 0.510507 0.456927
vt 0.510818 0.424276
vt 0.511077 0.390011
vt 0.516616 0.390011
vt 0.522154 0.390011
vt 0.527693 0.390011
vt 0.505101 0.486635
vt 0.500000 0.486635
vt 0.500000 0.456927
vt 0.505254 0.456927
vt 0.494899 0.486635
vt 0.494746 0.456927
vt 0.500000 0.424276
vt 0.505409 0.424276
vt 0.494591 0.424276
vt 0.504979 0.512068
vt 0.500000 0.512068
vt 0.495021 0.512068
vt 0.490042 0.512068
vt 0.489798 0.486635
vt 0.489493 0.456927
vt 0.489182 0.424276
vt 0.488923 0.390011
vt 0.494461 0.390011
vt 0.500000 0.390011
vt 0.505539 0.390011
vt 0.484697 0.486635
vt 0.479596 0.486635
vt 0.478985 0.456927
vt 0.484239 0.456927
vt 0.474495 0.486635
vt 0.473731 0.456927
vt 0.478364 0.424276
vt 0.483773 0.424276
vt 0.472955 0.424276
vt 0.485063 0.512068
vt 0.480084 0.512068
vt 0.475105 0.512068
vt 0.470125 0.512068
vt 0.469394 0.486635
vt 0.468478 0.456927
vt 0.467546 0.424276
vt 0.466769 0.390011
vt 0.472307 0.390011
vt 0.477846 0.390011
vt 0.483384 0.390011
vt 0.464293 0.486635
vt 0.459192 0.486635
vt 0.457970 0.456927
vt 0.463224 0.456927
vt 0.454090 0.486635
vt 0.452716 0.456927
vt 0.456729 0.424276
vt 0.462137 0.424276
vt 0.451320 0.424276
vt 0.465146 0.512068
vt 0.460167 0.512068
vt 0.455188 0.512068
vt 0.450209 0.512068
vt 0.448989 0.486635
vt 0.447463 0.456927
vt 0.445911 0.424276
vt 0.444614 0.390011
vt 0.450153 0.390011
vt 0.455692 0.390011
vt 0.461230 0.390011
vt 0.443888 0.486635
vt 0.438787 0.486635
vt 0.436955 0.456927
vt 0.442209 0.456927
vt 0.433686 0.486635
vt 0.431702 0.456927
vt 0.435093 0.424276
vt 0.440502 0.424276
vt 0.429684 0.424276
vt 0.445230 0.512068
vt 0.440251 0.512068
vt 0.435272 0.512068
vt 0.430293 0.512068
vt 0.428585 0.486635
vt 0.426448 0.456927
vt 0.424275 0.424276
vt 0.422460 0.390011
vt 0.427999 0.390011
vt 0.433537 0.390011
vt 0.439076 0.390011
vt 0.423484 0.486635
vt 0.418383 0.486635
vt 0.415940 0.456927
vt 0.421194 0.456927
vt 0.413282 0.486635
vt 0.410687 0.456927
vt 0.413457 0.424276
vt 0.418866 0.424276
vt 0.408048 0.424276
vt 0.425314 0.512068
vt 0.420334 0.512068
vt 0.415355 0.512068
vt 0.405845 0.390011
vt 0.411383 0.390011
vt 0.416922 0.390011
vt 0.381328 0.894596
vt 0.387384 0.894700
vt 0.386656 0.929697
vt 0.380853 0.929664
vt 0.393170 0.894739
vt 0.392378 0.929711
vt 0.386400 0.964819
vt 0.380703 0.964815
vt 0.392087 0.964821
vt 0.375000 0.894428
vt 0.398815 0.894745
vt 0.398050 0.929713
vt 0.397768 0.964821
vt 0.397727 1.000000
vt 0.392045 1.000000
vt 0.386364 1.000000
vt 0.380682 1.000000
vt 0.375000 0.964809
vt 0.375000 1.000000
vt 0.375000 0.929619
vt 0.404437 0.894745
vt 0.410058 0.894745
vt 0.409377 0.929712
vt 0.403714 0.929713
vt 0.415679 0.894745
vt 0.415041 0.929713
vt 0.409127 0.964821
vt 0.403447 0.964821
vt 0.414806 0.964821
vt 0.421301 0.894745
vt 0.420705 0.929713
vt 0.420486 0.964821
vt 0.420455 1.000000
vt 0.414773 1.000000
vt 0.409091 1.000000
vt 0.403409 1.000000
vt 0.426922 0.894745
vt 0.432544 0.894745
vt 0.432033 0.929712
vt 0.426369 0.929713
vt 0.438165 0.894745
vt 0.437697 0.929713
vt 0.431845 0.964821
vt 0.426165 0.964821
vt 0.437525 0.964821
vt 0.443786 0.894745
vt 0.443361 0.929713
vt 0.443204 0.964821
vt 0.443182 1.000000
vt 0.437500 1.000000
vt 0.431818 1.000000
vt 0.426136 1.000000
vt 0.449408 0.894745
vt 0.455029 0.894745
vt 0.454689 0.929712
vt 0.449025 0.929713
vt 0.460650 0.894745
vt 0.460353 0.929713
vt 0.454563 0.964821
vt 0.448884 0.964821
vt 0.460243 0.964821
vt 0.466272 0.894745
vt 0.466017 0.929713
vt 0.465923 0.964821
vt 0.465909 1.000000
vt 0.460227 1.000000
vt 0.454546 1.000000
vt 0.448864 1.000000
vt 0.471893 0.894745
vt 0.477515 0.894745
vt 0.477344 0.929712
vt 0.471681 0.929713
vt 0.483136 0.894745
vt 0.483008 0.929713
vt 0.477282 0.964821
vt 0.471602 0.964821
vt 0.482961 0.964821
vt 0.488757 0.894745
vt 0.488672 0.929713
vt 0.488641 0.964821
vt 0.488636 1.000000
vt 0.482955 1.000000
vt 0.477273 1.000000
vt 0.471591 1.000000
vt 0.494379 0.894745
vt 0.500000 0.894745
vt 0.500000 0.929712
vt 0.494336 0.929713
vt 0.505621 0.894745
vt 0.505664 0.929713
vt 0.500000 0.964821
vt 0.494320 0.964821
vt 0.505680 0.964821
vt 0.511243 0.894745
vt 0.511328 0.929713
vt 0.511359 0.964821
vt 0.511364 1.000000
vt 0.505682 1.000000
vt 0.500000 1.000000
vt 0.494318 1.000000
vt 0.516864 0.894745
vt 0.522486 0.894745
vt 0.522656 0.929712
vt 0.516992 0.929713
vt 0.528107 0.894745
vt 0.528320 0.929713
vt 0.522718 0.964821
vt 0.517039 0.964821
vt 0.528398 0.964821
vt 0.533728 0.894745
vt 0.533983 0.929713
vt 0.534077 0.964821
vt 0.534091 1.000000
vt 0.528409 1.000000
vt 0.522727 1.000000
vt 0.517045 1.000000
vt 0.539350 0.894745
vt 0.544971 0.894745
vt 0.545311 0.929712
vt 0.539647 0.929713
vt 0.550592 0.894745
vt 0.550975 0.929713
vt 0.545437 0.964821
vt 0.539757 0.964821
vt 0.551116 0.964821
vt 0.556214 0.894745
vt 0.556639 0.929712
vt 0.556796 0.964821
vt 0.556818 1.000000
vt 0.551136 1.000000
vt 0.545455 1.000000
vt 0.539773 1.000000
vt 0.561835 0.894745
vt 0.567457 0.894745
vt 0.567967 0.929712
vt 0.562303 0.929712
vt 0.573078 0.894745
vt 0.573631 0.929713
vt 0.568155 0.964821
vt 0.562475 0.964821
vt 0.573835 0.964821
vt 0.578699 0.894745
vt 0.579295 0.929712
vt 0.579514 0.964821
vt 0.579545 1.000000
vt 0.573864 1.000000
vt 0.568182 1.000000
vt 0.562500 1.000000
vt 0.584321 0.894745
vt 0.589942 0.894745
vt 0.590623 0.929712
vt 0.584959 0.929712
vt 0.595563 0.894745
vt 0.596286 0.929713
vt 0.590873 0.964821
vt 0.585194 0.964821
vt 0.596553 0.964821
vt 0.596591 1.000000
vt 0.590909 1.000000
vt 0.585227 1.000000
vt 0.610397 0.647052
vt 0.600386 0.647131
vt 0.600510 0.625000
vt 0.610455 0.625000
vt 0.594064 0.647457
vt 0.594369 0.625000
vt 0.600386 0.602869
vt 0.610397 0.602948
vt 0.594064 0.602543
vt 0.590245 0.647368
vt 0.590820 0.625000
vt 0.590245 0.602632
vt 0.588141 0.604288
vt 0.588780 0.625000
vt 0.587475 0.625000
vt 0.586874 0.606404
vt 0.588141 0.645712
vt 0.586874 0.643596
vt 0.586227 0.625000
vt 0.585704 0.608560
vt 0.585704 0.641440
vt 0.586087 0.587124
vt 0.586087 0.662876
vt 0.585043 0.658901
vt 0.584156 0.654779
vt 0.583365 0.650710
vt 0.584080 0.640253
vt 0.584440 0.625000
vt 0.584081 0.609747
vt 0.584156 0.595221
vt 0.583365 0.599290
vt 0.585043 0.591099
vt 0.563004 0.647477
vt 0.558782 0.647286
vt 0.558810 0.625000
vt 0.562779 0.625000
vt 0.554570 0.647477
vt 0.554848 0.625000
vt 0.558782 0.602714
vt 0.563004 0.602523
vt 0.554570 0.602523
vt 0.566561 0.647368
vt 0.551044 0.647368
vt 0.551605 0.625000
vt 0.551044 0.602632
vt 0.548940 0.580334
vt 0.553999 0.581954
vt 0.558693 0.582397
vt 0.563402 0.581954
vt 0.566561 0.602632
vt 0.568517 0.580334
vt 0.566038 0.625000
vt 0.451075 0.645712
vt 0.450441 0.625000
vt 0.451752 0.625000
vt 0.452352 0.643596
vt 0.451075 0.604288
vt 0.452352 0.606403
vt 0.453004 0.625000
vt 0.453526 0.641440
vt 0.453526 0.608560
vt 0.448956 0.647368
vt 0.453116 0.662876
vt 0.448395 0.625000
vt 0.448956 0.602632
vt 0.451060 0.580334
vt 0.453116 0.587124
vt 0.454180 0.591099
vt 0.455074 0.595221
vt 0.455866 0.599290
vt 0.455150 0.609747
vt 0.454791 0.625000
vt 0.455150 0.640253
vt 0.455074 0.654779
vt 0.455866 0.650710
vt 0.454180 0.658901
vt 0.523813 0.647477
vt 0.519594 0.647286
vt 0.519603 0.625000
vt 0.523570 0.625000
vt 0.515379 0.647477
vt 0.515639 0.625000
vt 0.519594 0.602714
vt 0.523813 0.602523
vt 0.515379 0.602523
vt 0.527360 0.647368
vt 0.511842 0.647368
vt 0.512391 0.625000
vt 0.511842 0.602632
vt 0.509788 0.580334
vt 0.514865 0.581954
vt 0.519564 0.582397
vt 0.524268 0.581954
vt 0.527360 0.602632
vt 0.529364 0.580334
vt 0.526824 0.625000
vt 0.495827 0.577336
vt 0.500000 0.574346
vt 0.500000 0.578739
vt 0.496384 0.581778
vt 0.504173 0.577336
vt 0.503616 0.581778
vt 0.500000 0.584412
vt 0.496856 0.587138
vt 0.503144 0.587138
vt 0.490212 0.580334
vt 0.495299 0.571241
vt 0.492319 0.587124
vt 0.500000 0.568828
vt 0.504701 0.571241
vt 0.507681 0.587124
vt 0.506598 0.591099
vt 0.505697 0.595221
vt 0.504904 0.599290
vt 0.502909 0.595540
vt 0.500000 0.593657
vt 0.497091 0.595540
vt 0.494303 0.595221
vt 0.495096 0.599290
vt 0.493402 0.591099
vt 0.484621 0.647477
vt 0.480406 0.647286
vt 0.480397 0.625000
vt 0.484361 0.625000
vt 0.476188 0.647477
vt 0.476430 0.625000
vt 0.480406 0.602714
vt 0.484621 0.602523
vt 0.476188 0.602523
vt 0.488158 0.647368
vt 0.472641 0.647368
vt 0.473176 0.625000
vt 0.472641 0.602632
vt 0.470636 0.580334
vt 0.475732 0.581954
vt 0.480436 0.582397
vt 0.485135 0.581954
vt 0.488158 0.602632
vt 0.487609 0.625000
vt 0.543366 0.672664
vt 0.539190 0.675654
vt 0.539219 0.671261
vt 0.542836 0.668222
vt 0.535020 0.672664
vt 0.535604 0.668222
vt 0.539229 0.665588
vt 0.542374 0.662862
vt 0.536085 0.662862
vt 0.546884 0.662876
vt 0.531521 0.662876
vt 0.532625 0.658901
vt 0.533533 0.654779
vt 0.534327 0.650710
vt 0.536321 0.654460
vt 0.539231 0.656343
vt 0.542140 0.654460
vt 0.544926 0.654779
vt 0.544135 0.650710
vt 0.545820 0.658901
vt 0.445430 0.647477
vt 0.441218 0.647286
vt 0.441190 0.625000
vt 0.445152 0.625000
vt 0.436996 0.647477
vt 0.437221 0.625000
vt 0.441218 0.602714
vt 0.445430 0.602523
vt 0.436996 0.602523
vt 0.433439 0.647368
vt 0.433962 0.625000
vt 0.433439 0.602632
vt 0.431483 0.580334
vt 0.436598 0.581954
vt 0.441307 0.582397
vt 0.446001 0.581954
vt 0.470494 0.604288
vt 0.471115 0.625000
vt 0.469792 0.625000
vt 0.469196 0.606404
vt 0.470494 0.645712
vt 0.469196 0.643596
vt 0.468536 0.625000
vt 0.468014 0.608560
vt 0.468014 0.641440
vt 0.468479 0.587124
vt 0.468479 0.662876
vt 0.467375 0.658901
vt 0.466467 0.654779
vt 0.465673 0.650710
vt 0.466389 0.640253
vt 0.466748 0.625000
vt 0.466389 0.609747
vt 0.466467 0.595221
vt 0.465673 0.599290
vt 0.467375 0.591099
vt 0.380703 0.285185
vt 0.386400 0.285181
vt 0.386656 0.320303
vt 0.380853 0.320336
vt 0.392087 0.285179
vt 0.392378 0.320290
vt 0.387384 0.355300
vt 0.381328 0.355404
vt 0.393170 0.355261
vt 0.375000 0.250000
vt 0.380682 0.250000
vt 0.375000 0.285191
vt 0.386364 0.250000
vt 0.392046 0.250000
vt 0.397727 0.250000
vt 0.397768 0.285179
vt 0.398050 0.320288
vt 0.398815 0.355255
vt 0.375000 0.355572
vt 0.375000 0.320382
vt 0.403447 0.285179
vt 0.409127 0.285179
vt 0.409377 0.320288
vt 0.403714 0.320288
vt 0.414806 0.285179
vt 0.415041 0.320288
vt 0.410058 0.355255
vt 0.404437 0.355255
vt 0.415679 0.355255
vt 0.403409 0.250000
vt 0.409091 0.250000
vt 0.414773 0.250000
vt 0.420455 0.250000
vt 0.420486 0.285179
vt 0.420705 0.320288
vt 0.421301 0.355255
vt 0.426165 0.285179
vt 0.431845 0.285179
vt 0.432033 0.320288
vt 0.426369 0.320288
vt 0.437525 0.285179
vt 0.437697 0.320288
vt 0.432543 0.355255
vt 0.426922 0.355255
vt 0.438165 0.355255
vt 0.426136 0.250000
vt 0.431818 0.250000
vt 0.437500 0.250000
vt 0.443182 0.250000
vt 0.443204 0.285179
vt 0.443361 0.320288
vt 0.443786 0.355255
vt 0.448884 0.285179
vt 0.454563 0.285179
vt 0.454689 0.320288
vt 0.449025 0.320288
vt 0.460243 0.285179
vt 0.460353 0.320288
vt 0.455029 0.355255
vt 0.449408 0.355255
vt 0.460650 0.355255
vt 0.448864 0.250000
vt 0.454546 0.250000
vt 0.460227 0.250000
vt 0.465909 0.250000
vt 0.465923 0.285179
vt 0.466017 0.320288
vt 0.466272 0.355255
vt 0.471602 0.285179
vt 0.477282 0.285179
vt 0.477344 0.320288
vt 0.471681 0.320288
vt 0.482961 0.285179
vt 0.483008 0.320288
vt 0.477515 0.355255
vt 0.471893 0.355255
vt 0.483136 0.355255
vt 0.471591 0.250000
vt 0.477273 0.250000
vt 0.482955 0.250000
vt 0.488636 0.250000
vt 0.488641 0.285179
vt 0.488672 0.320288
vt 0.488757 0.355255
vt 0.494321 0.285179
vt 0.500000 0.285179
vt 0.500000 0.320288
vt 0.494336 0.320288
vt 0.505680 0.285179
vt 0.505664 0.320288
vt 0.500000 0.355255
vt 0.494379 0.355255
vt 0.505622 0.355255
vt 0.494318 0.250000
vt 0.500000 0.250000
vt 0.505682 0.250000
vt 0.511364 0.250000
vt 0.511359 0.285179
vt 0.511328 0.320288
vt 0.511243 0.355255
vt 0.517039 0.285179
vt 0.522718 0.285179
vt 0.522656 0.320288
vt 0.516992 0.320288
vt 0.528398 0.285179
vt 0.528320 0.320288
vt 0.522486 0.355255
vt 0.516864 0.355255
vt 0.528107 0.355255
vt 0.517046 0.250000
vt 0.522727 0.250000
vt 0.528409 0.250000
vt 0.534091 0.250000
vt 0.534078 0.285179
vt 0.533984 0.320288
vt 0.533728 0.355255
vt 0.539757 0.285179
vt 0.545437 0.285179
vt 0.545311 0.320288
vt 0.539647 0.320288
vt 0.551116 0.285179
vt 0.550975 0.320288
vt 0.544971 0.355255
vt 0.539350 0.355255
vt 0.550592 0.355255
vt 0.539773 0.250000
vt 0.545455 0.250000
vt 0.551136 0.250000
vt 0.556818 0.250000
vt 0.556796 0.285179
vt 0.556639 0.320288
vt 0.556214 0.355255
vt 0.562476 0.285179
vt 0.568155 0.285179
vt 0.567967 0.320288
vt 0.562303 0.320288
vt 0.573835 0.285179
vt 0.573631 0.320288
vt 0.567457 0.355255
vt 0.561835 0.355255
vt 0.573078 0.355255
vt 0.562500 0.250000
vt 0.568182 0.250000
vt 0.573864 0.250000
vt 0.579545 0.250000
vt 0.579514 0.285179
vt 0.579295 0.320288
vt 0.578699 0.355255
vt 0.585194 0.285179
vt 0.590873 0.285179
vt 0.590623 0.320288
vt 0.584959 0.320288
vt 0.596553 0.285179
vt 0.596287 0.320288
vt 0.589942 0.355255
vt 0.584321 0.355255
vt 0.595563 0.355255
vt 0.585227 0.250000
vt 0.590909 0.250000
vt 0.596591 0.250000
vt 0.393452 0.534815
vt 0.400912 0.533248
vt 0.400583 0.549644
vt 0.391221 0.549808
vt 0.406622 0.532561
vt 0.407032 0.549369
vt 0.400202 0.565331
vt 0.390125 0.565180
vt 0.406970 0.564933
vt 0.411644 0.532418
vt 0.412136 0.548964
vt 0.412132 0.563655
vt 0.416553 0.532343
vt 0.421462 0.532301
vt 0.421902 0.548033
vt 0.417019 0.548365
vt 0.426371 0.532343
vt 0.426782 0.548365
vt 0.421908 0.560170
vt 0.417038 0.561308
vt 0.426768 0.561308
vt 0.431279 0.532418
vt 0.431661 0.548964
vt 0.431658 0.563655
vt 0.426434 0.571241
vt 0.421743 0.568828
vt 0.417032 0.571241
vt 0.436188 0.532466
vt 0.441097 0.532480
vt 0.441426 0.549462
vt 0.436544 0.549347
vt 0.446005 0.532466
vt 0.446307 0.549347
vt 0.441431 0.565258
vt 0.436562 0.564924
vt 0.446292 0.564924
vt 0.450914 0.532418
vt 0.451187 0.548964
vt 0.451185 0.563655
vt 0.455822 0.532343
vt 0.460731 0.532301
vt 0.460951 0.548033
vt 0.456069 0.548365
vt 0.465640 0.532343
vt 0.465832 0.548365
vt 0.460954 0.560170
vt 0.456087 0.561308
vt 0.465816 0.561308
vt 0.470548 0.532418
vt 0.470712 0.548964
vt 0.470711 0.563655
vt 0.465568 0.571241
vt 0.460872 0.568828
vt 0.456165 0.571241
vt 0.475457 0.532466
vt 0.480366 0.532480
vt 0.480475 0.549462
vt 0.475594 0.549347
vt 0.485274 0.532466
vt 0.485356 0.549347
vt 0.480477 0.565258
vt 0.475611 0.564924
vt 0.485341 0.564924
vt 0.490183 0.532418
vt 0.490237 0.548964
vt 0.490237 0.563655
vt 0.495091 0.532343
vt 0.500000 0.532301
vt 0.500000 0.548033
vt 0.495119 0.548365
vt 0.504909 0.532343
vt 0.504882 0.548365
vt 0.500000 0.560170
vt 0.495135 0.561308
vt 0.504865 0.561308
vt 0.509817 0.532418
vt 0.509763 0.548964
vt 0.509763 0.563655
vt 0.514726 0.532466
vt 0.519635 0.532480
vt 0.519525 0.549462
vt 0.514644 0.549347
vt 0.524543 0.532466
vt 0.524407 0.549347
vt 0.519523 0.565258
vt 0.514660 0.564924
vt 0.524389 0.564924
vt 0.529452 0.532418
vt 0.529288 0.548964
vt 0.529289 0.563655
vt 0.534360 0.532343
vt 0.539269 0.532301
vt 0.539049 0.548033
vt 0.534169 0.548365
vt 0.544178 0.532343
vt 0.543932 0.548365
vt 0.539046 0.560170
vt 0.534184 0.561308
vt 0.543914 0.561308
vt 0.549087 0.532418
vt 0.548814 0.548964
vt 0.548815 0.563655
vt 0.543835 0.571241
vt 0.539128 0.568828
vt 0.534432 0.571241
vt 0.553995 0.532466
vt 0.558904 0.532480
vt 0.558574 0.549462
vt 0.553693 0.549347
vt 0.563812 0.532466
vt 0.563457 0.549347
vt 0.558569 0.565258
vt 0.553708 0.564924
vt 0.563438 0.564924
vt 0.568721 0.532418
vt 0.568339 0.548964
vt 0.568342 0.563655
vt 0.573630 0.532343
vt 0.578538 0.532301
vt 0.578098 0.548033
vt 0.573219 0.548365
vt 0.583447 0.532343
vt 0.582981 0.548365
vt 0.578092 0.560170
vt 0.573233 0.561308
vt 0.582962 0.561308
vt 0.582969 0.571241
vt 0.578257 0.568828
vt 0.573566 0.571241
vt 0.581562 0.641257
vt 0.578461 0.642130
vt 0.578461 0.625000
vt 0.581729 0.625000
vt 0.575361 0.641257
vt 0.575194 0.625000
vt 0.578461 0.607870
vt 0.581562 0.608743
vt 0.575361 0.608743
vt 0.581371 0.654460
vt 0.578461 0.656343
vt 0.575552 0.654460
vt 0.573558 0.650710
vt 0.572842 0.640253
vt 0.572483 0.625000
vt 0.572842 0.609747
vt 0.573558 0.599290
vt 0.575552 0.595540
vt 0.578461 0.593657
vt 0.581371 0.595540
vt 0.542332 0.641257
vt 0.539231 0.642130
vt 0.539231 0.625000
vt 0.542498 0.625000
vt 0.536130 0.641257
vt 0.535963 0.625000
vt 0.539231 0.607870
vt 0.542332 0.608743
vt 0.536130 0.608743
vt 0.544850 0.640253
vt 0.533612 0.640253
vt 0.533252 0.625000
vt 0.533612 0.609747
vt 0.534327 0.599290
vt 0.536321 0.595540
vt 0.539231 0.593657
vt 0.542140 0.595540
vt 0.544850 0.609747
vt 0.544135 0.599290
vt 0.545209 0.625000
vt 0.503101 0.641257
vt 0.500000 0.642130
vt 0.500000 0.625000
vt 0.503267 0.625000
vt 0.496899 0.641257
vt 0.496733 0.625000
vt 0.500000 0.607870
vt 0.503101 0.608743
vt 0.496899 0.608743
vt 0.504904 0.650710
vt 0.502909 0.654460
vt 0.505619 0.640253
vt 0.500000 0.656343
vt 0.497091 0.654460
vt 0.495096 0.650710
vt 0.494381 0.640253
vt 0.494022 0.625000
vt 0.494381 0.609747
vt 0.505619 0.609747
vt 0.505978 0.625000
vt 0.463870 0.641257
vt 0.460769 0.642130
vt 0.460769 0.625000
vt 0.464037 0.625000
vt 0.457669 0.641257
vt 0.457502 0.625000
vt 0.460769 0.607870
vt 0.463870 0.608743
vt 0.457669 0.608743
vt 0.463679 0.654460
vt 0.460769 0.656343
vt 0.457860 0.654460
vt 0.457860 0.595540
vt 0.460769 0.593657
vt 0.463679 0.595540
vt 0.424639 0.641257
vt 0.421539 0.642130
vt 0.421539 0.625000
vt 0.424806 0.625000
vt 0.418438 0.641257
vt 0.418271 0.625000
vt 0.421539 0.607870
vt 0.424639 0.608743
vt 0.418438 0.608743
vt 0.426443 0.650710
vt 0.424448 0.654460
vt 0.427158 0.640253
vt 0.421539 0.656343
vt 0.418629 0.654460
vt 0.416635 0.650710
vt 0.415920 0.640253
vt 0.415560 0.625000
vt 0.415920 0.609747
vt 0.416635 0.599290
vt 0.418629 0.595540
vt 0.421539 0.593657
vt 0.424448 0.595540
vt 0.427158 0.609747
vt 0.426443 0.599290
vt 0.427517 0.625000
vt 0.425787 0.672664
vt 0.421621 0.675654
vt 0.421563 0.671261
vt 0.425177 0.668222
vt 0.417441 0.672664
vt 0.417944 0.668222
vt 0.421542 0.665588
vt 0.424686 0.662862
vt 0.418397 0.662862
vt 0.429276 0.662876
vt 0.413914 0.662876
vt 0.414957 0.658901
vt 0.415844 0.654779
vt 0.427237 0.654779
vt 0.428152 0.658901
vt 0.431278 0.604288
vt 0.431893 0.625000
vt 0.430564 0.625000
vt 0.429970 0.606404
vt 0.431278 0.645712
vt 0.429970 0.643596
vt 0.429306 0.625000
vt 0.428784 0.608560
vt 0.428784 0.641440
vt 0.429276 0.587124
vt 0.427237 0.595221
vt 0.428152 0.591099
vt 0.582559 0.672664
vt 0.578379 0.675654
vt 0.578438 0.671261
vt 0.582056 0.668222
vt 0.574213 0.672664
vt 0.574823 0.668222
vt 0.578458 0.665588
vt 0.581603 0.662862
vt 0.575314 0.662862
vt 0.570724 0.662876
vt 0.571848 0.658901
vt 0.572763 0.654779
vt 0.568722 0.645712
vt 0.568107 0.625000
vt 0.569436 0.625000
vt 0.570030 0.643596
vt 0.568722 0.604288
vt 0.570030 0.606403
vt 0.570695 0.625000
vt 0.571216 0.641440
vt 0.571216 0.608560
vt 0.570724 0.587124
vt 0.571848 0.591099
vt 0.572763 0.595221
vt 0.456634 0.577336
vt 0.460811 0.574346
vt 0.460781 0.578739
vt 0.457164 0.581778
vt 0.464980 0.577336
vt 0.464397 0.581778
vt 0.460771 0.584412
vt 0.457626 0.587138
vt 0.463915 0.587138
vt 0.411859 0.645712
vt 0.411220 0.625000
vt 0.412525 0.625000
vt 0.413126 0.643596
vt 0.411859 0.604288
vt 0.413126 0.606403
vt 0.413773 0.625000
vt 0.414296 0.641440
vt 0.414296 0.608560
vt 0.413914 0.587124
vt 0.414957 0.591099
vt 0.415844 0.595221
vt 0.548926 0.604288
vt 0.549559 0.625000
vt 0.548248 0.625000
vt 0.547648 0.606404
vt 0.548925 0.645712
vt 0.547648 0.643596
vt 0.546997 0.625000
vt 0.546474 0.608560
vt 0.546474 0.641440
vt 0.546884 0.587124
vt 0.544926 0.595221
vt 0.545820 0.591099
vt 0.464980 0.672664
vt 0.460811 0.675654
vt 0.460781 0.671261
vt 0.464397 0.668222
vt 0.456634 0.672664
vt 0.457164 0.668222
vt 0.460771 0.665588
vt 0.463915 0.662862
vt 0.457626 0.662862
vt 0.574213 0.577336
vt 0.578379 0.574346
vt 0.578437 0.578739
vt 0.574823 0.581778
vt 0.582559 0.577336
vt 0.582056 0.581778
vt 0.578458 0.584412
vt 0.575314 0.587138
vt 0.581603 0.587138
vt 0.529506 0.645712
vt 0.528885 0.625000
vt 0.530208 0.625000
vt 0.530804 0.643596
vt 0.529506 0.604288
vt 0.530804 0.606403
vt 0.531464 0.625000
vt 0.531986 0.641440
vt 0.531986 0.608560
vt 0.531521 0.587124
vt 0.532625 0.591099
vt 0.533533 0.595221
vt 0.417441 0.577336
vt 0.421621 0.574346
vt 0.421563 0.578739
vt 0.417944 0.581778
vt 0.425787 0.577336
vt 0.425177 0.581778
vt 0.421542 0.584412
vt 0.418397 0.587138
vt 0.424686 0.587138
vt 0.509710 0.604288
vt 0.510337 0.625000
vt 0.509020 0.625000
vt 0.508422 0.606403
vt 0.509710 0.645712
vt 0.508422 0.643596
vt 0.507766 0.625000
vt 0.507244 0.608560
vt 0.507244 0.641440
vt 0.507681 0.662876
vt 0.506598 0.658901
vt 0.505697 0.654779
vt 0.504173 0.672664
vt 0.500000 0.675654
vt 0.500000 0.671261
vt 0.503616 0.668222
vt 0.495827 0.672664
vt 0.496384 0.668222
vt 0.500000 0.665588
vt 0.503144 0.662862
vt 0.496856 0.662862
vt 0.492319 0.662876
vt 0.493403 0.658901
vt 0.494304 0.654779
vt 0.535020 0.577336
vt 0.539190 0.574346
vt 0.539219 0.578739
vt 0.535604 0.581778
vt 0.543366 0.577336
vt 0.542836 0.581778
vt 0.539229 0.584412
vt 0.536085 0.587138
vt 0.542374 0.587138
vt 0.490290 0.645712
vt 0.489663 0.625000
vt 0.490980 0.625000
vt 0.491578 0.643596
vt 0.490290 0.604288
vt 0.491578 0.606403
vt 0.492234 0.625000
vt 0.492756 0.641440
vt 0.492756 0.608560
s 0
usemtl Material.002
f 3231/1019/1316 3232/1020/1316 3235/1021/1316 3234/1022/1316
f 3232/1020/1317 3233/1023/1317 3236/1024/1317 3235/1021/1317
f 3234/1022/1318 3235/1021/1318 3238/1025/1318 3237/1026/1318
f 3235/1021/1319 3236/1024/1319 3239/1027/1319 3238/1025/1319
f 2413/1028/1320 2700/1029/1320 3231/1019/1320 2597/1030/1320
f 2700/1029/1321 2701/1031/1321 3232/1020/1321 3231/1019/1321
f 2701/1031/1322 2702/1032/1322 3233/1023/1322 3232/1020/1322
f 2702/1032/1323 2432/1033/1323 2672/1034/1323 3233/1023/1323
f 3233/1023/1324 2672/1034/1324 2671/1035/1324 3236/1024/1324
f 3236/1024/1325 2671/1035/1325 2670/1036/1325 3239/1027/1325
f 3239/1027/1326 2670/1036/1326 2435/1037/1326 2703/1038/1326
f 3238/1025/1327 3239/1027/1327 2703/1038/1327 2704/1039/1327
f 3237/1026/1328 3238/1025/1328 2704/1039/1328 2705/1040/1328
f 2595/1041/1329 3237/1026/1329 2705/1040/1329 2419/1042/1329
f 2596/1043/1330 3234/1022/1330 3237/1026/1330 2595/1041/1330
f 2597/1030/1331 3231/1019/1331 3234/1022/1331 2596/1043/1331
f 3240/1044/1332 3241/1045/1332 3244/1046/1332 3243/1047/1332
f 3241/1045/1333 3242/1048/1333 3245/1049/1333 3244/1046/1333
f 3243/1047/1334 3244/1046/1334 3247/1050/1334 3246/1051/1334
f 3244/1046/1335 3245/1049/1335 3248/1052/1335 3247/1050/1335
f 2455/1053/1336 2723/1054/1336 3240/1044/1336 3108/1055/1336
f 2723/1054/1337 2722/1056/1337 3241/1045/1337 3240/1044/1337
f 2722/1056/1338 2721/1057/1338 3242/1048/1338 3241/1045/1338
f 2721/1057/1339 2433/1058/1339 2675/1059/1339 3242/1048/1339
f 3242/1048/1340 2675/1059/1340 2674/1060/1340 3245/1049/1340
f 3245/1049/1341 2674/1060/1341 2673/1061/1341 3248/1052/1341
f 3248/1052/1342 2673/1061/1342 2441/1062/1342 2871/1063/1342
f 3247/1050/1343 3248/1052/1343 2871/1063/1343 2872/1064/1343
f 3246/1051/1344 3247/1050/1344 2872/1064/1344 2873/1065/1344
f 3110/1066/1345 3246/1051/1345 2873/1065/1345 2505/1067/1345
f 3109/1068/1346 3243/1047/1346 3246/1051/1346 3110/1066/1346
f 3108/1055/1347 3240/1044/1347 3243/1047/1347 3109/1068/1347
f 3249/1069/1348 3250/1070/1348 3253/1071/1348 3252/1072/1348
f 3250/1070/1349 3251/1073/1349 3254/1074/1349 3253/1071/1349
f 3252/1072/1350 3253/1071/1350 3256/1075/1350 3255/1076/1350
f 3253/1071/1351 3254/1074/1351 3257/1077/1351 3256/1075/1351
f 2420/1078/1352 2694/1079/1352 3249/1069/1352 2591/1080/1352
f 2694/1079/1353 2695/1081/1353 3250/1070/1353 3249/1069/1353
f 2695/1081/1354 2696/1082/1354 3251/1073/1354 3250/1070/1354
f 2696/1082/1355 2438/1083/1355 2666/1084/1355 3251/1073/1355
f 3251/1073/1356 2666/1084/1356 2665/1085/1356 3254/1074/1356
f 3254/1074/1357 2665/1085/1357 2664/1086/1357 3257/1077/1357
f 3257/1077/1358 2664/1086/1358 2428/1087/1358 2690/1088/1358
f 3256/1075/1359 3257/1077/1359 2690/1088/1359 2689/1089/1359
f 3255/1076/1360 3256/1075/1360 2689/1089/1360 2688/1090/1360
f 2589/1091/1361 3255/1076/1361 2688/1090/1361 2411/1092/1361
f 2590/1093/1362 3252/1072/1362 3255/1076/1362 2589/1091/1362
f 2591/1080/1363 3249/1069/1363 3252/1072/1363 2590/1093/1363
f 3258/1094/1364 3259/1095/1364 3262/1096/1364 3261/1097/1364
f 3259/1095/1365 3260/1098/1365 3263/1099/1365 3262/1096/1365
f 3261/1097/1366 3262/1096/1366 3265/1100/1366 3264/1101/1366
f 3262/1096/1367 3263/1099/1367 3266/1102/1367 3265/1100/1367
f 2445/1103/1368 2600/1104/1368 3258/1094/1368 3078/1105/1368
f 2600/1104/1369 2599/1106/1369 3259/1095/1369 3258/1094/1369
f 2599/1106/1370 2598/1107/1370 3260/1098/1370 3259/1095/1370
f 2598/1107/1371 2414/1108/1371 2706/1109/1371 3260/1098/1371
f 3260/1098/1372 2706/1109/1372 2707/1110/1372 3263/1099/1372
f 3263/1099/1373 2707/1110/1373 2708/1111/1373 3266/1102/1373
f 3266/1102/1374 2708/1111/1374 2434/1112/1374 2624/1113/1374
f 3265/1100/1375 3266/1102/1375 2624/1113/1375 2623/1114/1375
f 3264/1101/1376 3265/1100/1376 2623/1114/1376 2622/1115/1376
f 3080/1116/1377 3264/1101/1377 2622/1115/1377 2474/1117/1377
f 3079/1118/1378 3261/1097/1378 3264/1101/1378 3080/1116/1378
f 3078/1105/1379 3258/1094/1379 3261/1097/1379 3079/1118/1379
f 3267/1119/1380 3268/1120/1380 3271/1121/1380 3270/1122/1380
f 3268/1120/1381 3269/1123/1381 3272/1124/1381 3271/1121/1381
f 3270/1122/1382 3271/1121/1382 3274/1125/1382 3273/1126/1382
f 3271/1121/1383 3272/1124/1383 3275/1127/1383 3274/1125/1383
f 2434/1128/1384 2708/1129/1384 3267/1119/1384 2676/1130/1384
f 2708/1129/1385 2707/1131/1385 3268/1120/1385 3267/1119/1385
f 2707/1131/1386 2706/1132/1386 3269/1123/1386 3268/1120/1386
f 2706/1132/1387 2414/1133/1387 2604/1134/1387 3269/1123/1387
f 3269/1123/1388 2604/1134/1388 2605/1135/1388 3272/1124/1388
f 3272/1124/1389 2605/1135/1389 2606/1136/1389 3275/1127/1389
f 3275/1127/1390 2606/1136/1390 2422/1137/1390 2712/1138/1390
f 3274/1125/1391 3275/1127/1391 2712/1138/1391 2713/1139/1391
f 3273/1126/1392 3274/1125/1392 2713/1139/1392 2714/1140/1392
f 2678/1141/1393 3273/1126/1393 2714/1140/1393 2442/1142/1393
f 2677/1143/1394 3270/1122/1394 3273/1126/1394 2678/1141/1394
f 2676/1130/1395 3267/1119/1395 3270/1122/1395 2677/1143/1395
f 3276/1144/1396 3277/1145/1396 3280/1146/1396 3279/1147/1396
f 3277/1145/1397 3278/1148/1397 3281/1149/1397 3280/1146/1397
f 3279/1147/1398 3280/1146/1398 3283/1150/1398 3282/1151/1398
f 3280/1146/1399 3281/1149/1399 3284/1152/1399 3283/1150/1399
f 2495/1153/1400 2843/1154/1400 3276/1144/1400 3048/1155/1400
f 2843/1154/1401 2842/1156/1401 3277/1145/1401 3276/1144/1401
f 2842/1156/1402 2841/1157/1402 3278/1148/1402 3277/1145/1402
f 2841/1157/1403 2437/1158/1403 2654/1159/1403 3278/1148/1403
f 3278/1148/1404 2654/1159/1404 2653/1160/1404 3281/1149/1404
f 3281/1149/1405 2653/1160/1405 2652/1161/1405 3284/1152/1405
f 3284/1152/1406 2652/1161/1406 2436/1162/1406 2711/1163/1406
f 3283/1150/1407 3284/1152/1407 2711/1163/1407 2710/1164/1407
f 3282/1151/1408 3283/1150/1408 2710/1164/1408 2709/1165/1408
f 3050/1166/1409 3282/1151/1409 2709/1165/1409 2514/1167/1409
f 3049/1168/1410 3279/1147/1410 3282/1151/1410 3050/1166/1410
f 3048/1155/1411 3276/1144/1411 3279/1147/1411 3049/1168/1411
f 3285/1169/1412 3286/1170/1412 3289/1171/1412 3288/1172/1412
f 3286/1170/1413 3287/1173/1413 3290/1174/1413 3289/1171/1413
f 3288/1172/1414 3289/1171/1414 3292/1175/1414 3291/1176/1414
f 3289/1171/1415 3290/1174/1415 3293/1177/1415 3292/1175/1415
f 2475/1178/1416 2783/1179/1416 3285/1169/1416 3018/1180/1416
f 2783/1179/1417 2782/1181/1417 3286/1170/1417 3285/1169/1417
f 2782/1181/1418 2781/1182/1418 3287/1173/1418 3286/1170/1418
f 2781/1182/1419 2430/1183/1419 2691/1184/1419 3287/1173/1419
f 3287/1173/1420 2691/1184/1420 2692/1185/1420 3290/1174/1420
f 3290/1174/1421 2692/1185/1421 2693/1186/1421 3293/1177/1421
f 3293/1177/1422 2693/1186/1422 2412/1187/1422 2537/1188/1422
f 3292/1175/1423 3293/1177/1423 2537/1188/1423 2536/1189/1423
f 3291/1176/1424 3292/1175/1424 2536/1189/1424 2535/1190/1424
f 3020/1191/1425 3291/1176/1425 2535/1190/1425 2444/1192/1425
f 3019/1193/1426 3288/1172/1426 3291/1176/1426 3020/1191/1426
f 3018/1180/1427 3285/1169/1427 3288/1172/1427 3019/1193/1427
f 3294/1194/1428 3295/1195/1428 3298/1196/1428 3297/1197/1428
f 3295/1195/1429 3296/1198/1429 3299/1199/1429 3298/1196/1429
f 3297/1197/1430 3298/1196/1430 3301/1200/1430 3300/1201/1430
f 3298/1196/1431 3299/1199/1431 3302/1202/1431 3301/1200/1431
f 2437/1158/1432 2841/1157/1432 3294/1194/1432 2661/1203/1432
f 2841/1157/1433 2842/1156/1433 3295/1195/1433 3294/1194/1433
f 2842/1156/1434 2843/1154/1434 3296/1198/1434 3295/1195/1434
f 2843/1154/1435 2495/1153/1435 2901/1204/1435 3296/1198/1435
f 3296/1198/1436 2901/1204/1436 2902/1205/1436 3299/1199/1436
f 3299/1199/1437 2902/1205/1437 2903/1206/1437 3302/1202/1437
f 3302/1202/1438 2903/1206/1438 2485/1207/1438 2813/1208/1438
f 3301/1200/1439 3302/1202/1439 2813/1208/1439 2812/1209/1439
f 3300/1201/1440 3301/1200/1440 2812/1209/1440 2811/1210/1440
f 2663/1211/1441 3300/1201/1441 2811/1210/1441 2427/1212/1441
f 2662/1213/1442 3297/1197/1442 3300/1201/1442 2663/1211/1442
f 2661/1203/1443 3294/1194/1443 3297/1197/1443 2662/1213/1443
f 3303/1214/1444 3304/1215/1444 3307/1216/1444 3306/1217/1444
f 3304/1215/1445 3305/1218/1445 3308/1219/1445 3307/1216/1445
f 3306/1217/1446 3307/1216/1446 3310/1220/1446 3309/1221/1446
f 3307/1216/1447 3308/1219/1447 3311/1222/1447 3310/1220/1447
f 2421/1223/1448 2699/1224/1448 3303/1214/1448 2561/1225/1448
f 2699/1224/1449 2698/1226/1449 3304/1215/1449 3303/1214/1449
f 2698/1226/1450 2697/1227/1450 3305/1218/1450 3304/1215/1450
f 2697/1227/1451 2439/1228/1451 2648/1229/1451 3305/1218/1451
f 3305/1218/1452 2648/1229/1452 2647/1230/1452 3308/1219/1452
f 3308/1219/1453 2647/1230/1453 2646/1231/1453 3311/1222/1453
f 3311/1222/1454 2646/1231/1454 2442/1142/1454 2714/1140/1454
f 3310/1220/1455 3311/1222/1455 2714/1140/1455 2713/1139/1455
f 3309/1221/1456 3310/1220/1456 2713/1139/1456 2712/1138/1456
f 2559/1232/1457 3309/1221/1457 2712/1138/1457 2422/1137/1457
f 2560/1233/1458 3306/1217/1458 3309/1221/1458 2559/1232/1458
f 2561/1225/1459 3303/1214/1459 3306/1217/1459 2560/1233/1459
f 3312/1234/1460 3313/1235/1460 3316/1236/1460 3315/1237/1460
f 3313/1235/1461 3314/1238/1461 3317/1239/1461 3316/1236/1461
f 3315/1237/1462 3316/1236/1462 3319/1240/1462 3318/1241/1462
f 3316/1236/1463 3317/1239/1463 3320/1242/1463 3319/1240/1463
f 2438/1083/1464 2696/1082/1464 3312/1234/1464 2658/1243/1464
f 2696/1082/1465 2695/1081/1465 3313/1235/1465 3312/1234/1465
f 2695/1081/1466 2694/1079/1466 3314/1238/1466 3313/1235/1466
f 2694/1079/1467 2420/1078/1467 2577/1244/1467 3314/1238/1467
f 3314/1238/1468 2577/1244/1468 2578/1245/1468 3317/1239/1468
f 3317/1239/1469 2578/1245/1469 2579/1246/1469 3320/1242/1469
f 3320/1242/1470 2579/1246/1470 2419/1042/1470 2705/1040/1470
f 3319/1240/1471 3320/1242/1471 2705/1040/1471 2704/1039/1471
f 3318/1241/1472 3319/1240/1472 2704/1039/1472 2703/1038/1472
f 2660/1247/1473 3318/1241/1473 2703/1038/1473 2435/1037/1473
f 2659/1248/1474 3315/1237/1474 3318/1241/1474 2660/1247/1474
f 2658/1243/1475 3312/1234/1475 3315/1237/1475 2659/1248/1475
f 3321/1249/1476 3322/1250/1476 3325/1251/1476 3324/1252/1476
f 3322/1250/1477 3323/1253/1477 3326/1254/1477 3325/1251/1477
f 3324/1252/1478 3325/1251/1478 3328/1255/1478 3327/1256/1478
f 3325/1251/1479 3326/1254/1479 3329/1257/1479 3328/1255/1479
f 2439/1228/1480 2697/1227/1480 3321/1249/1480 2682/1258/1480
f 2697/1227/1481 2698/1226/1481 3322/1250/1481 3321/1249/1481
f 2698/1226/1482 2699/1224/1482 3323/1253/1482 3322/1250/1482
f 2699/1224/1483 2421/1223/1483 2610/1259/1483 3323/1253/1483
f 3323/1253/1484 2610/1259/1484 2611/1260/1484 3326/1254/1484
f 3326/1254/1485 2611/1260/1485 2612/1261/1485 3329/1257/1485
f 3329/1257/1486 2612/1261/1486 2412/1262/1486 2693/1263/1486
f 3328/1255/1487 3329/1257/1487 2693/1263/1487 2692/1264/1487
f 3327/1256/1488 3328/1255/1488 2692/1264/1488 2691/1265/1488
f 2684/1266/1489 3327/1256/1489 2691/1265/1489 2430/1267/1489
f 2683/1268/1490 3324/1252/1490 3327/1256/1490 2684/1266/1490
f 2682/1258/1491 3321/1249/1491 3324/1252/1491 2683/1268/1491
f 3330/1269/1492 3331/1270/1492 3334/1271/1492 3333/1272/1492
f 3331/1270/1493 3332/1273/1493 3335/1274/1493 3334/1271/1493
f 3333/1272/1494 3334/1271/1494 3337/1275/1494 3336/1276/1494
f 3334/1271/1495 3335/1274/1495 3338/1277/1495 3337/1275/1495
f 2464/1278/1496 2616/1279/1496 3330/1269/1496 2988/1280/1496
f 2616/1279/1497 2617/1281/1497 3331/1270/1497 3330/1269/1497
f 2617/1281/1498 2618/1282/1498 3332/1273/1498 3331/1270/1498
f 2618/1282/1499 2431/1283/1499 2619/1284/1499 3332/1273/1499
f 3332/1273/1500 2619/1284/1500 2620/1285/1500 3335/1274/1500
f 3335/1274/1501 2620/1285/1501 2621/1286/1501 3338/1277/1501
f 3338/1277/1502 2621/1286/1502 2432/1287/1502 2751/1288/1502
f 3337/1275/1503 3338/1277/1503 2751/1288/1503 2752/1289/1503
f 3336/1276/1504 3337/1275/1504 2752/1289/1504 2753/1290/1504
f 2990/1291/1505 3336/1276/1505 2753/1290/1505 2465/1292/1505
f 2989/1293/1506 3333/1272/1506 3336/1276/1506 2990/1291/1506
f 2988/1280/1507 3330/1269/1507 3333/1272/1507 2989/1293/1507
f 3339/1294/1508 3340/1295/1508 3343/1296/1508 3342/1297/1508
f 3340/1295/1509 3341/1298/1509 3344/1299/1509 3343/1296/1509
f 3342/1297/1510 3343/1296/1510 3346/1300/1510 3345/1301/1510
f 3343/1296/1511 3344/1299/1511 3347/1302/1511 3346/1300/1511
f 2484/1303/1512 2628/1304/1512 3339/1294/1512 2958/1305/1512
f 2628/1304/1513 2629/1306/1513 3340/1295/1513 3339/1294/1513
f 2629/1306/1514 2630/1307/1514 3341/1298/1514 3340/1295/1514
f 2630/1307/1515 2428/1308/1515 2631/1309/1515 3341/1298/1515
f 3341/1298/1516 2631/1309/1516 2632/1310/1516 3344/1299/1516
f 3344/1299/1517 2632/1310/1517 2633/1311/1517 3347/1302/1517
f 3347/1302/1518 2633/1311/1518 2427/1212/1518 2811/1210/1518
f 3346/1300/1519 3347/1302/1519 2811/1210/1519 2812/1209/1519
f 3345/1301/1520 3346/1300/1520 2812/1209/1520 2813/1208/1520
f 2960/1312/1521 3345/1301/1521 2813/1208/1521 2485/1207/1521
f 2959/1313/1522 3342/1297/1522 3345/1301/1522 2960/1312/1522
f 2958/1305/1523 3339/1294/1523 3342/1297/1523 2959/1313/1523
f 3348/1314/1524 3349/1315/1524 3352/1316/1524 3351/1317/1524
f 3349/1315/1525 3350/1318/1525 3353/1319/1525 3352/1316/1525
f 3351/1317/1526 3352/1316/1526 3355/1320/1526 3354/1321/1526
f 3352/1316/1527 3353/1319/1527 3356/1322/1527 3355/1320/1527
f 2440/1323/1528 2640/1324/1528 3348/1314/1528 2639/1325/1528
f 2640/1324/1529 2641/1326/1529 3349/1315/1529 3348/1314/1529
f 2641/1326/1530 2642/1327/1530 3350/1318/1530 3349/1315/1530
f 2642/1327/1531 2441/1062/1531 2643/1328/1531 3350/1318/1531
f 3350/1318/1532 2643/1328/1532 2644/1329/1532 3353/1319/1532
f 3353/1319/1533 2644/1329/1533 2645/1330/1533 3356/1322/1533
f 3356/1322/1534 2645/1330/1534 2442/1142/1534 2646/1231/1534
f 3355/1320/1535 3356/1322/1535 2646/1231/1535 2647/1230/1535
f 3354/1321/1536 3355/1320/1536 2647/1230/1536 2648/1229/1536
f 2637/1331/1537 3354/1321/1537 2648/1229/1537 2439/1228/1537
f 2638/1332/1538 3351/1317/1538 3354/1321/1538 2637/1331/1538
f 2639/1325/1539 3348/1314/1539 3351/1317/1539 2638/1332/1539
f 3357/1333/1540 3358/1334/1540 3361/1335/1540 3360/1336/1540
f 3358/1334/1541 3359/1337/1541 3362/1338/1541 3361/1335/1541
f 3360/1336/1542 3361/1335/1542 3364/1339/1542 3363/1340/1542
f 3361/1335/1543 3362/1338/1543 3365/1341/1543 3364/1339/1543
f 2436/1162/1544 2652/1161/1544 3357/1333/1544 2651/1342/1544
f 2652/1161/1545 2653/1160/1545 3358/1334/1545 3357/1333/1545
f 2653/1160/1546 2654/1159/1546 3359/1337/1546 3358/1334/1546
f 2654/1159/1547 2437/1158/1547 2655/1343/1547 3359/1337/1547
f 3359/1337/1548 2655/1343/1548 2656/1344/1548 3362/1338/1548
f 3362/1338/1549 2656/1344/1549 2657/1345/1549 3365/1341/1549
f 3365/1341/1550 2657/1345/1550 2438/1083/1550 2658/1243/1550
f 3364/1339/1551 3365/1341/1551 2658/1243/1551 2659/1248/1551
f 3363/1340/1552 3364/1339/1552 2659/1248/1552 2660/1247/1552
f 2649/1346/1553 3363/1340/1553 2660/1247/1553 2435/1037/1553
f 2650/1347/1554 3360/1336/1554 3363/1340/1554 2649/1346/1554
f 2651/1342/1555 3357/1333/1555 3360/1336/1555 2650/1347/1555
f 3366/1348/1556 3367/1349/1556 3370/1350/1556 3369/1351/1556
f 3367/1349/1557 3368/1352/1557 3371/1353/1557 3370/1350/1557
f 3369/1351/1558 3370/1350/1558 3373/1354/1558 3372/1355/1558
f 3370/1350/1559 3371/1353/1559 3374/1356/1559 3373/1354/1559
f 2437/1158/1560 2661/1203/1560 3366/1348/1560 2655/1343/1560
f 2661/1203/1561 2662/1213/1561 3367/1349/1561 3366/1348/1561
f 2662/1213/1562 2663/1211/1562 3368/1352/1562 3367/1349/1562
f 2663/1211/1563 2427/1212/1563 2633/1357/1563 3368/1352/1563
f 3368/1352/1564 2633/1357/1564 2632/1358/1564 3371/1353/1564
f 3371/1353/1565 2632/1358/1565 2631/1359/1565 3374/1356/1565
f 3374/1356/1566 2631/1359/1566 2428/1087/1566 2664/1086/1566
f 3373/1354/1567 3374/1356/1567 2664/1086/1567 2665/1085/1567
f 3372/1355/1568 3373/1354/1568 2665/1085/1568 2666/1084/1568
f 2657/1345/1569 3372/1355/1569 2666/1084/1569 2438/1083/1569
f 2656/1344/1570 3369/1351/1570 3372/1355/1570 2657/1345/1570
f 2655/1343/1571 3366/1348/1571 3369/1351/1571 2656/1344/1571
f 3375/1360/1572 3376/1361/1572 3379/1362/1572 3378/1363/1572
f 3376/1361/1573 3377/1364/1573 3380/1365/1573 3379/1362/1573
f 3378/1363/1574 3379/1362/1574 3382/1366/1574 3381/1367/1574
f 3379/1362/1575 3380/1365/1575 3383/1368/1575 3382/1366/1575
f 2431/1283/1576 2667/1369/1576 3375/1360/1576 2619/1370/1576
f 2667/1369/1577 2668/1371/1577 3376/1361/1577 3375/1360/1577
f 2668/1371/1578 2669/1372/1578 3377/1364/1578 3376/1361/1578
f 2669/1372/1579 2436/1162/1579 2651/1342/1579 3377/1364/1579
f 3377/1364/1580 2651/1342/1580 2650/1347/1580 3380/1365/1580
f 3380/1365/1581 2650/1347/1581 2649/1346/1581 3383/1368/1581
f 3383/1368/1582 2649/1346/1582 2435/1037/1582 2670/1036/1582
f 3382/1366/1583 3383/1368/1583 2670/1036/1583 2671/1035/1583
f 3381/1367/1584 3382/1366/1584 2671/1035/1584 2672/1034/1584
f 2621/1373/1585 3381/1367/1585 2672/1034/1585 2432/1033/1585
f 2620/1374/1586 3378/1363/1586 3381/1367/1586 2621/1373/1586
f 2619/1370/1587 3375/1360/1587 3378/1363/1587 2620/1374/1587
f 3384/1375/1588 3385/1376/1588 3388/1377/1588 3387/1378/1588
f 3385/1376/1589 3386/1379/1589 3389/1380/1589 3388/1377/1589
f 3387/1378/1590 3388/1377/1590 3391/1381/1590 3390/1382/1590
f 3388/1377/1591 3389/1380/1591 3392/1383/1591 3391/1381/1591
f 2441/1062/1592 2673/1061/1592 3384/1375/1592 2643/1328/1592
f 2673/1061/1593 2674/1060/1593 3385/1376/1593 3384/1375/1593
f 2674/1060/1594 2675/1059/1594 3386/1379/1594 3385/1376/1594
f 2675/1059/1595 2433/1058/1595 2615/1384/1595 3386/1379/1595
f 3386/1379/1596 2615/1384/1596 2614/1385/1596 3389/1380/1596
f 3389/1380/1597 2614/1385/1597 2613/1386/1597 3392/1383/1597
f 3392/1383/1598 2613/1386/1598 2434/1128/1598 2676/1130/1598
f 3391/1381/1599 3392/1383/1599 2676/1130/1599 2677/1143/1599
f 3390/1382/1600 3391/1381/1600 2677/1143/1600 2678/1141/1600
f 2645/1330/1601 3390/1382/1601 2678/1141/1601 2442/1142/1601
f 2644/1329/1602 3387/1378/1602 3390/1382/1602 2645/1330/1602
f 2643/1328/1603 3384/1375/1603 3387/1378/1603 2644/1329/1603
f 3393/1387/1604 3394/1388/1604 3397/1389/1604 3396/1390/1604
f 3394/1388/1605 3395/1391/1605 3398/1392/1605 3397/1389/1605
f 3396/1390/1606 3397/1389/1606 3400/1393/1606 3399/1394/1606
f 3397/1389/1607 3398/1392/1607 3401/1395/1607 3400/1393/1607
f 2429/1396/1608 2679/1397/1608 3393/1387/1608 2625/1398/1608
f 2679/1397/1609 2680/1399/1609 3394/1388/1609 3393/1387/1609
f 2680/1399/1610 2681/1400/1610 3395/1391/1610 3394/1388/1610
f 2681/1400/1611 2440/1323/1611 2639/1325/1611 3395/1391/1611
f 3395/1391/1612 2639/1325/1612 2638/1332/1612 3398/1392/1612
f 3398/1392/1613 2638/1332/1613 2637/1331/1613 3401/1395/1613
f 3401/1395/1614 2637/1331/1614 2439/1228/1614 2682/1258/1614
f 3400/1393/1615 3401/1395/1615 2682/1258/1615 2683/1268/1615
f 3399/1394/1616 3400/1393/1616 2683/1268/1616 2684/1266/1616
f 2627/1401/1617 3399/1394/1617 2684/1266/1617 2430/1267/1617
f 2626/1402/1618 3396/1390/1618 3399/1394/1618 2627/1401/1618
f 2625/1398/1619 3393/1387/1619 3396/1390/1619 2626/1402/1619
f 3402/1403/1620 3403/1404/1620 3406/1405/1620 3405/1406/1620
f 3403/1404/1621 3404/1407/1621 3407/1408/1621 3406/1405/1621
f 3405/1406/1622 3406/1405/1622 3409/1409/1622 3408/1410/1622
f 3406/1405/1623 3407/1408/1623 3410/1411/1623 3409/1409/1623
f 2504/1412/1624 2685/1413/1624 3402/1403/1624 2928/1414/1624
f 2685/1413/1625 2686/1415/1625 3403/1404/1625 3402/1403/1625
f 2686/1415/1626 2687/1416/1626 3404/1407/1626 3403/1404/1626
f 2687/1416/1627 2440/1323/1627 2681/1400/1627 3404/1407/1627
f 3404/1407/1628 2681/1400/1628 2680/1399/1628 3407/1408/1628
f 3407/1408/1629 2680/1399/1629 2679/1397/1629 3410/1411/1629
f 3410/1411/1630 2679/1397/1630 2429/1396/1630 2636/1417/1630
f 3409/1409/1631 3410/1411/1631 2636/1417/1631 2635/1418/1631
f 3408/1410/1632 3409/1409/1632 2635/1418/1632 2634/1419/1632
f 2930/1420/1633 3408/1410/1633 2634/1419/1633 2494/1421/1633
f 2929/1422/1634 3405/1406/1634 3408/1410/1634 2930/1420/1634
f 2928/1414/1635 3402/1403/1635 3405/1406/1635 2929/1422/1635
f 3411/1423/1636 3412/1424/1636 3415/1425/1636 3414/1426/1636
f 3412/1424/1637 3413/1427/1637 3416/1428/1637 3415/1425/1637
f 3414/1426/1638 3415/1425/1638 3418/1429/1638 3417/1430/1638
f 3415/1425/1639 3416/1428/1639 3419/1431/1639 3418/1429/1639
f 2495/1153/1640 2844/1432/1640 3411/1423/1640 2901/1204/1640
f 2844/1432/1641 2845/1433/1641 3412/1424/1641 3411/1423/1641
f 2845/1433/1642 2846/1434/1642 3413/1427/1642 3412/1424/1642
f 2846/1434/1643 2496/1435/1643 2904/1436/1643 3413/1427/1643
f 3413/1427/1644 2904/1436/1644 2905/1437/1644 3416/1428/1644
f 3416/1428/1645 2905/1437/1645 2906/1438/1645 3419/1431/1645
f 3419/1431/1646 2906/1438/1646 2486/1439/1646 2816/1440/1646
f 3418/1429/1647 3419/1431/1647 2816/1440/1647 2815/1441/1647
f 3417/1430/1648 3418/1429/1648 2815/1441/1648 2814/1442/1648
f 2903/1206/1649 3417/1430/1649 2814/1442/1649 2485/1207/1649
f 2902/1205/1650 3414/1426/1650 3417/1430/1650 2903/1206/1650
f 2901/1204/1651 3411/1423/1651 3414/1426/1651 2902/1205/1651
f 3420/1443/1652 3421/1444/1652 3424/1445/1652 3423/1446/1652
f 3421/1444/1653 3422/1447/1653 3425/1448/1653 3424/1445/1653
f 3423/1446/1654 3424/1445/1654 3427/1449/1654 3426/1450/1654
f 3424/1445/1655 3425/1448/1655 3428/1451/1655 3427/1449/1655
f 2496/1435/1656 2847/1452/1656 3420/1443/1656 2904/1436/1656
f 2847/1452/1657 2848/1453/1657 3421/1444/1657 3420/1443/1657
f 2848/1453/1658 2849/1454/1658 3422/1447/1658 3421/1444/1658
f 2849/1454/1659 2497/1455/1659 2907/1456/1659 3422/1447/1659
f 3422/1447/1660 2907/1456/1660 2908/1457/1660 3425/1448/1660
f 3425/1448/1661 2908/1457/1661 2909/1458/1661 3428/1451/1661
f 3428/1451/1662 2909/1458/1662 2487/1459/1662 2819/1460/1662
f 3427/1449/1663 3428/1451/1663 2819/1460/1663 2818/1461/1663
f 3426/1450/1664 3427/1449/1664 2818/1461/1664 2817/1462/1664
f 2906/1438/1665 3426/1450/1665 2817/1462/1665 2486/1439/1665
f 2905/1437/1666 3423/1446/1666 3426/1450/1666 2906/1438/1666
f 2904/1436/1667 3420/1443/1667 3423/1446/1667 2905/1437/1667
f 3429/1463/1668 3430/1464/1668 3433/1465/1668 3432/1466/1668
f 3430/1464/1669 3431/1467/1669 3434/1468/1669 3433/1465/1669
f 3432/1466/1670 3433/1465/1670 3436/1469/1670 3435/1470/1670
f 3433/1465/1671 3434/1468/1671 3437/1471/1671 3436/1469/1671
f 2497/1455/1672 2850/1472/1672 3429/1463/1672 2907/1456/1672
f 2850/1472/1673 2851/1473/1673 3430/1464/1673 3429/1463/1673
f 2851/1473/1674 2852/1474/1674 3431/1467/1674 3430/1464/1674
f 2852/1474/1675 2498/1475/1675 2910/1476/1675 3431/1467/1675
f 3431/1467/1676 2910/1476/1676 2911/1477/1676 3434/1468/1676
f 3434/1468/1645 2911/1477/1645 2912/1478/1645 3437/1471/1645
f 3437/1471/1677 2912/1478/1677 2488/1479/1677 2822/1480/1677
f 3436/1469/1647 3437/1471/1647 2822/1480/1647 2821/1481/1647
f 3435/1470/1678 3436/1469/1678 2821/1481/1678 2820/1482/1678
f 2909/1458/1679 3435/1470/1679 2820/1482/1679 2487/1459/1679
f 2908/1457/1650 3432/1466/1650 3435/1470/1650 2909/1458/1650
f 2907/1456/1680 3429/1463/1680 3432/1466/1680 2908/1457/1680
f 3438/1483/1681 3439/1484/1681 3442/1485/1681 3441/1486/1681
f 3439/1484/1682 3440/1487/1682 3443/1488/1682 3442/1485/1682
f 3441/1486/1683 3442/1485/1683 3445/1489/1683 3444/1490/1683
f 3442/1485/1684 3443/1488/1684 3446/1491/1684 3445/1489/1684
f 2498/1475/1685 2853/1492/1685 3438/1483/1685 2910/1476/1685
f 2853/1492/1686 2854/1493/1686 3439/1484/1686 3438/1483/1686
f 2854/1493/1687 2855/1494/1687 3440/1487/1687 3439/1484/1687
f 2855/1494/1688 2499/1495/1688 2913/1496/1688 3440/1487/1688
f 3440/1487/1689 2913/1496/1689 2914/1497/1689 3443/1488/1689
f 3443/1488/1690 2914/1497/1690 2915/1498/1690 3446/1491/1690
f 3446/1491/1662 2915/1498/1662 2489/1499/1662 2825/1500/1662
f 3445/1489/1691 3446/1491/1691 2825/1500/1691 2824/1501/1691
f 3444/1490/1664 3445/1489/1664 2824/1501/1664 2823/1502/1664
f 2912/1478/1665 3444/1490/1665 2823/1502/1665 2488/1479/1665
f 2911/1477/1692 3441/1486/1692 3444/1490/1692 2912/1478/1692
f 2910/1476/1693 3438/1483/1693 3441/1486/1693 2911/1477/1693
f 3447/1503/1694 3448/1504/1694 3451/1505/1694 3450/1506/1694
f 3448/1504/1695 3449/1507/1695 3452/1508/1695 3451/1505/1695
f 3450/1506/1696 3451/1505/1696 3454/1509/1696 3453/1510/1696
f 3451/1505/1697 3452/1508/1697 3455/1511/1697 3454/1509/1697
f 2499/1495/1698 2856/1512/1698 3447/1503/1698 2913/1496/1698
f 2856/1512/1699 2857/1513/1699 3448/1504/1699 3447/1503/1699
f 2857/1513/1700 2858/1514/1700 3449/1507/1700 3448/1504/1700
f 2858/1514/1701 2500/1515/1701 2916/1516/1701 3449/1507/1701
f 3449/1507/1702 2916/1516/1702 2917/1517/1702 3452/1508/1702
f 3452/1508/1703 2917/1517/1703 2918/1518/1703 3455/1511/1703
f 3455/1511/1704 2918/1518/1704 2490/1519/1704 2828/1520/1704
f 3454/1509/1705 3455/1511/1705 2828/1520/1705 2827/1521/1705
f 3453/1510/1706 3454/1509/1706 2827/1521/1706 2826/1522/1706
f 2915/1498/1707 3453/1510/1707 2826/1522/1707 2489/1499/1707
f 2914/1497/1650 3450/1506/1650 3453/1510/1650 2915/1498/1650
f 2913/1496/1708 3447/1503/1708 3450/1506/1708 2914/1497/1708
f 3456/1523/1709 3457/1524/1709 3460/1525/1709 3459/1526/1709
f 3457/1524/1710 3458/1527/1710 3461/1528/1710 3460/1525/1710
f 3459/1526/1711 3460/1525/1711 3463/1529/1711 3462/1530/1711
f 3460/1525/1712 3461/1528/1712 3464/1531/1712 3463/1529/1712
f 2500/1515/1713 2859/1532/1713 3456/1523/1713 2916/1516/1713
f 2859/1532/1714 2860/1533/1714 3457/1524/1714 3456/1523/1714
f 2860/1533/1715 2861/1534/1715 3458/1527/1715 3457/1524/1715
f 2861/1534/1716 2501/1535/1716 2919/1536/1716 3458/1527/1716
f 3458/1527/1717 2919/1536/1717 2920/1537/1717 3461/1528/1717
f 3461/1528/1718 2920/1537/1718 2921/1538/1718 3464/1531/1718
f 3464/1531/1719 2921/1538/1719 2491/1539/1719 2831/1540/1719
f 3463/1529/1691 3464/1531/1691 2831/1540/1691 2830/1541/1691
f 3462/1530/1720 3463/1529/1720 2830/1541/1720 2829/1542/1720
f 2918/1518/1721 3462/1530/1721 2829/1542/1721 2490/1519/1721
f 2917/1517/1722 3459/1526/1722 3462/1530/1722 2918/1518/1722
f 2916/1516/1723 3456/1523/1723 3459/1526/1723 2917/1517/1723
f 3465/1543/1724 3466/1544/1724 3469/1545/1724 3468/1546/1724
f 3466/1544/1725 3467/1547/1725 3470/1548/1725 3469/1545/1725
f 3468/1546/1726 3469/1545/1726 3472/1549/1726 3471/1550/1726
f 3469/1545/1727 3470/1548/1727 3473/1551/1727 3472/1549/1727
f 2501/1535/1728 2862/1552/1728 3465/1543/1728 2919/1536/1728
f 2862/1552/1729 2863/1553/1729 3466/1544/1729 3465/1543/1729
f 2863/1553/1730 2864/1554/1730 3467/1547/1730 3466/1544/1730
f 2864/1554/1731 2502/1555/1731 2922/1556/1731 3467/1547/1731
f 3467/1547/1732 2922/1556/1732 2923/1557/1732 3470/1548/1732
f 3470/1548/1703 2923/1557/1703 2924/1558/1703 3473/1551/1703
f 3473/1551/1733 2924/1558/1733 2492/1559/1733 2834/1560/1733
f 3472/1549/1734 3473/1551/1734 2834/1560/1734 2833/1561/1734
f 3471/1550/1735 3472/1549/1735 2833/1561/1735 2832/1562/1735
f 2921/1538/1736 3471/1550/1736 2832/1562/1736 2491/1539/1736
f 2920/1537/1737 3468/1546/1737 3471/1550/1737 2921/1538/1737
f 2919/1536/1738 3465/1543/1738 3468/1546/1738 2920/1537/1738
f 3474/1563/1739 3475/1564/1739 3478/1565/1739 3477/1566/1739
f 3475/1564/1740 3476/1567/1740 3479/1568/1740 3478/1565/1740
f 3477/1566/1741 3478/1565/1741 3481/1569/1741 3480/1570/1741
f 3478/1565/1742 3479/1568/1742 3482/1571/1742 3481/1569/1742
f 2502/1555/1743 2865/1572/1743 3474/1563/1743 2922/1556/1743
f 2865/1572/1744 2866/1573/1744 3475/1564/1744 3474/1563/1744
f 2866/1573/1745 2867/1574/1745 3476/1567/1745 3475/1564/1745
f 2867/1574/1746 2503/1575/1746 2925/1576/1746 3476/1567/1746
f 3476/1567/1747 2925/1576/1747 2926/1577/1747 3479/1568/1747
f 3479/1568/1748 2926/1577/1748 2927/1578/1748 3482/1571/1748
f 3482/1571/1719 2927/1578/1719 2493/1579/1719 2837/1580/1719
f 3481/1569/1691 3482/1571/1691 2837/1580/1691 2836/1581/1691
f 3480/1570/1720 3481/1569/1720 2836/1581/1720 2835/1582/1720
f 2924/1558/1721 3480/1570/1721 2835/1582/1721 2492/1559/1721
f 2923/1557/1749 3477/1566/1749 3480/1570/1749 2924/1558/1749
f 2922/1556/1750 3474/1563/1750 3477/1566/1750 2923/1557/1750
f 3483/1583/1751 3484/1584/1751 3487/1585/1751 3486/1586/1751
f 3484/1584/1752 3485/1587/1752 3488/1588/1752 3487/1585/1752
f 3486/1586/1753 3487/1585/1753 3490/1589/1753 3489/1590/1753
f 3487/1585/1754 3488/1588/1754 3491/1591/1754 3490/1589/1754
f 2503/1575/1755 2868/1592/1755 3483/1583/1755 2925/1576/1755
f 2868/1592/1756 2869/1593/1756 3484/1584/1756 3483/1583/1756
f 2869/1593/1757 2870/1594/1757 3485/1587/1757 3484/1584/1757
f 2870/1594/1758 2504/1412/1758 2928/1414/1758 3485/1587/1758
f 3485/1587/1759 2928/1414/1759 2929/1422/1759 3488/1588/1759
f 3488/1588/1703 2929/1422/1703 2930/1420/1703 3491/1591/1703
f 3491/1591/1760 2930/1420/1760 2494/1421/1760 2840/1595/1760
f 3490/1589/1761 3491/1591/1761 2840/1595/1761 2839/1596/1761
f 3489/1590/1735 3490/1589/1735 2839/1596/1735 2838/1597/1735
f 2927/1578/1762 3489/1590/1762 2838/1597/1762 2493/1579/1762
f 2926/1577/1737 3486/1586/1737 3489/1590/1737 2927/1578/1737
f 2925/1576/1763 3483/1583/1763 3486/1586/1763 2926/1577/1763
f 3492/1598/1764 3493/1599/1764 3496/1600/1764 3495/1601/1764
f 3493/1599/1765 3494/1602/1765 3497/1603/1765 3496/1600/1765
f 3495/1601/1766 3496/1600/1766 3499/1604/1766 3498/1605/1766
f 3496/1600/1767 3497/1603/1767 3500/1606/1767 3499/1604/1767
f 2430/1183/1768 2781/1182/1768 3492/1598/1768 2627/1607/1768
f 2781/1182/1769 2782/1181/1769 3493/1599/1769 3492/1598/1769
f 2782/1181/1770 2783/1179/1770 3494/1602/1770 3493/1599/1770
f 2783/1179/1771 2475/1178/1771 2931/1608/1771 3494/1602/1771
f 3494/1602/1772 2931/1608/1772 2932/1609/1772 3497/1603/1772
f 3497/1603/1773 2932/1609/1773 2933/1610/1773 3500/1606/1773
f 3500/1606/1774 2933/1610/1774 2494/1421/1774 2634/1419/1774
f 3499/1604/1775 3500/1606/1775 2634/1419/1775 2635/1418/1775
f 3498/1605/1776 3499/1604/1776 2635/1418/1776 2636/1417/1776
f 2625/1611/1777 3498/1605/1777 2636/1417/1777 2429/1396/1777
f 2626/1612/1778 3495/1601/1778 3498/1605/1778 2625/1611/1778
f 2627/1607/1779 3492/1598/1779 3495/1601/1779 2626/1612/1779
f 3501/1613/1780 3502/1614/1780 3505/1615/1780 3504/1616/1780
f 3502/1614/1780 3503/1617/1780 3506/1618/1780 3505/1615/1780
f 3504/1616/1781 3505/1615/1781 3508/1619/1781 3507/1620/1781
f 3505/1615/1781 3506/1618/1781 3509/1621/1781 3508/1619/1781
f 2475/1178/1782 2784/1622/1782 3501/1613/1782 2931/1608/1782
f 2784/1622/1782 2785/1623/1782 3502/1614/1782 3501/1613/1782
f 2785/1623/1782 2786/1624/1782 3503/1617/1782 3502/1614/1782
f 2786/1624/1782 2476/1625/1782 2934/1626/1782 3503/1617/1782
f 3503/1617/1783 2934/1626/1783 2935/1627/1783 3506/1618/1783
f 3506/1618/1781 2935/1627/1781 2936/1628/1781 3509/1621/1781
f 3509/1621/1784 2936/1628/1784 2493/1579/1784 2838/1597/1784
f 3508/1619/1784 3509/1621/1784 2838/1597/1784 2839/1596/1784
f 3507/1620/1784 3508/1619/1784 2839/1596/1784 2840/1595/1784
f 2933/1610/1785 3507/1620/1785 2840/1595/1785 2494/1421/1785
f 2932/1609/1781 3504/1616/1781 3507/1620/1781 2933/1610/1781
f 2931/1608/1780 3501/1613/1780 3504/1616/1780 2932/1609/1780
f 3510/1629/1780 3511/1630/1780 3514/1631/1780 3513/1632/1780
f 3511/1630/1780 3512/1633/1780 3515/1634/1780 3514/1631/1780
f 3513/1632/1781 3514/1631/1781 3517/1635/1781 3516/1636/1781
f 3514/1631/1781 3515/1634/1781 3518/1637/1781 3517/1635/1781
f 2476/1625/1782 2787/1638/1782 3510/1629/1782 2934/1626/1782
f 2787/1638/1782 2788/1639/1782 3511/1630/1782 3510/1629/1782
f 2788/1639/1782 2789/1640/1782 3512/1633/1782 3511/1630/1782
f 2789/1640/1782 2477/1641/1782 2937/1642/1782 3512/1633/1782
f 3512/1633/1783 2937/1642/1783 2938/1643/1783 3515/1634/1783
f 3515/1634/1781 2938/1643/1781 2939/1644/1781 3518/1637/1781
f 3518/1637/1785 2939/1644/1785 2492/1559/1785 2835/1582/1785
f 3517/1635/1785 3518/1637/1785 2835/1582/1785 2836/1581/1785
f 3516/1636/1784 3517/1635/1784 2836/1581/1784 2837/1580/1784
f 2936/1628/1785 3516/1636/1785 2837/1580/1785 2493/1579/1785
f 2935/1627/1781 3513/1632/1781 3516/1636/1781 2936/1628/1781
f 2934/1626/1783 3510/1629/1783 3513/1632/1783 2935/1627/1783
f 3519/1645/1783 3520/1646/1783 3523/1647/1783 3522/1648/1783
f 3520/1646/1780 3521/1649/1780 3524/1650/1780 3523/1647/1780
f 3522/1648/1781 3523/1647/1781 3526/1651/1781 3525/1652/1781
f 3523/1647/1781 3524/1650/1781 3527/1653/1781 3526/1651/1781
f 2477/1641/1782 2790/1654/1782 3519/1645/1782 2937/1642/1782
f 2790/1654/1782 2791/1655/1782 3520/1646/1782 3519/1645/1782
f 2791/1655/1782 2792/1656/1782 3521/1649/1782 3520/1646/1782
f 2792/1656/1782 2478/1657/1782 2940/1658/1782 3521/1649/1782
f 3521/1649/1783 2940/1658/1783 2941/1659/1783 3524/1650/1783
f 3524/1650/1781 2941/1659/1781 2942/1660/1781 3527/1653/1781
f 3527/1653/1784 2942/1660/1784 2491/1539/1784 2832/1562/1784
f 3526/1651/1784 3527/1653/1784 2832/1562/1784 2833/1561/1784
f 3525/1652/1784 3526/1651/1784 2833/1561/1784 2834/1560/1784
f 2939/1644/1784 3525/1652/1784 2834/1560/1784 2492/1559/1784
f 2938/1643/1781 3522/1648/1781 3525/1652/1781 2939/1644/1781
f 2937/1642/1783 3519/1645/1783 3522/1648/1783 2938/1643/1783
f 3528/1661/1783 3529/1662/1783 3532/1663/1783 3531/1664/1783
f 3529/1662/1780 3530/1665/1780 3533/1666/1780 3532/1663/1780
f 3531/1664/1781 3532/1663/1781 3535/1667/1781 3534/1668/1781
f 3532/1663/1781 3533/1666/1781 3536/1669/1781 3535/1667/1781
f 2478/1657/1782 2793/1670/1782 3528/1661/1782 2940/1658/1782
f 2793/1670/1782 2794/1671/1782 3529/1662/1782 3528/1661/1782
f 2794/1671/1782 2795/1672/1782 3530/1665/1782 3529/1662/1782
f 2795/1672/1782 2479/1673/1782 2943/1674/1782 3530/1665/1782
f 3530/1665/1783 2943/1674/1783 2944/1675/1783 3533/1666/1783
f 3533/1666/1781 2944/1675/1781 2945/1676/1781 3536/1669/1781
f 3536/1669/1785 2945/1676/1785 2490/1519/1785 2829/1542/1785
f 3535/1667/1784 3536/1669/1784 2829/1542/1784 2830/1541/1784
f 3534/1668/1784 3535/1667/1784 2830/1541/1784 2831/1540/1784
f 2942/1660/1785 3534/1668/1785 2831/1540/1785 2491/1539/1785
f 2941/1659/1781 3531/1664/1781 3534/1668/1781 2942/1660/1781
f 2940/1658/1783 3528/1661/1783 3531/1664/1783 2941/1659/1783
f 3537/1677/1780 3538/1678/1780 3541/1679/1780 3540/1680/1780
f 3538/1678/1780 3539/1681/1780 3542/1682/1780 3541/1679/1780
f 3540/1680/1781 3541/1679/1781 3544/1683/1781 3543/1684/1781
f 3541/1679/1781 3542/1682/1781 3545/1685/1781 3544/1683/1781
f 2479/1673/1782 2796/1686/1782 3537/1677/1782 2943/1674/1782
f 2796/1686/1782 2797/1687/1782 3538/1678/1782 3537/1677/1782
f 2797/1687/1782 2798/1688/1782 3539/1681/1782 3538/1678/1782
f 2798/1688/1782 2480/1689/1782 2946/1690/1782 3539/1681/1782
f 3539/1681/1783 2946/1690/1783 2947/1691/1783 3542/1682/1783
f 3542/1682/1781 2947/1691/1781 2948/1692/1781 3545/1685/1781
f 3545/1685/1784 2948/1692/1784 2489/1499/1784 2826/1522/1784
f 3544/1683/1784 3545/1685/1784 2826/1522/1784 2827/1521/1784
f 3543/1684/1784 3544/1683/1784 2827/1521/1784 2828/1520/1784
f 2945/1676/1784 3543/1684/1784 2828/1520/1784 2490/1519/1784
f 2944/1675/1781 3540/1680/1781 3543/1684/1781 2945/1676/1781
f 2943/1674/1783 3537/1677/1783 3540/1680/1783 2944/1675/1783
f 3546/1693/1780 3547/1694/1780 3550/1695/1780 3549/1696/1780
f 3547/1694/1783 3548/1697/1783 3551/1698/1783 3550/1695/1783
f 3549/1696/1781 3550/1695/1781 3553/1699/1781 3552/1700/1781
f 3550/1695/1781 3551/1698/1781 3554/1701/1781 3553/1699/1781
f 2480/1689/1782 2799/1702/1782 3546/1693/1782 2946/1690/1782
f 2799/1702/1782 2800/1703/1782 3547/1694/1782 3546/1693/1782
f 2800/1703/1782 2801/1704/1782 3548/1697/1782 3547/1694/1782
f 2801/1704/1782 2481/1705/1782 2949/1706/1782 3548/1697/1782
f 3548/1697/1783 2949/1706/1783 2950/1707/1783 3551/1698/1783
f 3551/1698/1781 2950/1707/1781 2951/1708/1781 3554/1701/1781
f 3554/1701/1785 2951/1708/1785 2488/1479/1785 2823/1502/1785
f 3553/1699/1784 3554/1701/1784 2823/1502/1784 2824/1501/1784
f 3552/1700/1784 3553/1699/1784 2824/1501/1784 2825/1500/1784
f 2948/1692/1785 3552/1700/1785 2825/1500/1785 2489/1499/1785
f 2947/1691/1781 3549/1696/1781 3552/1700/1781 2948/1692/1781
f 2946/1690/1783 3546/1693/1783 3549/1696/1783 2947/1691/1783
f 3555/1709/1783 3556/1710/1783 3559/1711/1783 3558/1712/1783
f 3556/1710/1780 3557/1713/1780 3560/1714/1780 3559/1711/1780
f 3558/1712/1781 3559/1711/1781 3562/1715/1781 3561/1716/1781
f 3559/1711/1781 3560/1714/1781 3563/1717/1781 3562/1715/1781
f 2481/1705/1782 2802/1718/1782 3555/1709/1782 2949/1706/1782
f 2802/1718/1782 2803/1719/1782 3556/1710/1782 3555/1709/1782
f 2803/1719/1782 2804/1720/1782 3557/1713/1782 3556/1710/1782
f 2804/1720/1782 2482/1721/1782 2952/1722/1782 3557/1713/1782
f 3557/1713/1783 2952/1722/1783 2953/1723/1783 3560/1714/1783
f 3560/1714/1781 2953/1723/1781 2954/1724/1781 3563/1717/1781
f 3563/1717/1785 2954/1724/1785 2487/1459/1785 2820/1482/1785
f 3562/1715/1784 3563/1717/1784 2820/1482/1784 2821/1481/1784
f 3561/1716/1784 3562/1715/1784 2821/1481/1784 2822/1480/1784
f 2951/1708/1785 3561/1716/1785 2822/1480/1785 2488/1479/1785
f 2950/1707/1781 3558/1712/1781 3561/1716/1781 2951/1708/1781
f 2949/1706/1783 3555/1709/1783 3558/1712/1783 2950/1707/1783
f 3564/1725/1783 3565/1726/1783 3568/1727/1783 3567/1728/1783
f 3565/1726/1783 3566/1729/1783 3569/1730/1783 3568/1727/1783
f 3567/1728/1781 3568/1727/1781 3571/1731/1781 3570/1732/1781
f 3568/1727/1781 3569/1730/1781 3572/1733/1781 3571/1731/1781
f 2482/1721/1782 2805/1734/1782 3564/1725/1782 2952/1722/1782
f 2805/1734/1782 2806/1735/1782 3565/1726/1782 3564/1725/1782
f 2806/1735/1782 2807/1736/1782 3566/1729/1782 3565/1726/1782
f 2807/1736/1782 2483/1737/1782 2955/1738/1782 3566/1729/1782
f 3566/1729/1783 2955/1738/1783 2956/1739/1783 3569/1730/1783
f 3569/1730/1781 2956/1739/1781 2957/1740/1781 3572/1733/1781
f 3572/1733/1785 2957/1740/1785 2486/1439/1785 2817/1462/1785
f 3571/1731/1784 3572/1733/1784 2817/1462/1784 2818/1461/1784
f 3570/1732/1784 3571/1731/1784 2818/1461/1784 2819/1460/1784
f 2954/1724/1785 3570/1732/1785 2819/1460/1785 2487/1459/1785
f 2953/1723/1781 3567/1728/1781 3570/1732/1781 2954/1724/1781
f 2952/1722/1783 3564/1725/1783 3567/1728/1783 2953/1723/1783
f 3573/1741/1780 3574/1742/1780 3577/1743/1780 3576/1744/1780
f 3574/1742/1783 3575/1745/1783 3578/1746/1783 3577/1743/1783
f 3576/1744/1781 3577/1743/1781 3580/1747/1781 3579/1748/1781
f 3577/1743/1781 3578/1746/1781 3581/1749/1781 3580/1747/1781
f 2483/1737/1782 2808/1750/1782 3573/1741/1782 2955/1738/1782
f 2808/1750/1782 2809/1751/1782 3574/1742/1782 3573/1741/1782
f 2809/1751/1782 2810/1752/1782 3575/1745/1782 3574/1742/1782
f 2810/1752/1782 2484/1303/1782 2958/1305/1782 3575/1745/1782
f 3575/1745/1780 2958/1305/1780 2959/1313/1780 3578/1746/1780
f 3578/1746/1781 2959/1313/1781 2960/1312/1781 3581/1749/1781
f 3581/1749/1784 2960/1312/1784 2485/1207/1784 2814/1442/1784
f 3580/1747/1785 3581/1749/1785 2814/1442/1785 2815/1441/1785
f 3579/1748/1784 3580/1747/1784 2815/1441/1784 2816/1440/1784
f 2957/1740/1785 3579/1748/1785 2816/1440/1785 2486/1439/1785
f 2956/1739/1781 3576/1744/1781 3579/1748/1781 2957/1740/1781
f 2955/1738/1783 3573/1741/1783 3576/1744/1783 2956/1739/1783
f 3582/1753/1786 3583/1754/1786 3586/1755/1786 3585/1756/1786
f 3583/1754/1787 3584/1757/1787 3587/1758/1787 3586/1755/1787
f 3585/1756/1788 3586/1755/1788 3589/1759/1788 3588/1760/1788
f 3586/1755/1789 3587/1758/1789 3590/1761/1789 3589/1759/1789
f 2433/1058/1790 2721/1057/1790 3582/1753/1790 2615/1762/1790
f 2721/1057/1791 2722/1056/1791 3583/1754/1791 3582/1753/1791
f 2722/1056/1792 2723/1054/1792 3584/1757/1792 3583/1754/1792
f 2723/1054/1793 2455/1053/1793 2961/1763/1793 3584/1757/1793
f 3584/1757/1794 2961/1763/1794 2962/1764/1794 3587/1758/1794
f 3587/1758/1795 2962/1764/1795 2963/1765/1795 3590/1761/1795
f 3590/1761/1796 2963/1765/1796 2474/1117/1796 2622/1115/1796
f 3589/1759/1797 3590/1761/1797 2622/1115/1797 2623/1114/1797
f 3588/1760/1798 3589/1759/1798 2623/1114/1798 2624/1113/1798
f 2613/1766/1799 3588/1760/1799 2624/1113/1799 2434/1112/1799
f 2614/1767/1800 3585/1756/1800 3588/1760/1800 2613/1766/1800
f 2615/1762/1801 3582/1753/1801 3585/1756/1801 2614/1767/1801
f 3591/1768/1802 3592/1769/1802 3595/1770/1802 3594/1771/1802
f 3592/1769/1802 3593/1772/1802 3596/1773/1802 3595/1770/1802
f 3594/1771/1803 3595/1770/1803 3598/1774/1803 3597/1775/1803
f 3595/1770/1804 3596/1773/1804 3599/1776/1804 3598/1774/1804
f 2455/1053/1805 2724/1777/1805 3591/1768/1805 2961/1763/1805
f 2724/1777/1806 2725/1778/1806 3592/1769/1806 3591/1768/1806
f 2725/1778/1806 2726/1779/1806 3593/1772/1806 3592/1769/1806
f 2726/1779/1805 2456/1780/1805 2964/1781/1805 3593/1772/1805
f 3593/1772/1802 2964/1781/1802 2965/1782/1802 3596/1773/1802
f 3596/1773/1804 2965/1782/1804 2966/1783/1804 3599/1776/1804
f 3599/1776/1807 2966/1783/1807 2473/1784/1807 2778/1785/1807
f 3598/1774/1807 3599/1776/1807 2778/1785/1807 2779/1786/1807
f 3597/1775/1807 3598/1774/1807 2779/1786/1807 2780/1787/1807
f 2963/1765/1807 3597/1775/1807 2780/1787/1807 2474/1117/1807
f 2962/1764/1804 3594/1771/1804 3597/1775/1804 2963/1765/1804
f 2961/1763/1802 3591/1768/1802 3594/1771/1802 2962/1764/1802
f 3600/1788/1802 3601/1789/1802 3604/1790/1802 3603/1791/1802
f 3601/1789/1802 3602/1792/1802 3605/1793/1802 3604/1790/1802
f 3603/1791/1804 3604/1790/1804 3607/1794/1804 3606/1795/1804
f 3604/1790/1803 3605/1793/1803 3608/1796/1803 3607/1794/1803
f 2456/1780/1805 2727/1797/1805 3600/1788/1805 2964/1781/1805
f 2727/1797/1805 2728/1798/1805 3601/1789/1805 3600/1788/1805
f 2728/1798/1805 2729/1799/1805 3602/1792/1805 3601/1789/1805
f 2729/1799/1806 2457/1800/1806 2967/1801/1806 3602/1792/1806
f 3602/1792/1802 2967/1801/1802 2968/1802/1802 3605/1793/1802
f 3605/1793/1803 2968/1802/1803 2969/1803/1803 3608/1796/1803
f 3608/1796/1807 2969/1803/1807 2472/1804/1807 2775/1805/1807
f 3607/1794/1807 3608/1796/1807 2775/1805/1807 2776/1806/1807
f 3606/1795/1807 3607/1794/1807 2776/1806/1807 2777/1807/1807
f 2966/1783/1807 3606/1795/1807 2777/1807/1807 2473/1784/1807
f 2965/1782/1803 3603/1791/1803 3606/1795/1803 2966/1783/1803
f 2964/1781/1802 3600/1788/1802 3603/1791/1802 2965/1782/1802
f 3609/1808/1802 3610/1809/1802 3613/1810/1802 3612/1811/1802
f 3610/1809/1802 3611/1812/1802 3614/1813/1802 3613/1810/1802
f 3612/1811/1803 3613/1810/1803 3616/1814/1803 3615/1815/1803
f 3613/1810/1803 3614/1813/1803 3617/1816/1803 3616/1814/1803
f 2457/1800/1806 2730/1817/1806 3609/1808/1806 2967/1801/1806
f 2730/1817/1805 2731/1818/1805 3610/1809/1805 3609/1808/1805
f 2731/1818/1806 2732/1819/1806 3611/1812/1806 3610/1809/1806
f 2732/1819/1805 2458/1820/1805 2970/1821/1805 3611/1812/1805
f 3611/1812/1802 2970/1821/1802 2971/1822/1802 3614/1813/1802
f 3614/1813/1803 2971/1822/1803 2972/1823/1803 3617/1816/1803
f 3617/1816/1807 2972/1823/1807 2471/1824/1807 2772/1825/1807
f 3616/1814/1807 3617/1816/1807 2772/1825/1807 2773/1826/1807
f 3615/1815/1807 3616/1814/1807 2773/1826/1807 2774/1827/1807
f 2969/1803/1807 3615/1815/1807 2774/1827/1807 2472/1804/1807
f 2968/1802/1804 3612/1811/1804 3615/1815/1804 2969/1803/1804
f 2967/1801/1802 3609/1808/1802 3612/1811/1802 2968/1802/1802
f 3618/1828/1802 3619/1829/1802 3622/1830/1802 3621/1831/1802
f 3619/1829/1802 3620/1832/1802 3623/1833/1802 3622/1830/1802
f 3621/1831/1803 3622/1830/1803 3625/1834/1803 3624/1835/1803
f 3622/1830/1804 3623/1833/1804 3626/1836/1804 3625/1834/1804
f 2458/1820/1806 2733/1837/1806 3618/1828/1806 2970/1821/1806
f 2733/1837/1805 2734/1838/1805 3619/1829/1805 3618/1828/1805
f 2734/1838/1805 2735/1839/1805 3620/1832/1805 3619/1829/1805
f 2735/1839/1806 2459/1840/1806 2973/1841/1806 3620/1832/1806
f 3620/1832/1802 2973/1841/1802 2974/1842/1802 3623/1833/1802
f 3623/1833/1803 2974/1842/1803 2975/1843/1803 3626/1836/1803
f 3626/1836/1807 2975/1843/1807 2470/1844/1807 2769/1845/1807
f 3625/1834/1807 3626/1836/1807 2769/1845/1807 2770/1846/1807
f 3624/1835/1807 3625/1834/1807 2770/1846/1807 2771/1847/1807
f 2972/1823/1807 3624/1835/1807 2771/1847/1807 2471/1824/1807
f 2971/1822/1804 3621/1831/1804 3624/1835/1804 2972/1823/1804
f 2970/1821/1802 3618/1828/1802 3621/1831/1802 2971/1822/1802
f 3627/1848/1802 3628/1849/1802 3631/1850/1802 3630/1851/1802
f 3628/1849/1802 3629/1852/1802 3632/1853/1802 3631/1850/1802
f 3630/1851/1803 3631/1850/1803 3634/1854/1803 3633/1855/1803
f 3631/1850/1804 3632/1853/1804 3635/1856/1804 3634/1854/1804
f 2459/1840/1805 2736/1857/1805 3627/1848/1805 2973/1841/1805
f 2736/1857/1806 2737/1858/1806 3628/1849/1806 3627/1848/1806
f 2737/1858/1805 2738/1859/1805 3629/1852/1805 3628/1849/1805
f 2738/1859/1806 2460/1860/1806 2976/1861/1806 3629/1852/1806
f 3629/1852/1802 2976/1861/1802 2977/1862/1802 3632/1853/1802
f 3632/1853/1803 2977/1862/1803 2978/1863/1803 3635/1856/1803
f 3635/1856/1807 2978/1863/1807 2469/1864/1807 2766/1865/1807
f 3634/1854/1807 3635/1856/1807 2766/1865/1807 2767/1866/1807
f 3633/1855/1807 3634/1854/1807 2767/1866/1807 2768/1867/1807
f 2975/1843/1807 3633/1855/1807 2768/1867/1807 2470/1844/1807
f 2974/1842/1804 3630/1851/1804 3633/1855/1804 2975/1843/1804
f 2973/1841/1802 3627/1848/1802 3630/1851/1802 2974/1842/1802
f 3636/1868/1802 3637/1869/1802 3640/1870/1802 3639/1871/1802
f 3637/1869/1802 3638/1872/1802 3641/1873/1802 3640/1870/1802
f 3639/1871/1804 3640/1870/1804 3643/1874/1804 3642/1875/1804
f 3640/1870/1803 3641/1873/1803 3644/1876/1803 3643/1874/1803
f 2460/1860/1806 2739/1877/1806 3636/1868/1806 2976/1861/1806
f 2739/1877/1805 2740/1878/1805 3637/1869/1805 3636/1868/1805
f 2740/1878/1806 2741/1879/1806 3638/1872/1806 3637/1869/1806
f 2741/1879/1805 2461/1880/1805 2979/1881/1805 3638/1872/1805
f 3638/1872/1802 2979/1881/1802 2980/1882/1802 3641/1873/1802
f 3641/1873/1804 2980/1882/1804 2981/1883/1804 3644/1876/1804
f 3644/1876/1807 2981/1883/1807 2468/1884/1807 2763/1885/1807
f 3643/1874/1807 3644/1876/1807 2763/1885/1807 2764/1886/1807
f 3642/1875/1807 3643/1874/1807 2764/1886/1807 2765/1887/1807
f 2978/1863/1807 3642/1875/1807 2765/1887/1807 2469/1864/1807
f 2977/1862/1803 3639/1871/1803 3642/1875/1803 2978/1863/1803
f 2976/1861/1802 3636/1868/1802 3639/1871/1802 2977/1862/1802
f 3645/1888/1802 3646/1889/1802 3649/1890/1802 3648/1891/1802
f 3646/1889/1802 3647/1892/1802 3650/1893/1802 3649/1890/1802
f 3648/1891/1804 3649/1890/1804 3652/1894/1804 3651/1895/1804
f 3649/1890/1803 3650/1893/1803 3653/1896/1803 3652/1894/1803
f 2461/1880/1806 2742/1897/1806 3645/1888/1806 2979/1881/1806
f 2742/1897/1806 2743/1898/1806 3646/1889/1806 3645/1888/1806
f 2743/1898/1805 2744/1899/1805 3647/1892/1805 3646/1889/1805
f 2744/1899/1805 2462/1900/1805 2982/1901/1805 3647/1892/1805
f 3647/1892/1802 2982/1901/1802 2983/1902/1802 3650/1893/1802
f 3650/1893/1804 2983/1902/1804 2984/1903/1804 3653/1896/1804
f 3653/1896/1807 2984/1903/1807 2467/1904/1807 2760/1905/1807
f 3652/1894/1807 3653/1896/1807 2760/1905/1807 2761/1906/1807
f 3651/1895/1807 3652/1894/1807 2761/1906/1807 2762/1907/1807
f 2981/1883/1807 3651/1895/1807 2762/1907/1807 2468/1884/1807
f 2980/1882/1803 3648/1891/1803 3651/1895/1803 2981/1883/1803
f 2979/1881/1802 3645/1888/1802 3648/1891/1802 2980/1882/1802
f 3654/1908/1802 3655/1909/1802 3658/1910/1802 3657/1911/1802
f 3655/1909/1802 3656/1912/1802 3659/1913/1802 3658/1910/1802
f 3657/1911/1803 3658/1910/1803 3661/1914/1803 3660/1915/1803
f 3658/1910/1804 3659/1913/1804 3662/1916/1804 3661/1914/1804
f 2462/1900/1805 2745/1917/1805 3654/1908/1805 2982/1901/1805
f 2745/1917/1806 2746/1918/1806 3655/1909/1806 3654/1908/1806
f 2746/1918/1805 2747/1919/1805 3656/1912/1805 3655/1909/1805
f 2747/1919/1806 2463/1920/1806 2985/1921/1806 3656/1912/1806
f 3656/1912/1802 2985/1921/1802 2986/1922/1802 3659/1913/1802
f 3659/1913/1803 2986/1922/1803 2987/1923/1803 3662/1916/1803
f 3662/1916/1807 2987/1923/1807 2466/1924/1807 2757/1925/1807
f 3661/1914/1807 3662/1916/1807 2757/1925/1807 2758/1926/1807
f 3660/1915/1807 3661/1914/1807 2758/1926/1807 2759/1927/1807
f 2984/1903/1807 3660/1915/1807 2759/1927/1807 2467/1904/1807
f 2983/1902/1803 3657/1911/1803 3660/1915/1803 2984/1903/1803
f 2982/1901/1802 3654/1908/1802 3657/1911/1802 2983/1902/1802
f 3663/1928/1802 3664/1929/1802 3667/1930/1802 3666/1931/1802
f 3664/1929/1802 3665/1932/1802 3668/1933/1802 3667/1930/1802
f 3666/1931/1804 3667/1930/1804 3670/1934/1804 3669/1935/1804
f 3667/1930/1803 3668/1933/1803 3671/1936/1803 3670/1934/1803
f 2463/1920/1805 2748/1937/1805 3663/1928/1805 2985/1921/1805
f 2748/1937/1806 2749/1938/1806 3664/1929/1806 3663/1928/1806
f 2749/1938/1805 2750/1939/1805 3665/1932/1805 3664/1929/1805
f 2750/1939/1806 2464/1278/1806 2988/1280/1806 3665/1932/1806
f 3665/1932/1802 2988/1280/1802 2989/1293/1802 3668/1933/1802
f 3668/1933/1803 2989/1293/1803 2990/1291/1803 3671/1936/1803
f 3671/1936/1807 2990/1291/1807 2465/1292/1807 2754/1940/1807
f 3670/1934/1807 3671/1936/1807 2754/1940/1807 2755/1941/1807
f 3669/1935/1807 3670/1934/1807 2755/1941/1807 2756/1942/1807
f 2987/1923/1807 3669/1935/1807 2756/1942/1807 2466/1924/1807
f 2986/1922/1803 3666/1931/1803 3669/1935/1803 2987/1923/1803
f 2985/1921/1802 3663/1928/1802 3666/1931/1802 2986/1922/1802
f 3672/1943/1808 3673/1944/1808 3676/1945/1808 3675/1946/1808
f 3673/1944/1809 3674/1947/1809 3677/1948/1809 3676/1945/1809
f 3675/1946/1810 3676/1945/1810 3679/1949/1810 3678/1950/1810
f 3676/1945/1811 3677/1948/1811 3680/1951/1811 3679/1949/1811
f 2428/1308/1812 2630/1307/1812 3672/1943/1812 2690/1952/1812
f 2630/1307/1813 2629/1306/1813 3673/1944/1813 3672/1943/1813
f 2629/1306/1814 2628/1304/1814 3674/1947/1814 3673/1944/1814
f 2628/1304/1815 2484/1303/1815 2991/1953/1815 3674/1947/1815
f 3674/1947/1816 2991/1953/1816 2992/1954/1816 3677/1948/1816
f 3677/1948/1817 2992/1954/1817 2993/1955/1817 3680/1951/1817
f 3680/1951/1818 2993/1955/1818 2426/1956/1818 2570/1957/1818
f 3679/1949/1819 3680/1951/1819 2570/1957/1819 2569/1958/1819
f 3678/1950/1820 3679/1949/1820 2569/1958/1820 2568/1959/1820
f 2688/1960/1821 3678/1950/1821 2568/1959/1821 2411/1961/1821
f 2689/1962/1822 3675/1946/1822 3678/1950/1822 2688/1960/1822
f 2690/1952/1823 3672/1943/1823 3675/1946/1823 2689/1962/1823
f 3681/1963/1824 3682/1964/1824 3685/1965/1824 3684/1966/1824
f 3682/1964/1824 3683/1967/1824 3686/1968/1824 3685/1965/1824
f 3684/1966/1825 3685/1965/1825 3688/1969/1825 3687/1970/1825
f 3685/1965/1825 3686/1968/1825 3689/1971/1825 3688/1969/1825
f 2484/1303/1826 2810/1752/1826 3681/1963/1826 2991/1953/1826
f 2810/1752/1826 2809/1751/1826 3682/1964/1826 3681/1963/1826
f 2809/1751/1826 2808/1750/1826 3683/1967/1826 3682/1964/1826
f 2808/1750/1826 2483/1737/1826 2994/1972/1826 3683/1967/1826
f 3683/1967/1824 2994/1972/1824 2995/1973/1824 3686/1968/1824
f 3686/1968/1825 2995/1973/1825 2996/1974/1825 3689/1971/1825
f 3689/1971/1827 2996/1974/1827 2425/1975/1827 2567/1976/1827
f 3688/1969/1827 3689/1971/1827 2567/1976/1827 2566/1977/1827
f 3687/1970/1827 3688/1969/1827 2566/1977/1827 2565/1978/1827
f 2993/1955/1827 3687/1970/1827 2565/1978/1827 2426/1956/1827
f 2992/1954/1825 3684/1966/1825 3687/1970/1825 2993/1955/1825
f 2991/1953/1824 3681/1963/1824 3684/1966/1824 2992/1954/1824
f 3690/1979/1824 3691/1980/1824 3694/1981/1824 3693/1982/1824
f 3691/1980/1824 3692/1983/1824 3695/1984/1824 3694/1981/1824
f 3693/1982/1825 3694/1981/1825 3697/1985/1825 3696/1986/1825
f 3694/1981/1825 3695/1984/1825 3698/1987/1825 3697/1985/1825
f 2483/1737/1826 2807/1736/1826 3690/1979/1826 2994/1972/1826
f 2807/1736/1826 2806/1735/1826 3691/1980/1826 3690/1979/1826
f 2806/1735/1826 2805/1734/1826 3692/1983/1826 3691/1980/1826
f 2805/1734/1826 2482/1721/1826 2997/1988/1826 3692/1983/1826
f 3692/1983/1824 2997/1988/1824 2998/1989/1824 3695/1984/1824
f 3695/1984/1825 2998/1989/1825 2999/1990/1825 3698/1987/1825
f 3698/1987/1827 2999/1990/1827 2424/1991/1827 2564/1992/1827
f 3697/1985/1827 3698/1987/1827 2564/1992/1827 2563/1993/1827
f 3696/1986/1827 3697/1985/1827 2563/1993/1827 2562/1994/1827
f 2996/1974/1827 3696/1986/1827 2562/1994/1827 2425/1975/1827
f 2995/1973/1825 3693/1982/1825 3696/1986/1825 2996/1974/1825
f 2994/1972/1824 3690/1979/1824 3693/1982/1824 2995/1973/1824
f 3699/1995/1824 3700/1996/1824 3703/1997/1824 3702/1998/1824
f 3700/1996/1824 3701/1999/1824 3704/2000/1824 3703/1997/1824
f 3702/1998/1825 3703/1997/1825 3706/2001/1825 3705/2002/1825
f 3703/1997/1825 3704/2000/1825 3707/2003/1825 3706/2001/1825
f 2482/1721/1826 2804/1720/1826 3699/1995/1826 2997/1988/1826
f 2804/1720/1826 2803/1719/1826 3700/1996/1826 3699/1995/1826
f 2803/1719/1826 2802/1718/1826 3701/1999/1826 3700/1996/1826
f 2802/1718/1826 2481/1705/1826 3000/2004/1826 3701/1999/1826
f 3701/1999/1824 3000/2004/1824 3001/2005/1824 3704/2000/1824
f 3704/2000/1825 3001/2005/1825 3002/2006/1825 3707/2003/1825
f 3707/2003/1827 3002/2006/1827 2423/2007/1827 2585/2008/1827
f 3706/2001/1827 3707/2003/1827 2585/2008/1827 2584/2009/1827
f 3705/2002/1827 3706/2001/1827 2584/2009/1827 2583/2010/1827
f 2999/1990/1827 3705/2002/1827 2583/2010/1827 2424/1991/1827
f 2998/1989/1825 3702/1998/1825 3705/2002/1825 2999/1990/1825
f 2997/1988/1824 3699/1995/1824 3702/1998/1824 2998/1989/1824
f 3708/2011/1824 3709/2012/1824 3712/2013/1824 3711/2014/1824
f 3709/2012/1824 3710/2015/1824 3713/2016/1824 3712/2013/1824
f 3711/2014/1825 3712/2013/1825 3715/2017/1825 3714/2018/1825
f 3712/2013/1825 3713/2016/1825 3716/2019/1825 3715/2017/1825
f 2481/1705/1826 2801/1704/1826 3708/2011/1826 3000/2004/1826
f 2801/1704/1826 2800/1703/1826 3709/2012/1826 3708/2011/1826
f 2800/1703/1826 2799/1702/1826 3710/2015/1826 3709/2012/1826
f 2799/1702/1826 2480/1689/1826 3003/2020/1826 3710/2015/1826
f 3710/2015/1824 3003/2020/1824 3004/2021/1824 3713/2016/1824
f 3713/2016/1825 3004/2021/1825 3005/2022/1825 3716/2019/1825
f 3716/2019/1827 3005/2022/1827 2418/2023/1827 2576/2024/1827
f 3715/2017/1827 3716/2019/1827 2576/2024/1827 2575/2025/1827
f 3714/2018/1827 3715/2017/1827 2575/2025/1827 2574/2026/1827
f 3002/2006/1827 3714/2018/1827 2574/2026/1827 2423/2007/1827
f 3001/2005/1825 3711/2014/1825 3714/2018/1825 3002/2006/1825
f 3000/2004/1824 3708/2011/1824 3711/2014/1824 3001/2005/1824
f 3717/2027/1824 3718/2028/1824 3721/2029/1824 3720/2030/1824
f 3718/2028/1824 3719/2031/1824 3722/2032/1824 3721/2029/1824
f 3720/2030/1825 3721/2029/1825 3724/2033/1825 3723/2034/1825
f 3721/2029/1825 3722/2032/1825 3725/2035/1825 3724/2033/1825
f 2480/1689/1826 2798/1688/1826 3717/2027/1826 3003/2020/1826
f 2798/1688/1826 2797/1687/1826 3718/2028/1826 3717/2027/1826
f 2797/1687/1826 2796/1686/1826 3719/2031/1826 3718/2028/1826
f 2796/1686/1826 2479/1673/1826 3006/2036/1826 3719/2031/1826
f 3719/2031/1824 3006/2036/1824 3007/2037/1824 3722/2032/1824
f 3722/2032/1825 3007/2037/1825 3008/2038/1825 3725/2035/1825
f 3725/2035/1827 3008/2038/1827 2417/2039/1827 2588/2040/1827
f 3724/2033/1827 3725/2035/1827 2588/2040/1827 2587/2041/1827
f 3723/2034/1827 3724/2033/1827 2587/2041/1827 2586/2042/1827
f 3005/2022/1827 3723/2034/1827 2586/2042/1827 2418/2023/1827
f 3004/2021/1825 3720/2030/1825 3723/2034/1825 3005/2022/1825
f 3003/2020/1824 3717/2027/1824 3720/2030/1824 3004/2021/1824
f 3726/2043/1824 3727/2044/1824 3730/2045/1824 3729/2046/1824
f 3727/2044/1824 3728/2047/1824 3731/2048/1824 3730/2045/1824
f 3729/2046/1825 3730/2045/1825 3733/2049/1825 3732/2050/1825
f 3730/2045/1825 3731/2048/1825 3734/2051/1825 3733/2049/1825
f 2479/1673/1826 2795/1672/1826 3726/2043/1826 3006/2036/1826
f 2795/1672/1826 2794/1671/1826 3727/2044/1826 3726/2043/1826
f 2794/1671/1826 2793/1670/1826 3728/2047/1826 3727/2044/1826
f 2793/1670/1826 2478/1657/1826 3009/2052/1826 3728/2047/1826
f 3728/2047/1824 3009/2052/1824 3010/2053/1824 3731/2048/1824
f 3731/2048/1825 3010/2053/1825 3011/2054/1825 3734/2051/1825
f 3734/2051/1827 3011/2054/1827 2416/2055/1827 2582/2056/1827
f 3733/2049/1827 3734/2051/1827 2582/2056/1827 2581/2057/1827
f 3732/2050/1827 3733/2049/1827 2581/2057/1827 2580/2058/1827
f 3008/2038/1827 3732/2050/1827 2580/2058/1827 2417/2039/1827
f 3007/2037/1825 3729/2046/1825 3732/2050/1825 3008/2038/1825
f 3006/2036/1824 3726/2043/1824 3729/2046/1824 3007/2037/1824
f 3735/2059/1824 3736/2060/1824 3739/2061/1824 3738/2062/1824
f 3736/2060/1824 3737/2063/1824 3740/2064/1824 3739/2061/1824
f 3738/2062/1825 3739/2061/1825 3742/2065/1825 3741/2066/1825
f 3739/2061/1825 3740/2064/1825 3743/2067/1825 3742/2065/1825
f 2478/1657/1826 2792/1656/1826 3735/2059/1826 3009/2052/1826
f 2792/1656/1826 2791/1655/1826 3736/2060/1826 3735/2059/1826
f 2791/1655/1826 2790/1654/1826 3737/2063/1826 3736/2060/1826
f 2790/1654/1826 2477/1641/1826 3012/2068/1826 3737/2063/1826
f 3737/2063/1824 3012/2068/1824 3013/2069/1824 3740/2064/1824
f 3740/2064/1825 3013/2069/1825 3014/2070/1825 3743/2067/1825
f 3743/2067/1827 3014/2070/1827 2415/2071/1827 2573/2072/1827
f 3742/2065/1827 3743/2067/1827 2573/2072/1827 2572/2073/1827
f 3741/2066/1827 3742/2065/1827 2572/2073/1827 2571/2074/1827
f 3011/2054/1827 3741/2066/1827 2571/2074/1827 2416/2055/1827
f 3010/2053/1825 3738/2062/1825 3741/2066/1825 3011/2054/1825
f 3009/2052/1824 3735/2059/1824 3738/2062/1824 3010/2053/1824
f 3744/2075/1824 3745/2076/1824 3748/2077/1824 3747/2078/1824
f 3745/2076/1824 3746/2079/1824 3749/2080/1824 3748/2077/1824
f 3747/2078/1825 3748/2077/1825 3751/2081/1825 3750/2082/1825
f 3748/2077/1825 3749/2080/1825 3752/2083/1825 3751/2081/1825
f 2477/1641/1826 2789/1640/1826 3744/2075/1826 3012/2068/1826
f 2789/1640/1826 2788/1639/1826 3745/2076/1826 3744/2075/1826
f 2788/1639/1826 2787/1638/1826 3746/2079/1826 3745/2076/1826
f 2787/1638/1826 2476/1625/1826 3015/2084/1826 3746/2079/1826
f 3746/2079/1824 3015/2084/1824 3016/2085/1824 3749/2080/1824
f 3749/2080/1825 3016/2085/1825 3017/2086/1825 3752/2083/1825
f 3752/2083/1827 3017/2086/1827 2443/2087/1827 2603/2088/1827
f 3751/2081/1827 3752/2083/1827 2603/2088/1827 2602/2089/1827
f 3750/2082/1827 3751/2081/1827 2602/2089/1827 2601/2090/1827
f 3014/2070/1827 3750/2082/1827 2601/2090/1827 2415/2071/1827
f 3013/2069/1825 3747/2078/1825 3750/2082/1825 3014/2070/1825
f 3012/2068/1824 3744/2075/1824 3747/2078/1824 3013/2069/1824
f 3753/2091/1824 3754/2092/1824 3757/2093/1824 3756/2094/1824
f 3754/2092/1824 3755/2095/1824 3758/2096/1824 3757/2093/1824
f 3756/2094/1825 3757/2093/1825 3760/2097/1825 3759/2098/1825
f 3757/2093/1825 3758/2096/1825 3761/2099/1825 3760/2097/1825
f 2476/1625/1826 2786/1624/1826 3753/2091/1826 3015/2084/1826
f 2786/1624/1826 2785/1623/1826 3754/2092/1826 3753/2091/1826
f 2785/1623/1826 2784/1622/1826 3755/2095/1826 3754/2092/1826
f 2784/1622/1826 2475/1178/1826 3018/1180/1826 3755/2095/1826
f 3755/2095/1824 3018/1180/1824 3019/1193/1824 3758/2096/1824
f 3758/2096/1825 3019/1193/1825 3020/1191/1825 3761/2099/1825
f 3761/2099/1827 3020/1191/1827 2444/1192/1827 2546/2100/1827
f 3760/2097/1827 3761/2099/1827 2546/2100/1827 2545/2101/1827
f 3759/2098/1827 3760/2097/1827 2545/2101/1827 2544/2102/1827
f 3017/2086/1827 3759/2098/1827 2544/2102/1827 2443/2087/1827
f 3016/2085/1825 3756/2094/1825 3759/2098/1825 3017/2086/1825
f 3015/2084/1824 3753/2091/1824 3756/2094/1824 3016/2085/1824
f 3762/2103/1828 3763/2104/1828 3766/2105/1828 3765/2106/1828
f 3763/2104/1829 3764/2107/1829 3767/2108/1829 3766/2105/1829
f 3765/2106/1830 3766/2105/1830 3769/2109/1830 3768/2110/1830
f 3766/2105/1831 3767/2108/1831 3770/2111/1831 3769/2109/1831
f 2440/1323/1832 2687/1416/1832 3762/2103/1832 2640/1324/1832
f 2687/1416/1833 2686/1415/1833 3763/2104/1833 3762/2103/1833
f 2686/1415/1834 2685/1413/1834 3764/2107/1834 3763/2104/1834
f 2685/1413/1835 2504/1412/1835 3021/2112/1835 3764/2107/1835
f 3764/2107/1836 3021/2112/1836 3022/2113/1836 3767/2108/1836
f 3767/2108/1837 3022/2113/1837 3023/2114/1837 3770/2111/1837
f 3770/2111/1838 3023/2114/1838 2505/1067/1838 2873/1065/1838
f 3769/2109/1839 3770/2111/1839 2873/1065/1839 2872/1064/1839
f 3768/2110/1840 3769/2109/1840 2872/1064/1840 2871/1063/1840
f 2642/1327/1841 3768/2110/1841 2871/1063/1841 2441/1062/1841
f 2641/1326/1842 3765/2106/1842 3768/2110/1842 2642/1327/1842
f 2640/1324/1843 3762/2103/1843 3765/2106/1843 2641/1326/1843
f 3771/2115/1844 3772/2116/1844 3775/2117/1844 3774/2118/1844
f 3772/2116/1845 3773/2119/1845 3776/2120/1845 3775/2117/1845
f 3774/2118/1846 3775/2117/1846 3778/2121/1846 3777/2122/1846
f 3775/2117/1847 3776/2120/1847 3779/2123/1847 3778/2121/1847
f 2505/1067/1848 3023/2114/1848 3771/2115/1848 3200/2124/1848
f 3023/2114/1849 3022/2113/1849 3772/2116/1849 3771/2115/1849
f 3022/2113/1850 3021/2112/1850 3773/2119/1850 3772/2116/1850
f 3021/2112/1851 2504/1412/1851 3195/2125/1851 3773/2119/1851
f 3773/2119/1852 3195/2125/1852 3196/2126/1852 3776/2120/1852
f 3776/2120/1853 3196/2126/1853 3197/2127/1853 3779/2123/1853
f 3779/2123/1854 3197/2127/1854 2524/2128/1854 3141/2129/1854
f 3778/2121/1855 3779/2123/1855 3141/2129/1855 3142/2130/1855
f 3777/2122/1856 3778/2121/1856 3142/2130/1856 3143/2131/1856
f 3198/2132/1857 3777/2122/1857 3143/2131/1857 2525/2133/1857
f 3199/2134/1858 3774/2118/1858 3777/2122/1858 3198/2132/1858
f 3200/2124/1859 3771/2115/1859 3774/2118/1859 3199/2134/1859
f 3780/2135/1860 3781/2136/1860 3784/2137/1860 3783/2138/1860
f 3781/2136/1861 3782/2139/1861 3785/2140/1861 3784/2137/1861
f 3783/2138/1862 3784/2137/1862 3787/2141/1862 3786/2142/1862
f 3784/2137/1863 3785/2140/1863 3788/2143/1863 3787/2141/1863
f 2503/1575/1864 2867/1574/1864 3780/2135/1864 3024/2144/1864
f 2867/1574/1865 2866/1573/1865 3781/2136/1865 3780/2135/1865
f 2866/1573/1866 2865/1572/1866 3782/2139/1866 3781/2136/1866
f 2865/1572/1867 2502/1555/1867 3027/2145/1867 3782/2139/1867
f 3782/2139/1868 3027/2145/1868 3028/2146/1868 3785/2140/1868
f 3785/2140/1869 3028/2146/1869 3029/2147/1869 3788/2143/1869
f 3788/2143/1870 3029/2147/1870 2507/2148/1870 2879/2149/1870
f 3787/2141/1871 3788/2143/1871 2879/2149/1871 2878/2150/1871
f 3786/2142/1872 3787/2141/1872 2878/2150/1872 2877/2151/1872
f 3026/2152/1873 3786/2142/1873 2877/2151/1873 2506/2153/1873
f 3025/2154/1874 3783/2138/1874 3786/2142/1874 3026/2152/1874
f 3024/2144/1875 3780/2135/1875 3783/2138/1875 3025/2154/1875
f 3789/2155/1876 3790/2156/1876 3793/2157/1876 3792/2158/1876
f 3790/2156/1877 3791/2159/1877 3794/2160/1877 3793/2157/1877
f 3792/2158/1878 3793/2157/1878 3796/2161/1878 3795/2162/1878
f 3793/2157/1879 3794/2160/1879 3797/2163/1879 3796/2161/1879
f 2497/1455/1880 3042/2164/1880 3789/2155/1880 3194/2165/1880
f 3042/2164/1881 3043/2166/1881 3790/2156/1881 3789/2155/1881
f 3043/2166/1882 3044/2167/1882 3791/2159/1882 3790/2156/1882
f 3044/2167/1883 2512/2168/1883 3189/2169/1883 3791/2159/1883
f 3791/2159/1884 3189/2169/1884 3190/2170/1884 3794/2160/1884
f 3794/2160/1885 3190/2170/1885 3191/2171/1885 3797/2163/1885
f 3797/2163/1886 3191/2171/1886 2532/2172/1886 3164/2173/1886
f 3796/2161/1887 3797/2163/1887 3164/2173/1887 3163/2174/1887
f 3795/2162/1888 3796/2161/1888 3163/2174/1888 3162/2175/1888
f 3192/2176/1889 3795/2162/1889 3162/2175/1889 2517/2177/1889
f 3193/2178/1890 3792/2158/1890 3795/2162/1890 3192/2176/1890
f 3194/2165/1891 3789/2155/1891 3792/2158/1891 3193/2178/1891
f 3798/2179/1892 3799/2180/1892 3802/2181/1892 3801/2182/1892
f 3799/2180/1893 3800/2183/1893 3803/2184/1893 3802/2181/1893
f 3801/2182/1894 3802/2181/1894 3805/2185/1894 3804/2186/1894
f 3802/2181/1895 3803/2184/1895 3806/2187/1895 3805/2185/1895
f 2501/1535/1896 2861/1534/1896 3798/2179/1896 3030/2188/1896
f 2861/1534/1897 2860/1533/1897 3799/2180/1897 3798/2179/1897
f 2860/1533/1898 2859/1532/1898 3800/2183/1898 3799/2180/1898
f 2859/1532/1899 2500/1515/1899 3033/2189/1899 3800/2183/1899
f 3800/2183/1900 3033/2189/1900 3034/2190/1900 3803/2184/1900
f 3803/2184/1901 3034/2190/1901 3035/2191/1901 3806/2187/1901
f 3806/2187/1902 3035/2191/1902 2509/2192/1902 2885/2193/1902
f 3805/2185/1903 3806/2187/1903 2885/2193/1903 2884/2194/1903
f 3804/2186/1904 3805/2185/1904 2884/2194/1904 2883/2195/1904
f 3032/2196/1905 3804/2186/1905 2883/2195/1905 2508/2197/1905
f 3031/2198/1906 3801/2182/1906 3804/2186/1906 3032/2196/1906
f 3030/2188/1907 3798/2179/1907 3801/2182/1907 3031/2198/1907
f 3807/2199/1908 3808/2200/1908 3811/2201/1908 3810/2202/1908
f 3808/2200/1909 3809/2203/1909 3812/2204/1909 3811/2201/1909
f 3810/2202/1910 3811/2201/1910 3814/2205/1910 3813/2206/1910
f 3811/2201/1911 3812/2204/1911 3815/2207/1911 3814/2205/1911
f 2510/2208/1912 2888/2209/1912 3807/2199/1912 3188/2210/1912
f 2888/2209/1913 2887/2211/1913 3808/2200/1913 3807/2199/1913
f 2887/2211/1914 2886/2212/1914 3809/2203/1914 3808/2200/1914
f 2886/2212/1915 2509/2192/1915 3183/2213/1915 3809/2203/1915
f 3809/2203/1916 3183/2213/1916 3184/2214/1916 3812/2204/1916
f 3812/2204/1917 3184/2214/1917 3185/2215/1917 3815/2207/1917
f 3815/2207/1918 3185/2215/1918 2529/2216/1918 3132/2217/1918
f 3814/2205/1919 3815/2207/1919 3132/2217/1919 3133/2218/1919
f 3813/2206/1920 3814/2205/1920 3133/2218/1920 3134/2219/1920
f 3186/2220/1921 3813/2206/1921 3134/2219/1921 2530/2221/1921
f 3187/2222/1922 3810/2202/1922 3813/2206/1922 3186/2220/1922
f 3188/2210/1923 3807/2199/1923 3810/2202/1923 3187/2222/1923
f 3816/2223/1924 3817/2224/1924 3820/2225/1924 3819/2226/1924
f 3817/2224/1925 3818/2227/1925 3821/2228/1925 3820/2225/1925
f 3819/2226/1926 3820/2225/1926 3823/2229/1926 3822/2230/1926
f 3820/2225/1927 3821/2228/1927 3824/2231/1927 3823/2229/1927
f 2499/1495/1928 2855/1494/1928 3816/2223/1928 3036/2232/1928
f 2855/1494/1929 2854/1493/1929 3817/2224/1929 3816/2223/1929
f 2854/1493/1930 2853/1492/1930 3818/2227/1930 3817/2224/1930
f 2853/1492/1931 2498/1475/1931 3039/2233/1931 3818/2227/1931
f 3818/2227/1932 3039/2233/1932 3040/2234/1932 3821/2228/1932
f 3821/2228/1933 3040/2234/1933 3041/2235/1933 3824/2231/1933
f 3824/2231/1934 3041/2235/1934 2511/2236/1934 2891/2237/1934
f 3823/2229/1935 3824/2231/1935 2891/2237/1935 2890/2238/1935
f 3822/2230/1936 3823/2229/1936 2890/2238/1936 2889/2239/1936
f 3038/2240/1937 3822/2230/1937 2889/2239/1937 2510/2208/1937
f 3037/2241/1938 3819/2226/1938 3822/2230/1938 3038/2240/1938
f 3036/2232/1939 3816/2223/1939 3819/2226/1939 3037/2241/1939
f 3825/2242/1940 3826/2243/1940 3829/2244/1940 3828/2245/1940
f 3826/2243/1941 3827/2246/1941 3830/2247/1941 3829/2244/1941
f 3828/2245/1942 3829/2244/1942 3832/2248/1942 3831/2249/1942
f 3829/2244/1943 3830/2247/1943 3833/2250/1943 3832/2248/1943
f 2502/1555/1944 2864/1554/1944 3825/2242/1944 3182/2251/1944
f 2864/1554/1945 2863/1553/1945 3826/2243/1945 3825/2242/1945
f 2863/1553/1946 2862/1552/1946 3827/2246/1946 3826/2243/1946
f 2862/1552/1947 2501/1535/1947 3177/2252/1947 3827/2246/1947
f 3827/2246/1948 3177/2252/1948 3178/2253/1948 3830/2247/1948
f 3830/2247/1949 3178/2253/1949 3179/2254/1949 3833/2250/1949
f 3833/2250/1950 3179/2254/1950 2521/2255/1950 3120/2256/1950
f 3832/2248/1951 3833/2250/1951 3120/2256/1951 3121/2257/1951
f 3831/2249/1952 3832/2248/1952 3121/2257/1952 3122/2258/1952
f 3180/2259/1953 3831/2249/1953 3122/2258/1953 2522/2260/1953
f 3181/2261/1954 3828/2245/1954 3831/2249/1954 3180/2259/1954
f 3182/2251/1955 3825/2242/1955 3828/2245/1955 3181/2261/1955
f 3834/2262/1956 3835/2263/1956 3838/2264/1956 3837/2265/1956
f 3835/2263/1957 3836/2266/1957 3839/2267/1957 3838/2264/1957
f 3837/2265/1958 3838/2264/1958 3841/2268/1958 3840/2269/1958
f 3838/2264/1959 3839/2267/1959 3842/2270/1959 3841/2268/1959
f 2497/1455/1960 2849/1454/1960 3834/2262/1960 3042/2164/1960
f 2849/1454/1961 2848/1453/1961 3835/2263/1961 3834/2262/1961
f 2848/1453/1962 2847/1452/1962 3836/2266/1962 3835/2263/1962
f 2847/1452/1963 2496/1435/1963 3045/2271/1963 3836/2266/1963
f 3836/2266/1964 3045/2271/1964 3046/2272/1964 3839/2267/1964
f 3839/2267/1965 3046/2272/1965 3047/2273/1965 3842/2270/1965
f 3842/2270/1966 3047/2273/1966 2513/2274/1966 2897/2275/1966
f 3841/2268/1967 3842/2270/1967 2897/2275/1967 2896/2276/1967
f 3840/2269/1968 3841/2268/1968 2896/2276/1968 2895/2277/1968
f 3044/2167/1969 3840/2269/1969 2895/2277/1969 2512/2168/1969
f 3043/2166/1970 3837/2265/1970 3840/2269/1970 3044/2167/1970
f 3042/2164/1971 3834/2262/1971 3837/2265/1971 3043/2166/1971
f 3843/2278/1972 3844/2279/1972 3847/2280/1972 3846/2281/1972
f 3844/2279/1973 3845/2282/1973 3848/2283/1973 3847/2280/1973
f 3846/2281/1974 3847/2280/1974 3850/2284/1974 3849/2285/1974
f 3847/2280/1975 3848/2283/1975 3851/2286/1975 3850/2284/1975
f 2511/2236/1976 3041/2235/1976 3843/2278/1976 3176/2287/1976
f 3041/2235/1977 3040/2234/1977 3844/2279/1977 3843/2278/1977
f 3040/2234/1978 3039/2233/1978 3845/2282/1978 3844/2279/1978
f 3039/2233/1979 2498/1475/1979 3171/2288/1979 3845/2282/1979
f 3845/2282/1980 3171/2288/1980 3172/2289/1980 3848/2283/1980
f 3848/2283/1981 3172/2289/1981 3173/2290/1981 3851/2286/1981
f 3851/2286/1982 3173/2290/1982 2518/2291/1982 3159/2292/1982
f 3850/2284/1983 3851/2286/1983 3159/2292/1983 3160/2293/1983
f 3849/2285/1984 3850/2284/1984 3160/2293/1984 3161/2294/1984
f 3174/2295/1985 3849/2285/1985 3161/2294/1985 2531/2296/1985
f 3175/2297/1986 3846/2281/1986 3849/2285/1986 3174/2295/1986
f 3176/2287/1987 3843/2278/1987 3846/2281/1987 3175/2297/1987
f 3852/2298/1988 3853/2299/1988 3856/2300/1988 3855/2301/1988
f 3853/2299/1989 3854/2302/1989 3857/2303/1989 3856/2300/1989
f 3855/2301/1990 3856/2300/1990 3859/2304/1990 3858/2305/1990
f 3856/2300/1991 3857/2303/1991 3860/2306/1991 3859/2304/1991
f 2413/2307/1992 2540/2308/1992 3852/2298/1992 2700/2309/1992
f 2540/2308/1993 2539/2310/1993 3853/2299/1993 3852/2298/1993
f 2539/2310/1994 2538/2311/1994 3854/2302/1994 3853/2299/1994
f 2538/2311/1995 2454/2312/1995 3051/2313/1995 3854/2302/1995
f 3854/2302/1996 3051/2313/1996 3052/2314/1996 3857/2303/1996
f 3857/2303/1997 3052/2314/1997 3053/2315/1997 3860/2306/1997
f 3860/2306/1998 3053/2315/1998 2465/1292/1998 2753/1290/1998
f 3859/2304/1999 3860/2306/1999 2753/1290/1999 2752/1289/1999
f 3858/2305/2000 3859/2304/2000 2752/1289/2000 2751/1288/2000
f 2702/2316/2001 3858/2305/2001 2751/1288/2001 2432/1287/2001
f 2701/2317/2002 3855/2301/2002 3858/2305/2002 2702/2316/2002
f 2700/2309/2003 3852/2298/2003 3855/2301/2003 2701/2317/2003
f 3861/2318/2004 3862/2319/2004 3865/2320/2004 3864/2321/2004
f 3862/2319/2004 3863/2322/2004 3866/2323/2004 3865/2320/2004
f 3864/2321/2005 3865/2320/2005 3868/2324/2005 3867/2325/2005
f 3865/2320/2005 3866/2323/2005 3869/2326/2005 3868/2324/2005
f 2454/2312/2006 2720/2327/2006 3861/2318/2006 3051/2313/2006
f 2720/2327/2006 2719/2328/2006 3862/2319/2006 3861/2318/2006
f 2719/2328/2006 2718/2329/2006 3863/2322/2006 3862/2319/2006
f 2718/2329/2006 2453/2330/2006 3054/2331/2006 3863/2322/2006
f 3863/2322/2004 3054/2331/2004 3055/2332/2004 3866/2323/2004
f 3866/2323/2005 3055/2332/2005 3056/2333/2005 3869/2326/2005
f 3869/2326/2007 3056/2333/2007 2466/1924/2007 2756/1942/2007
f 3868/2324/2007 3869/2326/2007 2756/1942/2007 2755/1941/2007
f 3867/2325/2007 3868/2324/2007 2755/1941/2007 2754/1940/2007
f 3053/2315/2007 3867/2325/2007 2754/1940/2007 2465/1292/2007
f 3052/2314/2005 3864/2321/2005 3867/2325/2005 3053/2315/2005
f 3051/2313/2004 3861/2318/2004 3864/2321/2004 3052/2314/2004
f 3870/2334/2004 3871/2335/2004 3874/2336/2004 3873/2337/2004
f 3871/2335/2004 3872/2338/2004 3875/2339/2004 3874/2336/2004
f 3873/2337/2005 3874/2336/2005 3877/2340/2005 3876/2341/2005
f 3874/2336/2005 3875/2339/2005 3878/2342/2005 3877/2340/2005
f 2453/2330/2006 2717/2343/2006 3870/2334/2006 3054/2331/2006
f 2717/2343/2006 2716/2344/2006 3871/2335/2006 3870/2334/2006
f 2716/2344/2006 2715/2345/2006 3872/2338/2006 3871/2335/2006
f 2715/2345/2006 2452/2346/2006 3057/2347/2006 3872/2338/2006
f 3872/2338/2004 3057/2347/2004 3058/2348/2004 3875/2339/2004
f 3875/2339/2005 3058/2348/2005 3059/2349/2005 3878/2342/2005
f 3878/2342/2007 3059/2349/2007 2467/1904/2007 2759/1927/2007
f 3877/2340/2007 3878/2342/2007 2759/1927/2007 2758/1926/2007
f 3876/2341/2007 3877/2340/2007 2758/1926/2007 2757/1925/2007
f 3056/2333/2007 3876/2341/2007 2757/1925/2007 2466/1924/2007
f 3055/2332/2005 3873/2337/2005 3876/2341/2005 3056/2333/2005
f 3054/2331/2004 3870/2334/2004 3873/2337/2004 3055/2332/2004
f 3879/2350/2004 3880/2351/2004 3883/2352/2004 3882/2353/2004
f 3880/2351/2004 3881/2354/2004 3884/2355/2004 3883/2352/2004
f 3882/2353/2005 3883/2352/2005 3886/2356/2005 3885/2357/2005
f 3883/2352/2005 3884/2355/2005 3887/2358/2005 3886/2356/2005
f 2452/2346/2006 2552/2359/2006 3879/2350/2006 3057/2347/2006
f 2552/2359/2006 2551/2360/2006 3880/2351/2006 3879/2350/2006
f 2551/2360/2006 2550/2361/2006 3881/2354/2006 3880/2351/2006
f 2550/2361/2006 2451/2362/2006 3060/2363/2006 3881/2354/2006
f 3881/2354/2004 3060/2363/2004 3061/2364/2004 3884/2355/2004
f 3884/2355/2005 3061/2364/2005 3062/2365/2005 3887/2358/2005
f 3887/2358/2007 3062/2365/2007 2468/1884/2007 2762/1907/2007
f 3886/2356/2007 3887/2358/2007 2762/1907/2007 2761/1906/2007
f 3885/2357/2007 3886/2356/2007 2761/1906/2007 2760/1905/2007
f 3059/2349/2007 3885/2357/2007 2760/1905/2007 2467/1904/2007
f 3058/2348/2005 3882/2353/2005 3885/2357/2005 3059/2349/2005
f 3057/2347/2004 3879/2350/2004 3882/2353/2004 3058/2348/2004
f 3888/2366/2004 3889/2367/2004 3892/2368/2004 3891/2369/2004
f 3889/2367/2004 3890/2370/2004 3893/2371/2004 3892/2368/2004
f 3891/2369/2005 3892/2368/2005 3895/2372/2005 3894/2373/2005
f 3892/2368/2005 3893/2371/2005 3896/2374/2005 3895/2372/2005
f 2451/2362/2006 2555/2375/2006 3888/2366/2006 3060/2363/2006
f 2555/2375/2006 2554/2376/2006 3889/2367/2006 3888/2366/2006
f 2554/2376/2006 2553/2377/2006 3890/2370/2006 3889/2367/2006
f 2553/2377/2006 2450/2378/2006 3063/2379/2006 3890/2370/2006
f 3890/2370/2004 3063/2379/2004 3064/2380/2004 3893/2371/2004
f 3893/2371/2005 3064/2380/2005 3065/2381/2005 3896/2374/2005
f 3896/2374/2007 3065/2381/2007 2469/1864/2007 2765/1887/2007
f 3895/2372/2007 3896/2374/2007 2765/1887/2007 2764/1886/2007
f 3894/2373/2007 3895/2372/2007 2764/1886/2007 2763/1885/2007
f 3062/2365/2007 3894/2373/2007 2763/1885/2007 2468/1884/2007
f 3061/2364/2005 3891/2369/2005 3894/2373/2005 3062/2365/2005
f 3060/2363/2004 3888/2366/2004 3891/2369/2004 3061/2364/2004
f 3897/2382/2004 3898/2383/2004 3901/2384/2004 3900/2385/2004
f 3898/2383/2004 3899/2386/2004 3902/2387/2004 3901/2384/2004
f 3900/2385/2005 3901/2384/2005 3904/2388/2005 3903/2389/2005
f 3901/2384/2005 3902/2387/2005 3905/2390/2005 3904/2388/2005
f 2450/2378/2006 2594/2391/2006 3897/2382/2006 3063/2379/2006
f 2594/2391/2006 2593/2392/2006 3898/2383/2006 3897/2382/2006
f 2593/2392/2006 2592/2393/2006 3899/2386/2006 3898/2383/2006
f 2592/2393/2006 2449/2394/2006 3066/2395/2006 3899/2386/2006
f 3899/2386/2004 3066/2395/2004 3067/2396/2004 3902/2387/2004
f 3902/2387/2005 3067/2396/2005 3068/2397/2005 3905/2390/2005
f 3905/2390/2007 3068/2397/2007 2470/1844/2007 2768/1867/2007
f 3904/2388/2007 3905/2390/2007 2768/1867/2007 2767/1866/2007
f 3903/2389/2007 3904/2388/2007 2767/1866/2007 2766/1865/2007
f 3065/2381/2007 3903/2389/2007 2766/1865/2007 2469/1864/2007
f 3064/2380/2005 3900/2385/2005 3903/2389/2005 3065/2381/2005
f 3063/2379/2004 3897/2382/2004 3900/2385/2004 3064/2380/2004
f 3906/2398/2004 3907/2399/2004 3910/2400/2004 3909/2401/2004
f 3907/2399/2004 3908/2402/2004 3911/2403/2004 3910/2400/2004
f 3909/2401/2005 3910/2400/2005 3913/2404/2005 3912/2405/2005
f 3910/2400/2005 3911/2403/2005 3914/2406/2005 3913/2404/2005
f 2449/2394/2006 2558/2407/2006 3906/2398/2006 3066/2395/2006
f 2558/2407/2006 2557/2408/2006 3907/2399/2006 3906/2398/2006
f 2557/2408/2006 2556/2409/2006 3908/2402/2006 3907/2399/2006
f 2556/2409/2006 2448/2410/2006 3069/2411/2006 3908/2402/2006
f 3908/2402/2004 3069/2411/2004 3070/2412/2004 3911/2403/2004
f 3911/2403/2005 3070/2412/2005 3071/2413/2005 3914/2406/2005
f 3914/2406/2007 3071/2413/2007 2471/1824/2007 2771/1847/2007
f 3913/2404/2007 3914/2406/2007 2771/1847/2007 2770/1846/2007
f 3912/2405/2007 3913/2404/2007 2770/1846/2007 2769/1845/2007
f 3068/2397/2007 3912/2405/2007 2769/1845/2007 2470/1844/2007
f 3067/2396/2005 3909/2401/2005 3912/2405/2005 3068/2397/2005
f 3066/2395/2004 3906/2398/2004 3909/2401/2004 3067/2396/2004
f 3915/2414/2004 3916/2415/2004 3919/2416/2004 3918/2417/2004
f 3916/2415/2004 3917/2418/2004 3920/2419/2004 3919/2416/2004
f 3918/2417/2005 3919/2416/2005 3922/2420/2005 3921/2421/2005
f 3919/2416/2005 3920/2419/2005 3923/2422/2005 3922/2420/2005
f 2448/2410/2006 2609/2423/2006 3915/2414/2006 3069/2411/2006
f 2609/2423/2006 2608/2424/2006 3916/2415/2006 3915/2414/2006
f 2608/2424/2006 2607/2425/2006 3917/2418/2006 3916/2415/2006
f 2607/2425/2006 2447/2426/2006 3072/2427/2006 3917/2418/2006
f 3917/2418/2004 3072/2427/2004 3073/2428/2004 3920/2419/2004
f 3920/2419/2005 3073/2428/2005 3074/2429/2005 3923/2422/2005
f 3923/2422/2007 3074/2429/2007 2472/1804/2007 2774/1827/2007
f 3922/2420/2007 3923/2422/2007 2774/1827/2007 2773/1826/2007
f 3921/2421/2007 3922/2420/2007 2773/1826/2007 2772/1825/2007
f 3071/2413/2007 3921/2421/2007 2772/1825/2007 2471/1824/2007
f 3070/2412/2005 3918/2417/2005 3921/2421/2005 3071/2413/2005
f 3069/2411/2004 3915/2414/2004 3918/2417/2004 3070/2412/2004
f 3924/2430/2004 3925/2431/2004 3928/2432/2004 3927/2433/2004
f 3925/2431/2004 3926/2434/2004 3929/2435/2004 3928/2432/2004
f 3927/2433/2005 3928/2432/2005 3931/2436/2005 3930/2437/2005
f 3928/2432/2005 3929/2435/2005 3932/2438/2005 3931/2436/2005
f 2447/2426/2006 2543/2439/2006 3924/2430/2006 3072/2427/2006
f 2543/2439/2006 2542/2440/2006 3925/2431/2006 3924/2430/2006
f 2542/2440/2006 2541/2441/2006 3926/2434/2006 3925/2431/2006
f 2541/2441/2006 2446/2442/2006 3075/2443/2006 3926/2434/2006
f 3926/2434/2004 3075/2443/2004 3076/2444/2004 3929/2435/2004
f 3929/2435/2005 3076/2444/2005 3077/2445/2005 3932/2438/2005
f 3932/2438/2007 3077/2445/2007 2473/1784/2007 2777/1807/2007
f 3931/2436/2007 3932/2438/2007 2777/1807/2007 2776/1806/2007
f 3930/2437/2007 3931/2436/2007 2776/1806/2007 2775/1805/2007
f 3074/2429/2007 3930/2437/2007 2775/1805/2007 2472/1804/2007
f 3073/2428/2005 3927/2433/2005 3930/2437/2005 3074/2429/2005
f 3072/2427/2004 3924/2430/2004 3927/2433/2004 3073/2428/2004
f 3933/2446/2004 3934/2447/2004 3937/2448/2004 3936/2449/2004
f 3934/2447/2004 3935/2450/2004 3938/2451/2004 3937/2448/2004
f 3936/2449/2005 3937/2448/2005 3940/2452/2005 3939/2453/2005
f 3937/2448/2005 3938/2451/2005 3941/2454/2005 3940/2452/2005
f 2446/2442/2006 2549/2455/2006 3933/2446/2006 3075/2443/2006
f 2549/2455/2006 2548/2456/2006 3934/2447/2006 3933/2446/2006
f 2548/2456/2006 2547/2457/2006 3935/2450/2006 3934/2447/2006
f 2547/2457/2006 2445/1103/2006 3078/1105/2006 3935/2450/2006
f 3935/2450/2004 3078/1105/2004 3079/1118/2004 3938/2451/2004
f 3938/2451/2005 3079/1118/2005 3080/1116/2005 3941/2454/2005
f 3941/2454/2007 3080/1116/2007 2474/1117/2007 2780/1787/2007
f 3940/2452/2007 3941/2454/2007 2780/1787/2007 2779/1786/2007
f 3939/2453/2007 3940/2452/2007 2779/1786/2007 2778/1785/2007
f 3077/2445/2007 3939/2453/2007 2778/1785/2007 2473/1784/2007
f 3076/2444/2005 3936/2449/2005 3939/2453/2005 3077/2445/2005
f 3075/2443/2004 3933/2446/2004 3936/2449/2004 3076/2444/2004
f 3942/2458/2008 3943/2459/2008 3946/2460/2008 3945/2461/2008
f 3943/2459/2009 3944/2462/2009 3947/2463/2009 3946/2460/2009
f 3945/2461/2010 3946/2460/2010 3949/2464/2010 3948/2465/2010
f 3946/2460/2011 3947/2463/2011 3950/2466/2011 3949/2464/2011
f 2431/1283/2012 2618/1282/2012 3942/2458/2012 2667/1369/2012
f 2618/1282/2013 2617/1281/2013 3943/2459/2013 3942/2458/2013
f 2617/1281/2014 2616/1279/2014 3944/2462/2014 3943/2459/2014
f 2616/1279/2015 2464/1278/2015 3081/2467/2015 3944/2462/2015
f 3944/2462/2016 3081/2467/2016 3082/2468/2016 3947/2463/2016
f 3947/2463/2017 3082/2468/2017 3083/2469/2017 3950/2466/2017
f 3950/2466/2018 3083/2469/2018 2514/1167/2018 2709/1165/2018
f 3949/2464/2019 3950/2466/2019 2709/1165/2019 2710/1164/2019
f 3948/2465/2020 3949/2464/2020 2710/1164/2020 2711/1163/2020
f 2669/1372/2021 3948/2465/2021 2711/1163/2021 2436/1162/2021
f 2668/1371/2022 3945/2461/2022 3948/2465/2022 2669/1372/2022
f 2667/1369/2023 3942/2458/2023 3945/2461/2023 2668/1371/2023
f 3951/2470/2024 3952/2471/2024 3955/2472/2024 3954/2473/2024
f 3952/2471/2025 3953/2474/2025 3956/2475/2025 3955/2472/2025
f 3954/2473/2026 3955/2472/2026 3958/2476/2026 3957/2477/2026
f 3955/2472/2027 3956/2475/2027 3959/2478/2027 3958/2476/2027
f 2464/1278/2028 2750/1939/2028 3951/2470/2028 3081/2467/2028
f 2750/1939/2029 2749/1938/2029 3952/2471/2029 3951/2470/2029
f 2749/1938/2030 2748/1937/2030 3953/2474/2030 3952/2471/2030
f 2748/1937/2031 2463/1920/2031 3084/2479/2031 3953/2474/2031
f 3953/2474/2032 3084/2479/2032 3085/2480/2032 3956/2475/2032
f 3956/2475/2033 3085/2480/2033 3086/2481/2033 3959/2478/2033
f 3959/2478/2034 3086/2481/2034 2513/2274/2034 2898/2482/2034
f 3958/2476/2035 3959/2478/2035 2898/2482/2035 2899/2483/2035
f 3957/2477/2036 3958/2476/2036 2899/2483/2036 2900/2484/2036
f 3083/2469/2037 3957/2477/2037 2900/2484/2037 2514/1167/2037
f 3082/2468/2038 3954/2473/2038 3957/2477/2038 3083/2469/2038
f 3081/2467/2039 3951/2470/2039 3954/2473/2039 3082/2468/2039
f 3960/2485/2040 3961/2486/2040 3964/2487/2040 3963/2488/2040
f 3961/2486/2041 3962/2489/2041 3965/2490/2041 3964/2487/2041
f 3963/2488/2042 3964/2487/2042 3967/2491/2042 3966/2492/2042
f 3964/2487/2043 3965/2490/2043 3968/2493/2043 3967/2491/2043
f 2463/1920/2044 2747/1919/2044 3960/2485/2044 3084/2479/2044
f 2747/1919/2045 2746/1918/2045 3961/2486/2045 3960/2485/2045
f 2746/1918/2046 2745/1917/2046 3962/2489/2046 3961/2486/2046
f 2745/1917/2047 2462/1900/2047 3087/2494/2047 3962/2489/2047
f 3962/2489/2048 3087/2494/2048 3088/2495/2048 3965/2490/2048
f 3965/2490/2049 3088/2495/2049 3089/2496/2049 3968/2493/2049
f 3968/2493/2050 3089/2496/2050 2512/2168/2050 2895/2277/2050
f 3967/2491/2051 3968/2493/2051 2895/2277/2051 2896/2276/2051
f 3966/2492/2052 3967/2491/2052 2896/2276/2052 2897/2275/2052
f 3086/2481/2053 3966/2492/2053 2897/2275/2053 2513/2274/2053
f 3085/2480/2054 3963/2488/2054 3966/2492/2054 3086/2481/2054
f 3084/2479/2055 3960/2485/2055 3963/2488/2055 3085/2480/2055
f 3969/2497/2056 3970/2498/2056 3973/2499/2056 3972/2500/2056
f 3970/2498/2057 3971/2501/2057 3974/2502/2057 3973/2499/2057
f 3972/2500/2058 3973/2499/2058 3976/2503/2058 3975/2504/2058
f 3973/2499/2059 3974/2502/2059 3977/2505/2059 3976/2503/2059
f 2462/1900/2060 2744/1899/2060 3969/2497/2060 3087/2494/2060
f 2744/1899/2061 2743/1898/2061 3970/2498/2061 3969/2497/2061
f 2743/1898/2030 2742/1897/2030 3971/2501/2030 3970/2498/2030
f 2742/1897/2062 2461/1880/2062 3090/2506/2062 3971/2501/2062
f 3971/2501/2032 3090/2506/2032 3091/2507/2032 3974/2502/2032
f 3974/2502/2063 3091/2507/2063 3092/2508/2063 3977/2505/2063
f 3977/2505/2064 3092/2508/2064 2511/2236/2064 2892/2509/2064
f 3976/2503/2065 3977/2505/2065 2892/2509/2065 2893/2510/2065
f 3975/2504/2066 3976/2503/2066 2893/2510/2066 2894/2511/2066
f 3089/2496/2067 3975/2504/2067 2894/2511/2067 2512/2168/2067
f 3088/2495/2068 3972/2500/2068 3975/2504/2068 3089/2496/2068
f 3087/2494/2039 3969/2497/2039 3972/2500/2039 3088/2495/2039
f 3978/2512/2069 3979/2513/2069 3982/2514/2069 3981/2515/2069
f 3979/2513/2070 3980/2516/2070 3983/2517/2070 3982/2514/2070
f 3981/2515/2071 3982/2514/2071 3985/2518/2071 3984/2519/2071
f 3982/2514/2072 3983/2517/2072 3986/2520/2072 3985/2518/2072
f 2461/1880/2044 2741/1879/2044 3978/2512/2044 3090/2506/2044
f 2741/1879/2045 2740/1878/2045 3979/2513/2045 3978/2512/2045
f 2740/1878/2046 2739/1877/2046 3980/2516/2046 3979/2513/2046
f 2739/1877/2047 2460/1860/2047 3093/2521/2047 3980/2516/2047
f 3980/2516/2073 3093/2521/2073 3094/2522/2073 3983/2517/2073
f 3983/2517/2074 3094/2522/2074 3095/2523/2074 3986/2520/2074
f 3986/2520/2075 3095/2523/2075 2510/2208/2075 2889/2239/2075
f 3985/2518/2076 3986/2520/2076 2889/2239/2076 2890/2238/2076
f 3984/2519/2077 3985/2518/2077 2890/2238/2077 2891/2237/2077
f 3092/2508/2078 3984/2519/2078 2891/2237/2078 2511/2236/2078
f 3091/2507/2079 3981/2515/2079 3984/2519/2079 3092/2508/2079
f 3090/2506/2080 3978/2512/2080 3981/2515/2080 3091/2507/2080
f 3987/2524/2081 3988/2525/2081 3991/2526/2081 3990/2527/2081
f 3988/2525/2082 3989/2528/2082 3992/2529/2082 3991/2526/2082
f 3990/2527/2083 3991/2526/2083 3994/2530/2083 3993/2531/2083
f 3991/2526/2084 3992/2529/2084 3995/2532/2084 3994/2530/2084
f 2460/1860/2085 2738/1859/2085 3987/2524/2085 3093/2521/2085
f 2738/1859/2086 2737/1858/2086 3988/2525/2086 3987/2524/2086
f 2737/1858/2087 2736/1857/2087 3989/2528/2087 3988/2525/2087
f 2736/1857/2088 2459/1840/2088 3096/2533/2088 3989/2528/2088
f 3989/2528/2089 3096/2533/2089 3097/2534/2089 3992/2529/2089
f 3992/2529/2090 3097/2534/2090 3098/2535/2090 3995/2532/2090
f 3995/2532/2091 3098/2535/2091 2509/2192/2091 2886/2212/2091
f 3994/2530/2092 3995/2532/2092 2886/2212/2092 2887/2211/2092
f 3993/2531/2093 3994/2530/2093 2887/2211/2093 2888/2209/2093
f 3095/2523/2094 3993/2531/2094 2888/2209/2094 2510/2208/2094
f 3094/2522/2095 3990/2527/2095 3993/2531/2095 3095/2523/2095
f 3093/2521/2039 3987/2524/2039 3990/2527/2039 3094/2522/2039
f 3996/2536/2096 3997/2537/2096 4000/2538/2096 3999/2539/2096
f 3997/2537/2097 3998/2540/2097 4001/2541/2097 4000/2538/2097
f 3999/2539/2098 4000/2538/2098 4003/2542/2098 4002/2543/2098
f 4000/2538/2099 4001/2541/2099 4004/2544/2099 4003/2542/2099
f 2459/1840/2100 2735/1839/2100 3996/2536/2100 3096/2533/2100
f 2735/1839/2045 2734/1838/2045 3997/2537/2045 3996/2536/2045
f 2734/1838/2101 2733/1837/2101 3998/2540/2101 3997/2537/2101
f 2733/1837/2102 2458/1820/2102 3099/2545/2102 3998/2540/2102
f 3998/2540/2103 3099/2545/2103 3100/2546/2103 4001/2541/2103
f 4001/2541/2104 3100/2546/2104 3101/2547/2104 4004/2544/2104
f 4004/2544/2105 3101/2547/2105 2508/2197/2105 2883/2195/2105
f 4003/2542/2106 4004/2544/2106 2883/2195/2106 2884/2194/2106
f 4002/2543/2107 4003/2542/2107 2884/2194/2107 2885/2193/2107
f 3098/2535/2108 4002/2543/2108 2885/2193/2108 2509/2192/2108
f 3097/2534/2109 3999/2539/2109 4002/2543/2109 3098/2535/2109
f 3096/2533/2110 3996/2536/2110 3999/2539/2110 3097/2534/2110
f 4005/2548/2111 4006/2549/2111 4009/2550/2111 4008/2551/2111
f 4006/2549/2112 4007/2552/2112 4010/2553/2112 4009/2550/2112
f 4008/2551/2113 4009/2550/2113 4012/2554/2113 4011/2555/2113
f 4009/2550/2114 4010/2553/2114 4013/2556/2114 4012/2554/2114
f 2458/1820/2115 2732/1819/2115 4005/2548/2115 3099/2545/2115
f 2732/1819/2116 2731/1818/2116 4006/2549/2116 4005/2548/2116
f 2731/1818/2117 2730/1817/2117 4007/2552/2117 4006/2549/2117
f 2730/1817/2118 2457/1800/2118 3102/2557/2118 4007/2552/2118
f 4007/2552/2089 3102/2557/2089 3103/2558/2089 4010/2553/2089
f 4010/2553/2119 3103/2558/2119 3104/2559/2119 4013/2556/2119
f 4013/2556/2120 3104/2559/2120 2507/2148/2120 2880/2560/2120
f 4012/2554/2121 4013/2556/2121 2880/2560/2121 2881/2561/2121
f 4011/2555/2122 4012/2554/2122 2881/2561/2122 2882/2562/2122
f 3101/2547/2123 4011/2555/2123 2882/2562/2123 2508/2197/2123
f 3100/2546/2124 4008/2551/2124 4011/2555/2124 3101/2547/2124
f 3099/2545/2125 4005/2548/2125 4008/2551/2125 3100/2546/2125
f 4014/2563/2126 4015/2564/2126 4018/2565/2126 4017/2566/2126
f 4015/2564/2127 4016/2567/2127 4019/2568/2127 4018/2565/2127
f 4017/2566/2128 4018/2565/2128 4021/2569/2128 4020/2570/2128
f 4018/2565/2129 4019/2568/2129 4022/2571/2129 4021/2569/2129
f 2457/1800/2100 2729/1799/2100 4014/2563/2100 3102/2557/2100
f 2729/1799/2130 2728/1798/2130 4015/2564/2130 4014/2563/2130
f 2728/1798/2101 2727/1797/2101 4016/2567/2101 4015/2564/2101
f 2727/1797/2102 2456/1780/2102 3105/2572/2102 4016/2567/2102
f 4016/2567/2131 3105/2572/2131 3106/2573/2131 4019/2568/2131
f 4019/2568/2132 3106/2573/2132 3107/2574/2132 4022/2571/2132
f 4022/2571/2133 3107/2574/2133 2506/2153/2133 2877/2151/2133
f 4021/2569/2134 4022/2571/2134 2877/2151/2134 2878/2150/2134
f 4020/2570/2135 4021/2569/2135 2878/2150/2135 2879/2149/2135
f 3104/2559/2136 4020/2570/2136 2879/2149/2136 2507/2148/2136
f 3103/2558/2137 4017/2566/2137 4020/2570/2137 3104/2559/2137
f 3102/2557/2138 4014/2563/2138 4017/2566/2138 3103/2558/2138
f 4023/2575/2139 4024/2576/2139 4027/2577/2139 4026/2578/2139
f 4024/2576/2140 4025/2579/2140 4028/2580/2140 4027/2577/2140
f 4026/2578/2141 4027/2577/2141 4030/2581/2141 4029/2582/2141
f 4027/2577/2142 4028/2580/2142 4031/2583/2142 4030/2581/2142
f 2456/1780/2143 2726/1779/2143 4023/2575/2143 3105/2572/2143
f 2726/1779/2116 2725/1778/2116 4024/2576/2116 4023/2575/2116
f 2725/1778/2144 2724/1777/2144 4025/2579/2144 4024/2576/2144
f 2724/1777/2145 2455/1053/2145 3108/1055/2145 4025/2579/2145
f 4025/2579/2089 3108/1055/2089 3109/1068/2089 4028/2580/2089
f 4028/2580/2146 3109/1068/2146 3110/1066/2146 4031/2583/2146
f 4031/2583/2147 3110/1066/2147 2505/1067/2147 2874/2584/2147
f 4030/2581/2148 4031/2583/2148 2874/2584/2148 2875/2585/2148
f 4029/2582/2149 4030/2581/2149 2875/2585/2149 2876/2586/2149
f 3107/2574/2150 4029/2582/2150 2876/2586/2150 2506/2153/2150
f 3106/2573/2151 4026/2578/2151 4029/2582/2151 3107/2574/2151
f 3105/2572/2125 4023/2575/2125 4026/2578/2125 3106/2573/2125
f 4032/2587/2152 4033/2588/2152 4036/2589/2152 4035/2590/2152
f 4033/2588/2153 4034/2591/2153 4037/2592/2153 4036/2589/2153
f 4035/2590/2154 4036/2589/2154 4039/2593/2154 4038/2594/2154
f 4036/2589/2155 4037/2592/2155 4040/2595/2155 4039/2593/2155
f 2524/2128/2156 3125/2596/2156 4032/2587/2156 3141/2129/2156
f 3125/2596/2157 3124/2597/2157 4033/2588/2157 4032/2587/2157
f 3124/2597/2158 3123/2598/2158 4034/2591/2158 4033/2588/2158
f 3123/2598/2159 2523/2599/2159 3144/2600/2159 4034/2591/2159
f 4034/2591/2160 3144/2600/2160 3145/2601/2160 4037/2592/2160
f 4037/2592/2161 3145/2601/2161 3146/2602/2161 4040/2595/2161
f 4040/2595/2162 3146/2602/2162 2526/2603/2162 3128/2604/2162
f 4039/2593/2163 4040/2595/2163 3128/2604/2163 3127/2605/2163
f 4038/2594/2164 4039/2593/2164 3127/2605/2164 3126/2606/2164
f 3143/2131/2165 4038/2594/2165 3126/2606/2165 2525/2133/2165
f 3142/2130/2166 4035/2590/2166 4038/2594/2166 3143/2131/2166
f 3141/2129/2167 4032/2587/2167 4035/2590/2167 3142/2130/2167
f 4041/2607/2152 4042/2608/2152 4045/2609/2152 4044/2610/2152
f 4042/2608/2153 4043/2611/2153 4046/2612/2153 4045/2609/2153
f 4044/2610/2154 4045/2609/2154 4048/2613/2154 4047/2614/2154
f 4045/2609/2155 4046/2612/2155 4049/2615/2155 4048/2613/2155
f 2522/2260/2156 3122/2258/2156 4041/2607/2156 3147/2616/2156
f 3122/2258/2157 3121/2257/2157 4042/2608/2157 4041/2607/2157
f 3121/2257/2158 3120/2256/2158 4043/2611/2158 4042/2608/2158
f 3120/2256/2159 2521/2255/2159 3150/2617/2159 4043/2611/2159
f 4043/2611/2160 3150/2617/2160 3151/2618/2160 4046/2612/2160
f 4046/2612/2161 3151/2618/2161 3152/2619/2161 4049/2615/2161
f 4049/2615/2162 3152/2619/2162 2528/2620/2162 3131/2621/2162
f 4048/2613/2163 4049/2615/2163 3131/2621/2163 3130/2622/2163
f 4047/2614/2164 4048/2613/2164 3130/2622/2164 3129/2623/2164
f 3149/2624/2165 4047/2614/2165 3129/2623/2165 2527/2625/2165
f 3148/2626/2168 4044/2610/2168 4047/2614/2168 3149/2624/2168
f 3147/2616/2167 4041/2607/2167 4044/2610/2167 3148/2626/2167
f 4050/2627/2152 4051/2628/2152 4054/2629/2152 4053/2630/2152
f 4051/2628/2153 4052/2631/2153 4055/2632/2153 4054/2629/2153
f 4053/2630/2154 4054/2629/2154 4057/2633/2154 4056/2634/2154
f 4054/2629/2155 4055/2632/2155 4058/2635/2155 4057/2633/2155
f 2520/2636/2156 3119/2637/2156 4050/2627/2156 3153/2638/2156
f 3119/2637/2157 3118/2639/2157 4051/2628/2157 4050/2627/2157
f 3118/2639/2158 3117/2640/2158 4052/2631/2158 4051/2628/2158
f 3117/2640/2159 2519/2641/2159 3156/2642/2159 4052/2631/2159
f 4052/2631/2160 3156/2642/2160 3157/2643/2160 4055/2632/2160
f 4055/2632/2161 3157/2643/2161 3158/2644/2161 4058/2635/2161
f 4058/2635/2162 3158/2644/2162 2530/2221/2162 3134/2219/2162
f 4057/2633/2163 4058/2635/2163 3134/2219/2163 3133/2218/2163
f 4056/2634/2164 4057/2633/2164 3133/2218/2164 3132/2217/2164
f 3155/2645/2165 4056/2634/2165 3132/2217/2165 2529/2216/2165
f 3154/2646/2166 4053/2630/2166 4056/2634/2166 3155/2645/2166
f 3153/2638/2169 4050/2627/2169 4053/2630/2169 3154/2646/2169
f 4059/2647/2152 4060/2648/2152 4063/2649/2152 4062/2650/2152
f 4060/2648/2153 4061/2651/2153 4064/2652/2153 4063/2649/2153
f 4062/2650/2154 4063/2649/2154 4066/2653/2154 4065/2654/2154
f 4063/2649/2155 4064/2652/2155 4067/2655/2155 4066/2653/2155
f 2518/2291/2156 3116/2656/2156 4059/2647/2156 3159/2292/2156
f 3116/2656/2157 3115/2657/2157 4060/2648/2157 4059/2647/2157
f 3115/2657/2158 3114/2658/2158 4061/2651/2158 4060/2648/2158
f 3114/2658/2159 2517/2177/2159 3162/2175/2159 4061/2651/2159
f 4061/2651/2170 3162/2175/2170 3163/2174/2170 4064/2652/2170
f 4064/2652/2161 3163/2174/2161 3164/2173/2161 4067/2655/2161
f 4067/2655/2162 3164/2173/2162 2532/2172/2162 3137/2659/2162
f 4066/2653/2163 4067/2655/2163 3137/2659/2163 3136/2660/2163
f 4065/2654/2164 4066/2653/2164 3136/2660/2164 3135/2661/2164
f 3161/2294/2165 4065/2654/2165 3135/2661/2165 2531/2296/2165
f 3160/2293/2166 4062/2650/2166 4065/2654/2166 3161/2294/2166
f 3159/2292/2169 4059/2647/2169 4062/2650/2169 3160/2293/2169
f 4068/2662/2152 4069/2663/2152 4072/2664/2152 4071/2665/2152
f 4069/2663/2153 4070/2666/2153 4073/2667/2153 4072/2664/2153
f 4071/2665/2154 4072/2664/2154 4075/2668/2154 4074/2669/2154
f 4072/2664/2155 4073/2667/2155 4076/2670/2155 4075/2668/2155
f 2516/2671/2156 3113/2672/2156 4068/2662/2156 3165/2673/2156
f 3113/2672/2157 3112/2674/2157 4069/2663/2157 4068/2662/2157
f 3112/2674/2158 3111/2675/2158 4070/2666/2158 4069/2663/2158
f 3111/2675/2159 2515/2676/2159 3168/2677/2159 4070/2666/2159
f 4070/2666/2160 3168/2677/2160 3169/2678/2160 4073/2667/2160
f 4073/2667/2161 3169/2678/2161 3170/2679/2161 4076/2670/2161
f 4076/2670/2162 3170/2679/2162 2534/2680/2162 3140/2681/2162
f 4075/2668/2163 4076/2670/2163 3140/2681/2163 3139/2682/2163
f 4074/2669/2164 4075/2668/2164 3139/2682/2164 3138/2683/2164
f 3167/2684/2165 4074/2669/2165 3138/2683/2165 2533/2685/2165
f 3166/2686/2166 4071/2665/2166 4074/2669/2166 3167/2684/2166
f 3165/2673/2167 4068/2662/2167 4071/2665/2167 3166/2686/2167
f 4077/2687/2171 4078/2688/2171 4081/2689/2171 4080/2690/2171
f 4078/2688/2172 4079/2691/2172 4082/2692/2172 4081/2689/2172
f 4080/2690/2173 4081/2689/2173 4084/2693/2173 4083/2694/2173
f 4081/2689/2174 4082/2692/2174 4085/2695/2174 4084/2693/2174
f 2496/1435/2175 2846/1434/2175 4077/2687/2175 3206/2696/2175
f 2846/1434/2176 2845/1433/2176 4078/2688/2176 4077/2687/2176
f 2845/1433/2177 2844/1432/2177 4079/2691/2177 4078/2688/2177
f 2844/1432/2178 2495/1153/2178 3201/2697/2178 4079/2691/2178
f 4079/2691/2179 3201/2697/2179 3202/2698/2179 4082/2692/2179
f 4082/2692/2180 3202/2698/2180 3203/2699/2180 4085/2695/2180
f 4085/2695/2181 3203/2699/2181 2515/2676/2181 3111/2675/2181
f 4084/2693/2182 4085/2695/2182 3111/2675/2182 3112/2674/2182
f 4083/2694/2183 4084/2693/2183 3112/2674/2183 3113/2672/2183
f 3204/2700/2184 4083/2694/2184 3113/2672/2184 2516/2671/2184
f 3205/2701/2185 4080/2690/2185 4083/2694/2185 3204/2700/2185
f 3206/2696/2186 4077/2687/2186 4080/2690/2186 3205/2701/2186
f 4086/2702/2187 4087/2703/2187 4090/2704/2187 4089/2705/2187
f 4087/2703/2188 4088/2706/2188 4091/2707/2188 4090/2704/2188
f 4089/2705/2189 4090/2704/2189 4093/2708/2189 4092/2709/2189
f 4090/2704/2190 4091/2707/2190 4094/2710/2190 4093/2708/2190
f 2513/2274/2191 3047/2273/2191 4086/2702/2191 3209/2711/2191
f 3047/2273/2192 3046/2272/2192 4087/2703/2192 4086/2702/2192
f 3046/2272/2193 3045/2271/2193 4088/2706/2193 4087/2703/2193
f 3045/2271/2194 2496/1435/2194 3206/2696/2194 4088/2706/2194
f 4088/2706/2195 3206/2696/2195 3205/2701/2195 4091/2707/2195
f 4091/2707/2196 3205/2701/2196 3204/2700/2196 4094/2710/2196
f 4094/2710/2197 3204/2700/2197 2516/2671/2197 3165/2673/2197
f 4093/2708/2198 4094/2710/2198 3165/2673/2198 3166/2686/2198
f 4092/2709/2199 4093/2708/2199 3166/2686/2199 3167/2684/2199
f 3207/2712/2200 4092/2709/2200 3167/2684/2200 2533/2685/2200
f 3208/2713/2201 4089/2705/2201 4092/2709/2201 3207/2712/2201
f 3209/2711/2202 4086/2702/2202 4089/2705/2202 3208/2713/2202
f 4095/2714/2203 4096/2715/2203 4099/2716/2203 4098/2717/2203
f 4096/2715/2204 4097/2718/2204 4100/2719/2204 4099/2716/2204
f 4098/2717/2205 4099/2716/2205 4102/2720/2205 4101/2721/2205
f 4099/2716/2206 4100/2719/2206 4103/2722/2206 4102/2720/2206
f 2504/1412/2207 2870/1594/2207 4095/2714/2207 3195/2125/2207
f 2870/1594/2208 2869/1593/2208 4096/2715/2208 4095/2714/2208
f 2869/1593/2209 2868/1592/2209 4097/2718/2209 4096/2715/2209
f 2868/1592/2210 2503/1575/2210 3210/2723/2210 4097/2718/2210
f 4097/2718/2211 3210/2723/2211 3211/2724/2211 4100/2719/2211
f 4100/2719/2212 3211/2724/2212 3212/2725/2212 4103/2722/2212
f 4103/2722/2213 3212/2725/2213 2523/2599/2213 3123/2598/2213
f 4102/2720/2214 4103/2722/2214 3123/2598/2214 3124/2597/2214
f 4101/2721/2215 4102/2720/2215 3124/2597/2215 3125/2596/2215
f 3197/2127/2216 4101/2721/2216 3125/2596/2216 2524/2128/2216
f 3196/2126/2217 4098/2717/2217 4101/2721/2217 3197/2127/2217
f 3195/2125/2218 4095/2714/2218 4098/2717/2218 3196/2126/2218
f 4104/2726/2219 4105/2727/2219 4108/2728/2219 4107/2729/2219
f 4105/2727/2220 4106/2730/2220 4109/2731/2220 4108/2728/2220
f 4107/2729/2221 4108/2728/2221 4111/2732/2221 4110/2733/2221
f 4108/2728/2222 4109/2731/2222 4112/2734/2222 4111/2732/2222
f 2503/1575/2223 3024/2144/2223 4104/2726/2223 3210/2723/2223
f 3024/2144/2224 3025/2154/2224 4105/2727/2224 4104/2726/2224
f 3025/2154/2225 3026/2152/2225 4106/2730/2225 4105/2727/2225
f 3026/2152/2226 2506/2153/2226 3213/2735/2226 4106/2730/2226
f 4106/2730/2227 3213/2735/2227 3214/2736/2227 4109/2731/2227
f 4109/2731/2228 3214/2736/2228 3215/2737/2228 4112/2734/2228
f 4112/2734/2229 3215/2737/2229 2526/2603/2229 3146/2602/2229
f 4111/2732/2230 4112/2734/2230 3146/2602/2230 3145/2601/2230
f 4110/2733/2231 4111/2732/2231 3145/2601/2231 3144/2600/2231
f 3212/2725/2232 4110/2733/2232 3144/2600/2232 2523/2599/2232
f 3211/2724/2233 4107/2729/2233 4110/2733/2233 3212/2725/2233
f 3210/2723/2234 4104/2726/2234 4107/2729/2234 3211/2724/2234
f 4113/2738/2235 4114/2739/2235 4117/2740/2235 4116/2741/2235
f 4114/2739/2236 4115/2742/2236 4118/2743/2236 4117/2740/2236
f 4116/2741/2237 4117/2740/2237 4120/2744/2237 4119/2745/2237
f 4117/2740/2238 4118/2743/2238 4121/2746/2238 4120/2744/2238
f 2512/2168/2239 2894/2511/2239 4113/2738/2239 3189/2169/2239
f 2894/2511/2240 2893/2510/2240 4114/2739/2240 4113/2738/2240
f 2893/2510/2241 2892/2509/2241 4115/2742/2241 4114/2739/2241
f 2892/2509/2242 2511/2236/2242 3176/2287/2242 4115/2742/2242
f 4115/2742/2243 3176/2287/2243 3175/2297/2243 4118/2743/2243
f 4118/2743/2244 3175/2297/2244 3174/2295/2244 4121/2746/2244
f 4121/2746/2245 3174/2295/2245 2531/2296/2245 3135/2661/2245
f 4120/2744/2246 4121/2746/2246 3135/2661/2246 3136/2660/2246
f 4119/2745/2247 4120/2744/2247 3136/2660/2247 3137/2659/2247
f 3191/2171/2248 4119/2745/2248 3137/2659/2248 2532/2172/2248
f 3190/2170/2249 4116/2741/2249 4119/2745/2249 3191/2171/2249
f 3189/2169/2250 4113/2738/2250 4116/2741/2250 3190/2170/2250
f 4122/2747/2251 4123/2748/2251 4126/2749/2251 4125/2750/2251
f 4123/2748/2252 4124/2751/2252 4127/2752/2252 4126/2749/2252
f 4125/2750/2253 4126/2749/2253 4129/2753/2253 4128/2754/2253
f 4126/2749/2254 4127/2752/2254 4130/2755/2254 4129/2753/2254
f 2495/1153/2255 3048/1155/2255 4122/2747/2255 3201/2697/2255
f 3048/1155/2256 3049/1168/2256 4123/2748/2256 4122/2747/2256
f 3049/1168/2257 3050/1166/2257 4124/2751/2257 4123/2748/2257
f 3050/1166/2258 2514/1167/2258 3216/2756/2258 4124/2751/2258
f 4124/2751/2259 3216/2756/2259 3217/2757/2259 4127/2752/2259
f 4127/2752/2260 3217/2757/2260 3218/2758/2260 4130/2755/2260
f 4130/2755/2261 3218/2758/2261 2534/2680/2261 3170/2679/2261
f 4129/2753/2262 4130/2755/2262 3170/2679/2262 3169/2678/2262
f 4128/2754/2263 4129/2753/2263 3169/2678/2263 3168/2677/2263
f 3203/2699/2264 4128/2754/2264 3168/2677/2264 2515/2676/2264
f 3202/2698/2265 4125/2750/2265 4128/2754/2265 3203/2699/2265
f 3201/2697/2266 4122/2747/2266 4125/2750/2266 3202/2698/2266
f 4131/2759/2267 4132/2760/2267 4135/2761/2267 4134/2762/2267
f 4132/2760/2268 4133/2763/2268 4136/2764/2268 4135/2761/2268
f 4134/2762/2269 4135/2761/2269 4138/2765/2269 4137/2766/2269
f 4135/2761/2270 4136/2764/2270 4139/2767/2270 4138/2765/2270
f 2507/2148/2271 3029/2147/2271 4131/2759/2271 3221/2768/2271
f 3029/2147/2272 3028/2146/2272 4132/2760/2272 4131/2759/2272
f 3028/2146/2273 3027/2145/2273 4133/2763/2273 4132/2760/2273
f 3027/2145/2274 2502/1555/2274 3182/2251/2274 4133/2763/2274
f 4133/2763/2275 3182/2251/2275 3181/2261/2275 4136/2764/2275
f 4136/2764/2276 3181/2261/2276 3180/2259/2276 4139/2767/2276
f 4139/2767/2277 3180/2259/2277 2522/2260/2277 3147/2616/2277
f 4138/2765/2278 4139/2767/2278 3147/2616/2278 3148/2626/2278
f 4137/2766/2279 4138/2765/2279 3148/2626/2279 3149/2624/2279
f 3219/2769/2280 4137/2766/2280 3149/2624/2280 2527/2625/2280
f 3220/2770/2281 4134/2762/2281 4137/2766/2281 3219/2769/2281
f 3221/2768/2282 4131/2759/2282 4134/2762/2282 3220/2770/2282
f 4140/2771/2283 4141/2772/2283 4144/2773/2283 4143/2774/2283
f 4141/2772/2284 4142/2775/2284 4145/2776/2284 4144/2773/2284
f 4143/2774/2285 4144/2773/2285 4147/2777/2285 4146/2778/2285
f 4144/2773/2286 4145/2776/2286 4148/2779/2286 4147/2777/2286
f 2498/1475/2287 2852/1474/2287 4140/2771/2287 3171/2288/2287
f 2852/1474/2288 2851/1473/2288 4141/2772/2288 4140/2771/2288
f 2851/1473/2289 2850/1472/2289 4142/2775/2289 4141/2772/2289
f 2850/1472/2290 2497/1455/2290 3194/2165/2290 4142/2775/2290
f 4142/2775/2291 3194/2165/2291 3193/2178/2291 4145/2776/2291
f 4145/2776/2292 3193/2178/2292 3192/2176/2292 4148/2779/2292
f 4148/2779/2293 3192/2176/2293 2517/2177/2293 3114/2658/2293
f 4147/2777/2294 4148/2779/2294 3114/2658/2294 3115/2657/2294
f 4146/2778/2295 4147/2777/2295 3115/2657/2295 3116/2656/2295
f 3173/2290/2296 4146/2778/2296 3116/2656/2296 2518/2291/2296
f 3172/2289/2297 4143/2774/2297 4146/2778/2297 3173/2290/2297
f 3171/2288/2298 4140/2771/2298 4143/2774/2298 3172/2289/2298
f 4149/2780/2299 4150/2781/2299 4153/2782/2299 4152/2783/2299
f 4150/2781/2300 4151/2784/2300 4154/2785/2300 4153/2782/2300
f 4152/2783/2301 4153/2782/2301 4156/2786/2301 4155/2787/2301
f 4153/2782/2302 4154/2785/2302 4157/2788/2302 4156/2786/2302
f 2506/2153/2303 2876/2586/2303 4149/2780/2303 3213/2735/2303
f 2876/2586/2304 2875/2585/2304 4150/2781/2304 4149/2780/2304
f 2875/2585/2305 2874/2584/2305 4151/2784/2305 4150/2781/2305
f 2874/2584/2306 2505/1067/2306 3200/2124/2306 4151/2784/2306
f 4151/2784/2307 3200/2124/2307 3199/2134/2307 4154/2785/2307
f 4154/2785/2308 3199/2134/2308 3198/2132/2308 4157/2788/2308
f 4157/2788/2309 3198/2132/2309 2525/2133/2309 3126/2606/2309
f 4156/2786/2310 4157/2788/2310 3126/2606/2310 3127/2605/2310
f 4155/2787/2311 4156/2786/2311 3127/2605/2311 3128/2604/2311
f 3215/2737/2312 4155/2787/2312 3128/2604/2312 2526/2603/2312
f 3214/2736/2313 4152/2783/2313 4155/2787/2313 3215/2737/2313
f 3213/2735/2314 4149/2780/2314 4152/2783/2314 3214/2736/2314
f 4158/2789/2315 4159/2790/2315 4162/2791/2315 4161/2792/2315
f 4159/2790/2316 4160/2793/2316 4163/2794/2316 4162/2791/2316
f 4161/2792/2317 4162/2791/2317 4165/2795/2317 4164/2796/2317
f 4162/2791/2318 4163/2794/2318 4166/2797/2318 4165/2795/2318
f 2501/1535/2319 3030/2188/2319 4158/2789/2319 3177/2252/2319
f 3030/2188/2320 3031/2198/2320 4159/2790/2320 4158/2789/2320
f 3031/2198/2321 3032/2196/2321 4160/2793/2321 4159/2790/2321
f 3032/2196/2322 2508/2197/2322 3222/2798/2322 4160/2793/2322
f 4160/2793/2323 3222/2798/2323 3223/2799/2323 4163/2794/2323
f 4163/2794/2324 3223/2799/2324 3224/2800/2324 4166/2797/2324
f 4166/2797/2325 3224/2800/2325 2528/2620/2325 3152/2619/2325
f 4165/2795/2326 4166/2797/2326 3152/2619/2326 3151/2618/2326
f 4164/2796/2327 4165/2795/2327 3151/2618/2327 3150/2617/2327
f 3179/2254/2328 4164/2796/2328 3150/2617/2328 2521/2255/2328
f 3178/2253/2329 4161/2792/2329 4164/2796/2329 3179/2254/2329
f 3177/2252/2330 4158/2789/2330 4161/2792/2330 3178/2253/2330
f 4167/2801/2331 4168/2802/2331 4171/2803/2331 4170/2804/2331
f 4168/2802/2332 4169/2805/2332 4172/2806/2332 4171/2803/2332
f 4170/2804/2333 4171/2803/2333 4174/2807/2333 4173/2808/2333
f 4171/2803/2334 4172/2806/2334 4175/2809/2334 4174/2807/2334
f 2514/1167/2335 2900/2484/2335 4167/2801/2335 3216/2756/2335
f 2900/2484/2336 2899/2483/2336 4168/2802/2336 4167/2801/2336
f 2899/2483/2337 2898/2482/2337 4169/2805/2337 4168/2802/2337
f 2898/2482/2338 2513/2274/2338 3209/2711/2338 4169/2805/2338
f 4169/2805/2339 3209/2711/2339 3208/2713/2339 4172/2806/2339
f 4172/2806/2340 3208/2713/2340 3207/2712/2340 4175/2809/2340
f 4175/2809/2341 3207/2712/2341 2533/2685/2341 3138/2683/2341
f 4174/2807/2342 4175/2809/2342 3138/2683/2342 3139/2682/2342
f 4173/2808/2343 4174/2807/2343 3139/2682/2343 3140/2681/2343
f 3218/2758/2344 4173/2808/2344 3140/2681/2344 2534/2680/2344
f 3217/2757/2345 4170/2804/2345 4173/2808/2345 3218/2758/2345
f 3216/2756/2346 4167/2801/2346 4170/2804/2346 3217/2757/2346
f 4176/2810/2347 4177/2811/2347 4180/2812/2347 4179/2813/2347
f 4177/2811/2348 4178/2814/2348 4181/2815/2348 4180/2812/2348
f 4179/2813/2349 4180/2812/2349 4183/2816/2349 4182/2817/2349
f 4180/2812/2350 4181/2815/2350 4184/2818/2350 4183/2816/2350
f 2509/2192/2351 3035/2191/2351 4176/2810/2351 3183/2213/2351
f 3035/2191/2352 3034/2190/2352 4177/2811/2352 4176/2810/2352
f 3034/2190/2353 3033/2189/2353 4178/2814/2353 4177/2811/2353
f 3033/2189/2354 2500/1515/2354 3225/2819/2354 4178/2814/2354
f 4178/2814/2355 3225/2819/2355 3226/2820/2355 4181/2815/2355
f 4181/2815/2356 3226/2820/2356 3227/2821/2356 4184/2818/2356
f 4184/2818/2357 3227/2821/2357 2520/2636/2357 3153/2638/2357
f 4183/2816/2358 4184/2818/2358 3153/2638/2358 3154/2646/2358
f 4182/2817/2359 4183/2816/2359 3154/2646/2359 3155/2645/2359
f 3185/2215/2360 4182/2817/2360 3155/2645/2360 2529/2216/2360
f 3184/2214/2361 4179/2813/2361 4182/2817/2361 3185/2215/2361
f 3183/2213/2362 4176/2810/2362 4179/2813/2362 3184/2214/2362
f 4185/2822/2363 4186/2823/2363 4189/2824/2363 4188/2825/2363
f 4186/2823/2364 4187/2826/2364 4190/2827/2364 4189/2824/2364
f 4188/2825/2365 4189/2824/2365 4192/2828/2365 4191/2829/2365
f 4189/2824/2366 4190/2827/2366 4193/2830/2366 4192/2828/2366
f 2500/1515/2367 2858/1514/2367 4185/2822/2367 3225/2819/2367
f 2858/1514/2368 2857/1513/2368 4186/2823/2368 4185/2822/2368
f 2857/1513/2369 2856/1512/2369 4187/2826/2369 4186/2823/2369
f 2856/1512/2370 2499/1495/2370 3228/2831/2370 4187/2826/2370
f 4187/2826/2371 3228/2831/2371 3229/2832/2371 4190/2827/2371
f 4190/2827/2372 3229/2832/2372 3230/2833/2372 4193/2830/2372
f 4193/2830/2373 3230/2833/2373 2519/2641/2373 3117/2640/2373
f 4192/2828/2374 4193/2830/2374 3117/2640/2374 3118/2639/2374
f 4191/2829/2375 4192/2828/2375 3118/2639/2375 3119/2637/2375
f 3227/2821/2376 4191/2829/2376 3119/2637/2376 2520/2636/2376
f 3226/2820/2377 4188/2825/2377 4191/2829/2377 3227/2821/2377
f 3225/2819/2378 4185/2822/2378 4188/2825/2378 3226/2820/2378
f 4194/2834/2379 4195/2835/2379 4198/2836/2379 4197/2837/2379
f 4195/2835/2380 4196/2838/2380 4199/2839/2380 4198/2836/2380
f 4197/2837/2381 4198/2836/2381 4201/2840/2381 4200/2841/2381
f 4198/2836/2382 4199/2839/2382 4202/2842/2382 4201/2840/2382
f 2508/2197/2383 2882/2562/2383 4194/2834/2383 3222/2798/2383
f 2882/2562/2384 2881/2561/2384 4195/2835/2384 4194/2834/2384
f 2881/2561/2385 2880/2560/2385 4196/2838/2385 4195/2835/2385
f 2880/2560/2386 2507/2148/2386 3221/2768/2386 4196/2838/2386
f 4196/2838/2387 3221/2768/2387 3220/2770/2387 4199/2839/2387
f 4199/2839/2388 3220/2770/2388 3219/2769/2388 4202/2842/2388
f 4202/2842/2389 3219/2769/2389 2527/2625/2389 3129/2623/2389
f 4201/2840/2390 4202/2842/2390 3129/2623/2390 3130/2622/2390
f 4200/2841/2391 4201/2840/2391 3130/2622/2391 3131/2621/2391
f 3224/2800/2392 4200/2841/2392 3131/2621/2392 2528/2620/2392
f 3223/2799/2393 4197/2837/2393 4200/2841/2393 3224/2800/2393
f 3222/2798/2394 4194/2834/2394 4197/2837/2394 3223/2799/2394
f 4203/2843/2395 4204/2844/2395 4207/2845/2395 4206/2846/2395
f 4204/2844/2396 4205/2847/2396 4208/2848/2396 4207/2845/2396
f 4206/2846/2397 4207/2845/2397 4210/2849/2397 4209/2850/2397
f 4207/2845/2398 4208/2848/2398 4211/2851/2398 4210/2849/2398
f 2499/1495/2399 3036/2232/2399 4203/2843/2399 3228/2831/2399
f 3036/2232/2400 3037/2241/2400 4204/2844/2400 4203/2843/2400
f 3037/2241/2401 3038/2240/2401 4205/2847/2401 4204/2844/2401
f 3038/2240/2402 2510/2208/2402 3188/2210/2402 4205/2847/2402
f 4205/2847/2403 3188/2210/2403 3187/2222/2403 4208/2848/2403
f 4208/2848/2404 3187/2222/2404 3186/2220/2404 4211/2851/2404
f 4211/2851/2405 3186/2220/2405 2530/2221/2405 3158/2644/2405
f 4210/2849/2406 4211/2851/2406 3158/2644/2406 3157/2643/2406
f 4209/2850/2407 4210/2849/2407 3157/2643/2407 3156/2642/2407
f 3230/2833/2408 4209/2850/2408 3156/2642/2408 2519/2641/2408
f 3229/2832/2409 4206/2846/2409 4209/2850/2409 3230/2833/2409
f 3228/2831/2410 4203/2843/2410 4206/2846/2410 3229/2832/2410
o Tapita
v 0.051788 0.210082 0.239557
v 0.051788 0.210333 0.094395
v 0.020577 0.215681 0.245144
v 0.020577 0.215681 0.088905
v 0.051788 0.092130 0.243254
v 0.051788 0.092921 0.118462
v 0.020577 0.086729 0.243843
v 0.020577 0.086752 0.117597
v 0.051788 0.159499 0.243644
v 0.051788 0.123320 0.257376
v 0.051788 0.121628 0.078985
v 0.051788 0.161296 0.090401
v 0.017109 0.121111 0.251782
v 0.017109 0.169772 0.252327
v 0.017109 0.169788 0.081697
v 0.017109 0.121173 0.094676
v 0.051788 0.220475 0.253249
v 0.051788 0.220475 0.079547
v 0.051788 0.083488 0.251701
v 0.051788 0.083506 0.113470
v 0.051788 0.169348 0.268166
v 0.051788 0.121555 0.267512
v 0.051788 0.126735 0.087610
v 0.051788 0.169366 0.063410
v 0.070857 0.123665 0.247388
v 0.070857 0.126672 0.097873
v 0.070857 0.157067 0.100321
v 0.070857 0.155485 0.235283
v 0.070857 0.096153 0.234940
v 0.070857 0.096849 0.125035
v 0.051788 0.235568 0.170490
v 0.017109 0.224268 0.170446
v 0.051788 0.072388 0.177963
v 0.017109 0.080265 0.177087
v 0.051788 0.168785 0.170225
v 0.010174 0.171049 0.170682
v 0.010174 0.119795 0.173169
v 0.051788 0.217187 0.170417
v 0.051788 0.083264 0.177143
v 0.070857 0.123633 0.172963
v 0.070857 0.163532 0.170592
v 0.070857 0.088213 0.176684
v 0.051788 0.234905 0.144234
v 0.051788 0.232541 0.118990
v 0.051788 0.227917 0.096760
v 0.017184 0.223731 0.144367
v 0.017703 0.221961 0.120197
v 0.018985 0.218905 0.100725
v 0.024973 0.217890 0.248862
v 0.032297 0.219658 0.251859
v 0.041549 0.220372 0.253075
v 0.041549 0.220373 0.079747
v 0.032297 0.219658 0.081150
v 0.024973 0.217890 0.084610
v 0.051788 0.072915 0.158936
v 0.051788 0.074720 0.141795
v 0.051788 0.078138 0.126615
v 0.017184 0.080705 0.157385
v 0.017703 0.082087 0.140121
v 0.018985 0.084384 0.126284
v 0.041549 0.083557 0.251532
v 0.032297 0.084040 0.250355
v 0.024973 0.085235 0.247450
v 0.041549 0.083576 0.113556
v 0.032297 0.084060 0.114159
v 0.024973 0.085256 0.115663
v 0.051788 0.156364 0.267925
v 0.051788 0.144252 0.267740
v 0.051788 0.132739 0.267604
v 0.056555 0.126719 0.090176
v 0.061322 0.126704 0.092741
v 0.066090 0.126688 0.095307
v 0.051788 0.132807 0.073609
v 0.051788 0.144305 0.069227
v 0.051788 0.156399 0.065830
v 0.051788 0.168355 0.192865
v 0.051788 0.167053 0.213356
v 0.051788 0.164296 0.230636
v 0.017109 0.132500 0.251858
v 0.017109 0.144221 0.251971
v 0.017109 0.156553 0.252126
v 0.010282 0.170912 0.144953
v 0.011041 0.170577 0.120250
v 0.013100 0.170163 0.098516
v 0.017109 0.156582 0.083713
v 0.017109 0.144265 0.086544
v 0.017109 0.132556 0.090196
v 0.010282 0.119933 0.196496
v 0.011041 0.120282 0.218359
v 0.013100 0.120717 0.237281
v 0.041492 0.169354 0.267919
v 0.031848 0.169401 0.266186
v 0.023503 0.169527 0.261484
v 0.023503 0.121368 0.260876
v 0.031848 0.121499 0.265546
v 0.041492 0.121548 0.267266
v 0.041492 0.121621 0.079231
v 0.031848 0.121572 0.080947
v 0.023503 0.121436 0.085605
v 0.023503 0.169544 0.071125
v 0.031848 0.169419 0.065696
v 0.041492 0.169373 0.063696
v 0.051788 0.091010 0.102376
v 0.051788 0.100239 0.093115
v 0.051788 0.110632 0.085410
v 0.051788 0.110564 0.267210
v 0.051788 0.100186 0.265463
v 0.051788 0.090976 0.260787
v 0.051788 0.183249 0.062211
v 0.051788 0.197149 0.063493
v 0.051788 0.209935 0.068767
v 0.051788 0.209935 0.262301
v 0.051788 0.197147 0.266773
v 0.051788 0.183241 0.268212
v 0.018985 0.208592 0.248694
v 0.017703 0.197322 0.251448
v 0.017184 0.183824 0.252400
v 0.017184 0.109987 0.251566
v 0.017703 0.099885 0.250365
v 0.018985 0.091748 0.247451
v 0.017184 0.183830 0.080654
v 0.017703 0.197324 0.081419
v 0.018985 0.208592 0.084643
v 0.018985 0.091780 0.112327
v 0.017703 0.099930 0.105951
v 0.017184 0.110044 0.099968
v 0.051788 0.216748 0.146414
v 0.051788 0.215301 0.124000
v 0.051788 0.212871 0.105701
v 0.051788 0.083716 0.159889
v 0.051788 0.085274 0.144271
v 0.051788 0.088242 0.130419
v 0.051788 0.152316 0.251720
v 0.051788 0.143339 0.255806
v 0.051788 0.133397 0.257244
v 0.051788 0.136776 0.083030
v 0.051788 0.146335 0.080892
v 0.051788 0.154734 0.082810
v 0.051788 0.099490 0.108460
v 0.051788 0.107618 0.100184
v 0.051788 0.116851 0.093334
v 0.051788 0.113841 0.257101
v 0.051788 0.105313 0.255538
v 0.051788 0.097990 0.251364
v 0.051788 0.179538 0.087839
v 0.051788 0.193221 0.088078
v 0.051788 0.203825 0.090718
v 0.051788 0.203456 0.242522
v 0.051788 0.192616 0.244676
v 0.051788 0.178532 0.245061
v 0.051788 0.218275 0.250974
v 0.051788 0.215779 0.247978
v 0.051788 0.212816 0.243794
v 0.051788 0.213015 0.089585
v 0.051788 0.215909 0.084957
v 0.051788 0.218339 0.081807
v 0.051788 0.085860 0.114718
v 0.051788 0.088214 0.115966
v 0.051788 0.090568 0.117214
v 0.051788 0.089970 0.245366
v 0.051788 0.087809 0.247477
v 0.051788 0.085649 0.249589
v 0.051788 0.121996 0.264978
v 0.051788 0.122437 0.262444
v 0.051788 0.122879 0.259910
v 0.051788 0.165803 0.255455
v 0.051788 0.167918 0.261621
v 0.051788 0.168879 0.265440
v 0.051788 0.169341 0.066118
v 0.051788 0.168820 0.070130
v 0.051788 0.167137 0.076937
v 0.051788 0.125458 0.085454
v 0.051788 0.124182 0.083298
v 0.051788 0.122905 0.081141
v 0.070857 0.124141 0.154245
v 0.070857 0.124865 0.135480
v 0.070857 0.125733 0.116685
v 0.070857 0.163168 0.190535
v 0.070857 0.162056 0.208589
v 0.070857 0.159670 0.223818
v 0.070857 0.088626 0.161492
v 0.070857 0.090033 0.147746
v 0.070857 0.092689 0.135556
v 0.070857 0.149183 0.242402
v 0.070857 0.141290 0.246003
v 0.070857 0.132539 0.247271
v 0.070857 0.135515 0.093840
v 0.070857 0.143929 0.091955
v 0.070857 0.151313 0.093642
v 0.070857 0.102659 0.116232
v 0.070857 0.109831 0.108946
v 0.070857 0.117967 0.102914
v 0.070857 0.115317 0.247145
v 0.070857 0.107801 0.245767
v 0.070857 0.101339 0.242088
v 0.066090 0.095867 0.123392
v 0.061322 0.094885 0.121748
v 0.056555 0.093903 0.120105
v 0.056555 0.123406 0.254879
v 0.061322 0.123493 0.252382
v 0.066090 0.123579 0.249885
v 0.066090 0.156488 0.237373
v 0.061322 0.157492 0.239464
v 0.056555 0.158496 0.241554
v 0.056555 0.093136 0.241175
v 0.061322 0.094142 0.239097
v 0.066090 0.095147 0.237018
v 0.066090 0.158124 0.097841
v 0.061322 0.159182 0.095361
v 0.056555 0.160239 0.092881
v 0.051788 0.227917 0.238540
v 0.051788 0.232541 0.218987
v 0.051788 0.234905 0.195876
v 0.018985 0.218905 0.235000
v 0.017703 0.221961 0.217825
v 0.017184 0.223731 0.195663
v 0.051788 0.078131 0.237290
v 0.051788 0.074717 0.218912
v 0.051788 0.072915 0.198494
v 0.018985 0.084367 0.233946
v 0.017703 0.082076 0.217784
v 0.017184 0.080700 0.197997
v 0.051788 0.165549 0.104661
v 0.051788 0.167844 0.124114
v 0.051788 0.168737 0.146667
v 0.013100 0.170150 0.237687
v 0.011041 0.170569 0.218362
v 0.010282 0.170908 0.195609
v 0.013100 0.120767 0.109141
v 0.011041 0.120318 0.128024
v 0.010282 0.119951 0.149855
v 0.051788 0.212672 0.229931
v 0.051788 0.215171 0.213940
v 0.051788 0.216685 0.193550
v 0.051788 0.087908 0.230388
v 0.051788 0.085176 0.213953
v 0.051788 0.083704 0.195641
v 0.070857 0.123477 0.228820
v 0.070857 0.123361 0.210238
v 0.070857 0.123389 0.191624
v 0.070857 0.160774 0.112870
v 0.070857 0.162752 0.129993
v 0.070857 0.163504 0.149847
v 0.070857 0.092395 0.223599
v 0.070857 0.089946 0.209115
v 0.070857 0.088615 0.192979
v 0.056555 0.084501 0.177028
v 0.061322 0.085739 0.176913
v 0.066090 0.086976 0.176799
v 0.056555 0.167472 0.170316
v 0.061322 0.166159 0.170408
v 0.066090 0.164846 0.170500
v 0.070857 0.114411 0.173783
v 0.070857 0.105503 0.174697
v 0.070857 0.096806 0.175675
v 0.070857 0.133240 0.172259
v 0.070857 0.143163 0.171651
v 0.070857 0.153295 0.171105
v 0.051788 0.080545 0.177348
v 0.051788 0.077826 0.177553
v 0.051788 0.075107 0.177758
v 0.051788 0.224245 0.170445
v 0.051788 0.229192 0.170465
v 0.051788 0.232732 0.170479
v 0.010174 0.157126 0.171045
v 0.010174 0.144138 0.171581
v 0.010174 0.131793 0.172288
v 0.010282 0.108019 0.174202
v 0.011041 0.097023 0.175283
v 0.013100 0.087530 0.176287
v 0.051788 0.207549 0.170379
v 0.051788 0.195800 0.170332
v 0.051788 0.182645 0.170280
v 0.023503 0.075711 0.177593
v 0.031848 0.073373 0.177854
v 0.041492 0.072511 0.177949
v 0.023503 0.230801 0.170471
v 0.031848 0.234156 0.170484
v 0.041492 0.235392 0.170489
v 0.010282 0.185926 0.170483
v 0.011041 0.200666 0.170409
v 0.013100 0.213902 0.170412
v 0.041533 0.209884 0.262082
v 0.032171 0.209528 0.260547
v 0.024510 0.208780 0.256452
v 0.041507 0.197139 0.266532
v 0.031960 0.197083 0.264851
v 0.023844 0.197016 0.260292
v 0.041494 0.183249 0.267965
v 0.031862 0.183303 0.266235
v 0.023546 0.183461 0.261539
v 0.041494 0.110556 0.266966
v 0.031862 0.110500 0.265254
v 0.023546 0.110339 0.260609
v 0.041507 0.100189 0.265226
v 0.031960 0.100208 0.263571
v 0.023844 0.100201 0.259082
v 0.041533 0.091008 0.260573
v 0.032171 0.091238 0.259073
v 0.024510 0.091710 0.255067
v 0.013194 0.213467 0.195626
v 0.011145 0.200343 0.195613
v 0.010390 0.185700 0.195594
v 0.013856 0.212152 0.218007
v 0.011876 0.199474 0.218359
v 0.011145 0.185145 0.218446
v 0.015624 0.210142 0.235937
v 0.013856 0.198287 0.237299
v 0.013194 0.184444 0.237785
v 0.023546 0.110402 0.091541
v 0.031862 0.110566 0.087226
v 0.041494 0.110624 0.085637
v 0.023844 0.100252 0.098449
v 0.031960 0.100261 0.094685
v 0.041507 0.100242 0.093311
v 0.024510 0.091745 0.106390
v 0.032171 0.091273 0.103552
v 0.041533 0.091043 0.102523
v 0.041494 0.234730 0.195870
v 0.031862 0.233509 0.195833
v 0.023546 0.230193 0.195747
v 0.041507 0.232376 0.218953
v 0.031960 0.231226 0.218712
v 0.023844 0.228097 0.218188
v 0.041533 0.227776 0.238439
v 0.032171 0.226790 0.237733
v 0.024510 0.224128 0.236150
v 0.041494 0.073037 0.158913
v 0.031862 0.073888 0.158753
v 0.023546 0.076199 0.158309
v 0.041507 0.074834 0.141780
v 0.031960 0.075633 0.141678
v 0.023844 0.077810 0.141307
v 0.041533 0.078235 0.126641
v 0.032171 0.078915 0.126823
v 0.024510 0.080753 0.127096
v 0.051788 0.207110 0.193273
v 0.051788 0.205968 0.213666
v 0.051788 0.204377 0.230255
v 0.051788 0.195402 0.193115
v 0.051788 0.194472 0.213721
v 0.051788 0.193260 0.231120
v 0.051788 0.182244 0.192987
v 0.051788 0.181221 0.213611
v 0.051788 0.179604 0.231191
v 0.010390 0.108243 0.151840
v 0.011145 0.108779 0.131163
v 0.013194 0.109448 0.113449
v 0.011145 0.097316 0.153919
v 0.011876 0.098077 0.134508
v 0.013856 0.099091 0.118175
v 0.013194 0.087900 0.155857
v 0.013856 0.088969 0.137701
v 0.015624 0.090547 0.122881
v 0.041494 0.183257 0.062500
v 0.031862 0.183311 0.064517
v 0.023546 0.183469 0.069994
v 0.041507 0.197141 0.063773
v 0.031960 0.197085 0.065739
v 0.023844 0.197019 0.071068
v 0.041533 0.209884 0.069022
v 0.032171 0.209529 0.070808
v 0.024510 0.208780 0.075576
v 0.056555 0.151533 0.249391
v 0.056555 0.142826 0.253355
v 0.056555 0.133182 0.254751
v 0.061322 0.150750 0.247061
v 0.061322 0.142314 0.250905
v 0.061322 0.132968 0.252257
v 0.066090 0.149966 0.244731
v 0.066090 0.141802 0.248454
v 0.066090 0.132754 0.249764
v 0.010282 0.157069 0.145705
v 0.011041 0.156925 0.121455
v 0.013100 0.156745 0.100167
v 0.010282 0.144156 0.146771
v 0.011041 0.144190 0.123149
v 0.013100 0.144230 0.102484
v 0.010282 0.131881 0.148154
v 0.011041 0.132085 0.125337
v 0.013100 0.132333 0.105473
v 0.041492 0.156367 0.267678
v 0.031848 0.156388 0.265950
v 0.023503 0.156444 0.261259
v 0.041492 0.144251 0.267493
v 0.031848 0.144248 0.265769
v 0.023503 0.144239 0.261087
v 0.041492 0.132735 0.267358
v 0.031848 0.132709 0.265636
v 0.023503 0.132638 0.260961
v 0.041492 0.132803 0.073868
v 0.031848 0.132776 0.075682
v 0.023503 0.132701 0.080606
v 0.041492 0.144304 0.069497
v 0.031848 0.144300 0.071391
v 0.023503 0.144288 0.076532
v 0.041492 0.156402 0.066110
v 0.031848 0.156422 0.068066
v 0.023503 0.156476 0.073375
v 0.056555 0.100282 0.110403
v 0.056555 0.108171 0.102375
v 0.056555 0.117130 0.095729
v 0.061322 0.101074 0.112346
v 0.061322 0.108724 0.104565
v 0.061322 0.117409 0.098124
v 0.066090 0.101867 0.114289
v 0.066090 0.109278 0.106756
v 0.066090 0.117688 0.100519
v 0.051788 0.223711 0.146009
v 0.051788 0.221890 0.123005
v 0.051788 0.218477 0.103700
v 0.051788 0.228593 0.145456
v 0.051788 0.226495 0.121566
v 0.051788 0.222442 0.100829
v 0.051788 0.232093 0.144853
v 0.051788 0.229831 0.120221
v 0.051788 0.225423 0.098560
v 0.051788 0.081007 0.196354
v 0.051788 0.082561 0.215193
v 0.051788 0.085464 0.232113
v 0.051788 0.078309 0.197068
v 0.051788 0.079947 0.216432
v 0.051788 0.083019 0.233838
v 0.051788 0.075612 0.197781
v 0.051788 0.077332 0.217672
v 0.051788 0.080575 0.235564
v 0.051788 0.133262 0.259886
v 0.051788 0.143805 0.259200
v 0.051788 0.154324 0.257406
v 0.051788 0.133111 0.262499
v 0.051788 0.144141 0.262371
v 0.051788 0.155598 0.261956
v 0.051788 0.132933 0.265066
v 0.051788 0.144261 0.265167
v 0.051788 0.156166 0.265275
v 0.051788 0.156145 0.076627
v 0.051788 0.146065 0.077488
v 0.051788 0.135814 0.080614
v 0.051788 0.156824 0.071788
v 0.051788 0.145666 0.074350
v 0.051788 0.134835 0.078231
v 0.051788 0.156796 0.068412
v 0.051788 0.145050 0.071655
v 0.051788 0.133829 0.075903
v 0.051788 0.115297 0.091353
v 0.051788 0.105773 0.098417
v 0.051788 0.097370 0.106939
v 0.051788 0.113742 0.089372
v 0.051788 0.103929 0.096650
v 0.051788 0.095250 0.105418
v 0.051788 0.112187 0.087391
v 0.051788 0.102084 0.094882
v 0.051788 0.093130 0.103897
v 0.051788 0.096237 0.253720
v 0.051788 0.104031 0.258019
v 0.051788 0.113022 0.259628
v 0.051788 0.094483 0.256075
v 0.051788 0.102750 0.260500
v 0.051788 0.112203 0.262156
v 0.051788 0.092729 0.258431
v 0.051788 0.101468 0.262982
v 0.051788 0.111384 0.264683
v 0.051788 0.204780 0.081169
v 0.051788 0.193773 0.077158
v 0.051788 0.180585 0.076386
v 0.051788 0.206567 0.075074
v 0.051788 0.194945 0.070298
v 0.051788 0.181908 0.069196
v 0.051788 0.208306 0.071322
v 0.051788 0.196090 0.066200
v 0.051788 0.182734 0.064966
v 0.051788 0.179703 0.255051
v 0.051788 0.193228 0.254117
v 0.051788 0.204451 0.250771
v 0.051788 0.181290 0.261485
v 0.051788 0.194552 0.260227
v 0.051788 0.206333 0.256210
v 0.051788 0.182416 0.265460
v 0.051788 0.195886 0.264071
v 0.051788 0.208185 0.259743
v 0.070857 0.133686 0.152879
v 0.070857 0.134244 0.133287
v 0.070857 0.134865 0.113587
v 0.070857 0.143491 0.151722
v 0.070857 0.143755 0.131645
v 0.070857 0.143884 0.111736
v 0.070857 0.153458 0.150739
v 0.070857 0.153262 0.130638
v 0.070857 0.152506 0.111639
v 0.070857 0.114268 0.191953
v 0.070857 0.114437 0.210283
v 0.070857 0.114822 0.228695
v 0.070857 0.105509 0.192304
v 0.070857 0.105966 0.210159
v 0.070857 0.106787 0.227986
v 0.070857 0.096999 0.192646
v 0.070857 0.097860 0.209730
v 0.070857 0.099381 0.226220
v 0.056555 0.114210 0.254612
v 0.056555 0.105935 0.253095
v 0.056555 0.098828 0.249045
v 0.061322 0.114579 0.252123
v 0.061322 0.106557 0.250653
v 0.061322 0.099665 0.246726
v 0.066090 0.114948 0.249634
v 0.066090 0.107179 0.248210
v 0.066090 0.100502 0.244407
v 0.056555 0.167058 0.192283
v 0.056555 0.165804 0.212164
v 0.056555 0.163139 0.228931
v 0.061322 0.165762 0.191700
v 0.061322 0.164555 0.210973
v 0.061322 0.161983 0.227227
v 0.066090 0.164465 0.191117
v 0.066090 0.163305 0.209781
v 0.066090 0.160827 0.225522
v 0.056555 0.136461 0.085733
v 0.056555 0.145734 0.083658
v 0.056555 0.153879 0.085518
v 0.061322 0.136146 0.088435
v 0.061322 0.145132 0.086424
v 0.061322 0.153024 0.088226
v 0.066090 0.135831 0.091137
v 0.066090 0.144531 0.089189
v 0.066090 0.152169 0.090934
v 0.056555 0.084944 0.160290
v 0.056555 0.086464 0.145140
v 0.056555 0.089354 0.131703
v 0.061322 0.086171 0.160691
v 0.061322 0.087654 0.146008
v 0.061322 0.090465 0.132987
v 0.066090 0.087398 0.161092
v 0.066090 0.088843 0.146877
v 0.066090 0.091577 0.134271
v 0.056555 0.089030 0.228690
v 0.056555 0.086368 0.212743
v 0.056555 0.084932 0.194975
v 0.061322 0.090152 0.226993
v 0.061322 0.087561 0.211534
v 0.061322 0.086159 0.194310
v 0.066090 0.091274 0.225296
v 0.066090 0.088753 0.210324
v 0.066090 0.087387 0.193644
v 0.056555 0.164355 0.106713
v 0.056555 0.166571 0.125584
v 0.056555 0.167429 0.147462
v 0.061322 0.163161 0.108765
v 0.061322 0.165298 0.127054
v 0.061322 0.166120 0.148257
v 0.066090 0.161968 0.110818
v 0.066090 0.164025 0.128523
v 0.066090 0.164812 0.149052
v 0.070857 0.116808 0.120461
v 0.070857 0.115759 0.138079
v 0.070857 0.114928 0.155834
v 0.070857 0.108290 0.124880
v 0.070857 0.106952 0.141036
v 0.070857 0.105996 0.157609
v 0.070857 0.100297 0.129984
v 0.070857 0.098418 0.144306
v 0.070857 0.097261 0.159517
v 0.070857 0.132633 0.228767
v 0.070857 0.132757 0.210157
v 0.070857 0.132943 0.191343
v 0.070857 0.141912 0.228121
v 0.070857 0.142446 0.209904
v 0.070857 0.142838 0.191083
v 0.070857 0.150936 0.226402
v 0.070857 0.152234 0.209340
v 0.070857 0.152950 0.190813
v 0.051788 0.085716 0.129468
v 0.051788 0.082636 0.143652
v 0.051788 0.081016 0.159651
v 0.051788 0.083190 0.128517
v 0.051788 0.079997 0.143033
v 0.051788 0.078316 0.159412
v 0.051788 0.080664 0.127566
v 0.051788 0.077358 0.142414
v 0.051788 0.075615 0.159174
v 0.051788 0.218358 0.231840
v 0.051788 0.221825 0.214967
v 0.051788 0.223683 0.194013
v 0.051788 0.222377 0.234514
v 0.051788 0.226467 0.216380
v 0.051788 0.228584 0.194601
v 0.051788 0.225395 0.236715
v 0.051788 0.229822 0.217728
v 0.051788 0.232092 0.195231
v 0.013100 0.156721 0.237528
v 0.011041 0.156908 0.218292
v 0.010282 0.157060 0.195702
v 0.013100 0.144194 0.237411
v 0.011041 0.144165 0.218270
v 0.010282 0.144143 0.195882
v 0.013100 0.132287 0.237330
v 0.011041 0.132052 0.218293
v 0.010282 0.131865 0.196147
v 0.013194 0.109402 0.237162
v 0.011145 0.108747 0.218430
v 0.010390 0.108226 0.196914
v 0.013856 0.099054 0.236483
v 0.011876 0.098052 0.218328
v 0.011145 0.097303 0.197335
v 0.015624 0.090521 0.234983
v 0.013856 0.088951 0.217971
v 0.013194 0.087891 0.197696
v 0.051788 0.204704 0.105087
v 0.051788 0.206200 0.124120
v 0.051788 0.207230 0.146597
v 0.051788 0.193796 0.103919
v 0.051788 0.194852 0.123887
v 0.051788 0.195597 0.146642
v 0.051788 0.180454 0.103848
v 0.051788 0.181793 0.123899
v 0.051788 0.182528 0.146657
v 0.041533 0.078227 0.237193
v 0.032171 0.078906 0.236515
v 0.024510 0.080742 0.235002
v 0.041507 0.074832 0.218878
v 0.031960 0.075630 0.218644
v 0.023844 0.077805 0.218134
v 0.041494 0.073036 0.198485
v 0.031862 0.073887 0.198416
v 0.023546 0.076197 0.198247
v 0.041533 0.227776 0.096875
v 0.032171 0.226790 0.097681
v 0.024510 0.224128 0.099477
v 0.041507 0.232376 0.119027
v 0.031960 0.231226 0.119292
v 0.023844 0.228097 0.119859
v 0.041494 0.234730 0.144238
v 0.031862 0.233509 0.144269
v 0.023546 0.230193 0.144335
v 0.015624 0.210143 0.099504
v 0.013856 0.198289 0.097899
v 0.013194 0.184449 0.097615
v 0.013856 0.212152 0.119871
v 0.011876 0.199475 0.119437
v 0.011145 0.185148 0.119548
v 0.013194 0.213467 0.144320
v 0.011145 0.200343 0.144317
v 0.010390 0.185702 0.144505
vn -0.0899 0.4954 0.8640
vn -0.3058 0.4734 0.8261
vn -0.3281 0.2053 0.9221
vn -0.0968 0.2156 0.9717
vn -0.6132 0.4017 0.6802
vn -0.6560 0.1750 0.7342
vn -0.3364 0.0467 0.9406
vn -0.0999 0.0492 0.9938
vn -0.6691 0.0409 0.7420
vn 0.6589 0.5916 0.4646
vn -0.0790 0.7829 0.6171
vn 0.6598 0.3748 0.6513
vn -0.2711 0.7551 0.5969
vn -0.5490 0.6589 0.5143
vn -0.7802 0.5024 0.3726
vn -0.8544 0.3048 0.4208
vn -0.8931 0.1340 0.4294
vn -0.9036 0.0334 0.4271
vn -0.9053 -0.0020 0.4248
vn -0.6719 -0.0067 0.7406
vn -0.3384 -0.0099 0.9410
vn -0.1006 -0.0108 0.9949
vn 0.6867 0.0362 0.7260
vn 0.6968 -0.0078 0.7172
vn 0.6734 0.1608 0.7216
vn -0.0983 -0.0955 0.9906
vn -0.3316 -0.0900 0.9391
vn -0.3151 -0.2942 0.9023
vn -0.0925 -0.3089 0.9466
vn -0.6631 -0.0756 0.7447
vn -0.6381 -0.2524 0.7274
vn -0.2730 -0.5969 0.7544
vn -0.0789 -0.6199 0.7807
vn -0.5657 -0.5237 0.6369
vn 0.6965 -0.0128 0.7175
vn -0.0999 -0.0176 0.9948
vn 0.6833 -0.0706 0.7267
vn -0.3361 -0.0164 0.9417
vn -0.6692 -0.0131 0.7429
vn -0.9039 -0.0085 0.4277
vn -0.9002 -0.0557 0.4319
vn -0.8806 -0.1924 0.4330
vn -0.8127 -0.4141 0.4099
vn -0.6941 -0.6352 0.3388
vn -0.4606 -0.7684 0.4443
vn -0.2155 -0.8430 0.4928
vn -0.0611 -0.8631 0.5014
vn 0.6570 -0.4706 0.5890
vn 0.6664 -0.6457 0.3729
vn 0.6666 -0.2326 0.7082
vn -0.9650 0.2611 0.0262
vn -0.9944 0.1034 0.0208
vn -0.9918 0.1043 0.0735
vn -0.9611 0.2632 0.0839
vn -0.9994 0.0294 0.0191
vn -0.9971 0.0291 0.0703
vn -0.9754 0.1100 0.1913
vn -0.9447 0.2633 0.1956
vn -0.9819 0.0294 0.1870
vn -0.8392 0.5439 0.0002
vn -0.9655 0.2603 0.0001
vn -0.8375 0.5450 0.0386
vn -0.9947 0.1032 0.0001
vn -0.9996 0.0295 0.0001
vn -1.0000 0.0036 0.0001
vn -0.9998 0.0037 0.0188
vn -0.9976 0.0031 0.0697
vn -0.9826 0.0015 0.1858
vn -0.8127 0.5368 0.2266
vn -0.8310 0.5454 0.1098
vn -0.5820 -0.4261 -0.6926
vn -0.2673 -0.5184 -0.8123
vn -0.2268 -0.6266 -0.7456
vn -0.5178 -0.5454 -0.6591
vn -0.0760 -0.5454 -0.8347
vn -0.0631 -0.6490 -0.7582
vn -0.1849 -0.7529 -0.6317
vn -0.4325 -0.6881 -0.5827
vn -0.0511 -0.7688 -0.6375
vn -0.8841 -0.1920 -0.4260
vn -0.6265 -0.3426 -0.7001
vn -0.8576 -0.2634 -0.4418
vn -0.3001 -0.4358 -0.8486
vn -0.0871 -0.4641 -0.8815
vn 0.6907 -0.3388 -0.6388
vn 0.6886 -0.3988 -0.6057
vn 0.6854 -0.4754 -0.5516
vn 0.6822 -0.5639 -0.4654
vn 0.6809 -0.6457 -0.3456
vn -0.0438 -0.8804 -0.4721
vn -0.1573 -0.8697 -0.4679
vn -0.3591 -0.8214 -0.4430
vn -0.7159 -0.5531 -0.4261
vn -0.6052 -0.7050 -0.3697
vn -0.8065 -0.3878 -0.4463
vn -0.0710 0.9955 0.0634
vn -0.2487 0.9667 0.0608
vn -0.2445 0.9563 0.1602
vn -0.0693 0.9838 0.1654
vn -0.5508 0.8330 0.0529
vn -0.5436 0.8273 0.1417
vn -0.2469 0.9098 0.3337
vn -0.0704 0.9366 0.3431
vn -0.5298 0.7971 0.2898
vn 0.6953 0.7188 0.0003
vn -0.0718 0.9974 0.0004
vn 0.6926 0.7198 0.0461
vn -0.2507 0.9681 0.0004
vn -0.5533 0.8330 0.0003
vn 0.6755 0.6925 0.2532
vn 0.6868 0.7167 0.1208
vn -0.0488 -0.9967 -0.0654
vn -0.1751 -0.9825 -0.0631
vn -0.1654 -0.9737 -0.1568
vn -0.0457 -0.9859 -0.1611
vn -0.4224 -0.9046 -0.0575
vn -0.4035 -0.9033 -0.1456
vn -0.1545 -0.9433 -0.2939
vn -0.0427 -0.9533 -0.2989
vn -0.3688 -0.8886 -0.2727
vn 0.6969 -0.7172 -0.0007
vn -0.0502 -0.9987 -0.0009
vn 0.6944 -0.7180 -0.0475
vn -0.1790 -0.9838 -0.0008
vn -0.4292 -0.9032 -0.0007
vn -0.7440 -0.6682 -0.0006
vn -0.7374 -0.6739 -0.0467
vn -0.7157 -0.6870 -0.1256
vn -0.6683 -0.7034 -0.2420
vn 0.6853 -0.6948 -0.2183
vn 0.6904 -0.7139 -0.1173
vn 1.0000 -0.0000 -0.0000
vn 0.8619 0.4277 0.2722
vn 0.8276 0.5407 0.1505
vn 0.8081 0.5851 0.0686
vn 0.8000 0.5995 0.0255
vn 0.7973 0.6036 0.0050
vn -0.9988 -0.0440 -0.0217
vn -0.9949 -0.0638 -0.0785
vn -0.9814 -0.1711 -0.0874
vn -0.9887 -0.1476 -0.0254
vn -0.9707 -0.1253 -0.2052
vn -0.9455 -0.2403 -0.2197
vn -0.9174 -0.3845 -0.1028
vn -0.9320 -0.3609 -0.0336
vn -0.8735 -0.4312 -0.2261
vn -1.0000 -0.0048 -0.0000
vn -0.9998 -0.0085 -0.0200
vn -0.9992 -0.0394 -0.0001
vn -0.9970 -0.0248 -0.0730
vn -0.9785 -0.0750 -0.1920
vn -0.9354 -0.3537 -0.0005
vn -0.9899 -0.1418 -0.0002
vn -0.1158 0.0027 -0.9933
vn -0.3798 0.0036 -0.9251
vn -0.3695 0.2208 -0.9026
vn -0.1118 0.2356 -0.9654
vn -0.7167 0.0084 -0.6974
vn -0.7025 0.1818 -0.6880
vn -0.3352 0.5236 -0.7832
vn -0.1000 0.5535 -0.8268
vn -0.6495 0.4347 -0.6239
vn 0.6863 -0.0979 -0.7207
vn -0.1145 -0.1329 -0.9845
vn 0.6775 0.0020 -0.7355
vn -0.3764 -0.1210 -0.9185
vn -0.7133 -0.0868 -0.6955
vn -0.9232 -0.0419 -0.3820
vn -0.9244 0.0163 -0.3811
vn -0.9143 0.1340 -0.3822
vn -0.8719 0.3180 -0.3724
vn -0.7925 0.5176 -0.3226
vn -0.5673 0.6849 -0.4572
vn -0.2838 0.7931 -0.5389
vn -0.0829 0.8253 -0.5586
vn 0.6557 0.4217 -0.6263
vn 0.6612 0.6224 -0.4188
vn 0.6652 0.1781 -0.7251
vn 0.4404 0.5351 0.7209
vn 0.4638 0.2498 0.8500
vn 0.4638 0.2499 0.8499
vn 0.4403 0.5354 0.7207
vn 0.4648 0.0694 0.8827
vn 0.4638 0.2500 0.8499
vn 0.4403 0.5357 0.7205
vn 0.8806 0.2747 0.3860
vn 0.3756 0.7967 0.4736
vn 0.8762 0.1343 0.4628
vn 0.8653 0.0393 0.4997
vn 0.8587 -0.0042 0.5125
vn 0.4641 -0.0071 0.8858
vn 0.8525 -0.0041 0.5227
vn 0.8463 0.0417 0.5311
vn 0.8349 0.1571 0.5276
vn 0.8167 0.3526 0.4568
vn 0.3753 0.7974 0.4725
vn 0.7969 0.5282 0.2933
vn 0.3754 0.7970 0.4731
vn -0.9998 -0.0015 -0.0179
vn -0.9979 -0.0079 -0.0644
vn -0.9977 -0.0116 -0.0664
vn -0.9998 -0.0022 -0.0184
vn -0.9853 -0.0275 -0.1684
vn -0.9839 -0.0402 -0.1740
vn -0.9975 -0.0158 -0.0692
vn -0.9998 -0.0030 -0.0191
vn -0.9818 -0.0548 -0.1817
vn -0.9998 0.0027 -0.0176
vn -1.0000 -0.0001 -0.0000
vn -0.9980 -0.0012 -0.0630
vn -0.9862 -0.0129 -0.1649
vn -0.9185 -0.0760 -0.3881
vn -0.9109 -0.1104 -0.3976
vn -0.8999 -0.1482 -0.4102
vn -0.1005 -0.0167 0.9948
vn -0.3380 -0.0155 0.9410
vn -0.3374 -0.0123 0.9413
vn -0.1003 -0.0134 0.9949
vn -0.6716 -0.0115 0.7409
vn -0.6709 -0.0092 0.7415
vn -0.3370 -0.0091 0.9415
vn -0.1001 -0.0099 0.9949
vn -0.6704 -0.0068 0.7420
vn 0.6990 -0.0121 0.7151
vn -0.9051 -0.0059 0.4252
vn -0.9047 -0.0047 0.4259
vn -0.9045 -0.0035 0.4265
vn 0.6990 -0.0071 0.7151
vn 0.6990 -0.0097 0.7151
vn -0.0963 -0.3902 -0.9157
vn -0.3266 -0.3627 -0.8728
vn -0.3485 -0.2850 -0.8929
vn -0.1041 -0.3092 -0.9453
vn -0.6588 -0.2769 -0.6995
vn -0.6836 -0.2125 -0.6982
vn -0.3653 -0.2048 -0.9081
vn -0.1103 -0.2237 -0.9684
vn -0.7017 -0.1499 -0.6966
vn 0.6895 -0.2857 -0.6656
vn 0.6877 -0.1646 -0.7071
vn 0.6881 -0.2271 -0.6892
vn 0.3593 -0.7266 -0.5857
vn 0.3892 -0.6051 -0.6946
vn 0.3893 -0.6049 -0.6947
vn 0.3593 -0.7263 -0.5859
vn 0.4117 -0.5008 -0.7613
vn 0.4118 -0.5008 -0.7614
vn 0.3893 -0.6048 -0.6948
vn 0.3594 -0.7260 -0.5862
vn 0.4118 -0.5007 -0.7614
vn 0.8323 -0.4890 -0.2609
vn 0.8415 -0.4164 -0.3442
vn 0.3228 -0.8408 -0.4345
vn 0.8466 -0.3457 -0.4047
vn 0.8495 -0.2867 -0.4430
vn 0.8535 -0.2359 -0.4647
vn 0.4303 -0.4142 -0.8021
vn 0.8379 -0.2537 -0.4833
vn 0.8309 -0.3091 -0.4627
vn 0.8204 -0.3794 -0.4277
vn 0.8076 -0.4631 -0.3652
vn 0.3230 -0.8401 -0.4357
vn 0.7947 -0.5423 -0.2728
vn 0.3229 -0.8405 -0.4351
vn 0.6789 0.6999 -0.2218
vn 0.6889 0.7169 -0.1077
vn 0.6935 0.7192 -0.0426
vn 0.7958 -0.6056 -0.0005
vn 0.7978 -0.6020 0.0327
vn 0.8048 -0.5886 0.0760
vn 0.8207 -0.5530 0.1436
vn 0.8523 -0.4599 0.2491
vn 0.6840 -0.7031 0.1946
vn 0.6924 -0.7149 0.0977
vn 0.6959 -0.7169 0.0408
vn 0.8746 0.4161 -0.2491
vn 0.9095 0.2068 -0.3606
vn 0.8971 0.0070 -0.4418
vn 0.8699 -0.1507 -0.4696
vn 0.8796 -0.3101 0.3608
vn 0.8805 -0.1603 0.4460
vn 0.8674 -0.0527 0.4949
vn 0.8380 -0.1814 -0.5146
vn 0.8358 -0.0081 -0.5490
vn 0.8224 0.3070 -0.4790
vn 0.8012 0.5377 -0.2627
vn 0.7938 0.5981 -0.1103
vn 0.7919 0.6091 -0.0427
vn 0.7926 0.6097 -0.0110
vn 0.7935 0.6086 0.0052
vn 0.8452 -0.0556 0.5315
vn 0.8316 -0.1929 0.5207
vn 0.8129 -0.3995 0.4238
vn 0.7970 -0.5448 0.2606
vn 0.7914 -0.5952 0.1394
vn 0.7885 -0.6108 0.0729
vn 0.7870 -0.6161 0.0315
vn 0.7862 -0.6180 -0.0010
vn 0.4665 -0.0928 0.8797
vn 0.4655 -0.3037 0.8313
vn 0.4655 -0.3036 0.8313
vn 0.4316 -0.6048 0.6693
vn 0.4316 -0.6046 0.6695
vn 0.4317 -0.6043 0.6697
vn 0.3594 -0.8322 0.4223
vn 0.3595 -0.8319 0.4227
vn 0.3597 -0.8316 0.4232
vn 0.2665 0.9630 0.0394
vn 0.2766 0.9552 0.1057
vn 0.2765 0.9553 0.1051
vn 0.2665 0.9631 0.0391
vn 0.3089 0.9205 0.2393
vn 0.3087 0.9207 0.2386
vn 0.2764 0.9554 0.1045
vn 0.2664 0.9631 0.0388
vn 0.3085 0.9210 0.2379
vn 0.2651 0.9642 0.0082
vn 0.7905 0.5955 0.1434
vn 0.7899 0.6100 0.0627
vn 0.7917 0.6105 0.0236
vn 0.2650 0.9642 0.0082
vn 0.4586 -0.2838 -0.8421
vn 0.5018 -0.0004 -0.8650
vn 0.4585 -0.2839 -0.8421
vn 0.5008 0.4505 -0.7391
vn 0.5008 0.4507 -0.7390
vn 0.5018 -0.0005 -0.8650
vn 0.5008 0.4508 -0.7389
vn 0.4047 0.8046 -0.4345
vn 0.4046 0.8049 -0.4341
vn 0.4044 0.8052 -0.4337
vn 0.2539 -0.9653 -0.0611
vn 0.2651 -0.9526 -0.1496
vn 0.2652 -0.9524 -0.1503
vn 0.2540 -0.9653 -0.0615
vn 0.2882 -0.9169 -0.2761
vn 0.2883 -0.9166 -0.2768
vn 0.2653 -0.9523 -0.1511
vn 0.2540 -0.9652 -0.0619
vn 0.2884 -0.9164 -0.2777
vn 0.7988 -0.6004 -0.0388
vn 0.2515 -0.9678 -0.0012
vn 0.8060 -0.5844 -0.0945
vn 0.8179 -0.5494 -0.1709
vn 0.7876 -0.5913 -0.1736
vn 0.7848 -0.6125 -0.0944
vn 0.7848 -0.6185 -0.0389
vn 0.2516 -0.9678 -0.0012
vn 0.2991 -0.9266 0.2278
vn 0.2691 -0.9558 0.1181
vn 0.2693 -0.9557 0.1186
vn 0.2992 -0.9264 0.2284
vn 0.2559 -0.9654 0.0505
vn 0.2560 -0.9653 0.0509
vn 0.2694 -0.9556 0.1192
vn 0.2994 -0.9262 0.2291
vn 0.2560 -0.9653 0.0512
vn 0.3150 0.9298 -0.1907
vn 0.2786 0.9575 -0.0748
vn 0.2785 0.9576 -0.0743
vn 0.3148 0.9299 -0.1901
vn 0.2674 0.9634 -0.0198
vn 0.2673 0.9634 -0.0195
vn 0.2783 0.9576 -0.0738
vn 0.3146 0.9301 -0.1895
vn 0.2673 0.9634 -0.0192
vn 0.8279 0.5472 -0.1232
vn 0.8072 0.5881 -0.0500
vn 0.7996 0.6004 -0.0135
vn -0.9825 -0.0020 0.1862
vn -0.9975 -0.0003 0.0700
vn -0.9975 -0.0001 0.0704
vn -0.9824 -0.0015 0.1868
vn -0.9998 0.0001 0.0190
vn -0.9998 0.0002 0.0191
vn -0.9975 0.0002 0.0709
vn -0.9823 -0.0010 0.1873
vn -0.9998 0.0004 0.0194
vn -0.9998 -0.0041 0.0197
vn -0.9974 -0.0042 0.0716
vn -0.9821 -0.0054 0.1882
vn -0.9806 -0.0428 0.1911
vn -0.9966 -0.0389 0.0732
vn -0.9867 -0.1429 0.0780
vn -0.9684 -0.1538 0.1966
vn -0.9990 -0.0386 0.0205
vn -0.9897 -0.1410 0.0231
vn -0.9302 -0.3560 0.0888
vn -0.9123 -0.3588 0.1976
vn -0.9351 -0.3532 0.0297
vn -0.7435 -0.6675 0.0411
vn -0.7370 -0.6673 0.1077
vn -0.7215 -0.6598 0.2101
vn -0.0506 -0.9623 0.2671
vn -0.1814 -0.9473 0.2639
vn -0.1760 -0.9754 0.1326
vn -0.0488 -0.9897 0.1350
vn -0.4158 -0.8767 0.2421
vn -0.4235 -0.8973 0.1245
vn -0.1782 -0.9825 0.0549
vn -0.0497 -0.9972 0.0564
vn -0.4283 -0.9022 0.0506
vn -0.0713 0.9506 -0.3021
vn -0.2500 0.9226 -0.2939
vn -0.2452 0.9588 -0.1434
vn -0.0695 0.9866 -0.1479
vn -0.5343 0.8063 -0.2539
vn -0.5446 0.8291 -0.1267
vn -0.2487 0.9669 -0.0564
vn -0.0710 0.9957 -0.0587
vn -0.5509 0.8332 -0.0490
vn -0.8169 0.5419 -0.1975
vn -0.8317 0.5465 -0.0980
vn -0.8376 0.5451 -0.0358
vn -0.9487 0.2662 -0.1708
vn -0.9798 0.1091 -0.1673
vn -0.9924 0.1039 -0.0656
vn -0.9616 0.2639 -0.0749
vn -0.9862 0.0231 -0.1642
vn -0.9977 0.0271 -0.0629
vn -0.9945 0.1032 -0.0192
vn -0.9650 0.2611 -0.0243
vn -0.9994 0.0290 -0.0177
vt 0.375000 0.666617
vt 0.375000 0.666269
vt 0.375000 0.666088
vt 0.375000 0.666594
vt 0.375000 0.665161
vt 0.375000 0.664569
vt 0.375000 0.666269
vt 0.375000 0.666617
vt 0.375000 0.665161
vt 0.375000 0.666667
vt 0.375000 0.666667
vt 0.375000 0.666667
vt 0.375000 0.666667
vt 0.375000 0.661892
vt 0.375000 0.660880
vt 0.375000 0.661883
vt 0.375000 0.666667
vt 0.375000 0.666667
vt 0.375000 0.666667
vt 0.375000 0.666561
vt 0.375000 0.666146
vt 0.375000 0.665252
vt 0.375000 0.666164
vt 0.375000 0.664978
vt 0.375000 0.663413
vt 0.375000 0.663413
vt 0.375000 0.665017
vt 0.375000 0.661313
vt 0.375000 0.666649
vt 0.375000 0.666522
vt 0.375000 0.666233
vt 0.375000 0.666667
vt 0.375000 0.661737
vt 0.375000 0.659706
vt 0.375000 0.657916
vt 0.375000 0.656250
vt 0.375000 0.661746
vt 0.375000 0.635367
vt 0.375000 0.635344
vt 0.375000 0.645255
vt 0.375000 0.645435
vt 0.375000 0.635365
vt 0.375000 0.645417
vt 0.375000 0.654152
vt 0.375000 0.654744
vt 0.375000 0.654706
vt 0.375000 0.625000
vt 0.375000 0.625000
vt 0.375000 0.635417
vt 0.375000 0.625000
vt 0.375000 0.625000
vt 0.375000 0.635398
vt 0.375000 0.645689
vt 0.375000 0.655816
vt 0.375000 0.661883
vt 0.375000 0.656250
vt 0.375000 0.645833
vt 0.375000 0.586358
vt 0.375000 0.584306
vt 0.375000 0.585037
vt 0.375000 0.587021
vt 0.375000 0.583550
vt 0.375000 0.584306
vt 0.375000 0.587021
vt 0.375000 0.588791
vt 0.375000 0.586358
vt 0.375000 0.590278
vt 0.375000 0.586263
vt 0.375000 0.590352
vt 0.375000 0.584201
vt 0.375000 0.583442
vt 0.375000 0.583333
vt 0.375000 0.586263
vt 0.375000 0.590278
vt 0.375000 0.590352
vt 0.375000 0.590873
vt 0.375000 0.592156
vt 0.375000 0.592156
vt 0.375000 0.593750
vt 0.375000 0.635417
vt 0.375000 0.645833
vt 0.375000 0.656250
vt 0.375000 0.656250
vt 0.375000 0.614694
vt 0.375000 0.614706
vt 0.375000 0.605147
vt 0.375000 0.605049
vt 0.375000 0.614732
vt 0.375000 0.605358
vt 0.375000 0.597021
vt 0.375000 0.596722
vt 0.375000 0.597688
vt 0.375000 0.625000
vt 0.375000 0.614692
vt 0.375000 0.625000
vt 0.375000 0.614748
vt 0.375000 0.605485
vt 0.375000 0.598151
vt 0.375000 0.592156
vt 0.375000 0.590872
vt 0.375000 0.596680
vt 0.375000 0.590278
vt 0.375000 0.605035
vt 0.375000 0.634347
vt 0.375000 0.642930
vt 0.375000 0.643019
vt 0.375000 0.634318
vt 0.375000 0.650068
vt 0.375000 0.650530
vt 0.375000 0.643042
vt 0.375000 0.634305
vt 0.375000 0.650659
vt 0.375000 0.625000
vt 0.375000 0.634427
vt 0.375000 0.625019
vt 0.375000 0.642989
vt 0.375000 0.649854
vt 0.375000 0.654049
vt 0.375000 0.655406
vt 0.375000 0.656443
vt 0.375000 0.656729
vt 0.375000 0.656267
vt 0.375000 0.650524
vt 0.375000 0.643003
vt 0.375000 0.634297
vt 0.375000 0.624998
vt 0.375000 0.625006
vt 0.375000 0.605049
vt 0.375000 0.605147
vt 0.375000 0.614706
vt 0.375000 0.596722
vt 0.375000 0.605358
vt 0.375000 0.614732
vt 0.375000 0.597688
vt 0.375000 0.614692
vt 0.375000 0.605035
vt 0.375000 0.605485
vt 0.375000 0.583385
vt 0.375000 0.583424
vt 0.375000 0.583912
vt 0.375000 0.583731
vt 0.375000 0.583421
vt 0.375000 0.585431
vt 0.375000 0.584839
vt 0.375000 0.583333
vt 0.375000 0.583351
vt 0.375000 0.583333
vt 0.375000 0.583478
vt 0.375000 0.583767
vt 0.375000 0.583333
vt 0.375000 0.583333
vt 0.375000 0.588108
vt 0.375000 0.589120
vt 0.375000 0.588108
vt 0.375000 0.659884
vt 0.375000 0.661640
vt 0.375000 0.661756
vt 0.375000 0.660215
vt 0.375000 0.662221
vt 0.375000 0.662238
vt 0.375000 0.662038
vt 0.375000 0.661086
vt 0.375000 0.662278
vt 0.375000 0.656267
vt 0.375000 0.659836
vt 0.375000 0.656333
vt 0.375000 0.661624
vt 0.375000 0.662219
vt 0.375000 0.662210
vt 0.375000 0.662210
vt 0.375000 0.662213
vt 0.375000 0.662222
vt 0.375000 0.662250
vt 0.375000 0.662334
vt 0.375000 0.662419
vt 0.375000 0.662504
vt 0.375000 0.658177
vt 0.375000 0.662588
vt 0.375000 0.656794
vt 0.375000 0.614635
vt 0.375000 0.604583
vt 0.375000 0.604890
vt 0.375000 0.614674
vt 0.375000 0.595307
vt 0.375000 0.596264
vt 0.375000 0.605017
vt 0.375000 0.614689
vt 0.375000 0.596628
vt 0.375000 0.625000
vt 0.375000 0.614583
vt 0.375000 0.604167
vt 0.375000 0.593750
vt 0.375000 0.588189
vt 0.375000 0.589699
vt 0.375000 0.590205
vt 0.375000 0.666648
vt 0.375000 0.666664
vt 0.375000 0.666628
vt 0.375000 0.583440
vt 0.375000 0.584183
vt 0.375000 0.584057
vt 0.375000 0.583424
vt 0.375000 0.586211
vt 0.375000 0.585847
vt 0.375000 0.583767
vt 0.375000 0.583388
vt 0.375000 0.584929
vt 0.375000 0.583442
vt 0.375000 0.583333
vt 0.375000 0.584201
vt 0.375000 0.586263
vt 0.375000 0.590205
vt 0.375000 0.589699
vt 0.375000 0.588189
vt 0.375000 0.591564
vt 0.375000 0.589647
vt 0.375000 0.589645
vt 0.375000 0.591564
vt 0.375000 0.588833
vt 0.375000 0.588825
vt 0.375000 0.591564
vt 0.375000 0.588834
vt 0.375000 0.595147
vt 0.375000 0.591565
vt 0.375000 0.595147
vt 0.375000 0.589653
vt 0.375000 0.588856
vt 0.375000 0.588615
vt 0.375000 0.588544
vt 0.375000 0.588529
vt 0.375000 0.591565
vt 0.375000 0.595147
vt 0.375000 0.595147
vt 0.375000 0.595147
vt 0.375000 0.615344
vt 0.375000 0.605687
vt 0.375000 0.605180
vt 0.375000 0.615090
vt 0.375000 0.596031
vt 0.375000 0.595271
vt 0.375000 0.604674
vt 0.375000 0.614837
vt 0.375000 0.594510
vt 0.375000 0.625000
vt 0.375000 0.615597
vt 0.375000 0.625000
vt 0.375000 0.606194
vt 0.375000 0.596792
vt 0.375000 0.587389
vt 0.375000 0.586375
vt 0.375000 0.585361
vt 0.375000 0.584347
vt 0.375000 0.583333
vt 0.375000 0.593750
vt 0.375000 0.604167
vt 0.375000 0.614583
vt 0.375000 0.625000
vt 0.375000 0.625000
vt 0.375000 0.625000
vt 0.375000 0.634727
vt 0.375000 0.644125
vt 0.375000 0.644694
vt 0.375000 0.634957
vt 0.375000 0.653523
vt 0.375000 0.654432
vt 0.375000 0.645264
vt 0.375000 0.635187
vt 0.375000 0.655341
vt 0.375000 0.625439
vt 0.375000 0.634497
vt 0.375000 0.625329
vt 0.375000 0.643555
vt 0.375000 0.652613
vt 0.375000 0.661672
vt 0.375000 0.662920
vt 0.375000 0.664169
vt 0.375000 0.665418
vt 0.375000 0.656250
vt 0.375000 0.645833
vt 0.375000 0.635417
vt 0.375000 0.625110
vt 0.375000 0.625220
vt 0.375000 0.663353
vt 0.375000 0.663064
vt 0.375000 0.664406
vt 0.375000 0.664475
vt 0.375000 0.662258
vt 0.375000 0.664184
vt 0.375000 0.665585
vt 0.375000 0.665577
vt 0.375000 0.665571
vt 0.375000 0.662219
vt 0.375000 0.663324
vt 0.375000 0.661624
vt 0.375000 0.661342
vt 0.375000 0.663962
vt 0.375000 0.665554
vt 0.375000 0.665552
vt 0.375000 0.664438
vt 0.375000 0.586616
vt 0.375000 0.586842
vt 0.375000 0.585672
vt 0.375000 0.585522
vt 0.375000 0.587068
vt 0.375000 0.585823
vt 0.375000 0.584503
vt 0.375000 0.584427
vt 0.375000 0.584578
vt 0.375000 0.587408
vt 0.375000 0.587710
vt 0.375000 0.586389
vt 0.375000 0.588011
vt 0.375000 0.588313
vt 0.375000 0.588615
vt 0.375000 0.587295
vt 0.375000 0.585974
vt 0.375000 0.584654
vt 0.375000 0.583333
vt 0.375000 0.584352
vt 0.375000 0.585371
vt 0.375000 0.587502
vt 0.375000 0.588290
vt 0.375000 0.586927
vt 0.375000 0.586149
vt 0.375000 0.590239
vt 0.375000 0.588914
vt 0.375000 0.585564
vt 0.375000 0.584795
vt 0.375000 0.587588
vt 0.375000 0.591565
vt 0.375000 0.593930
vt 0.375000 0.592712
vt 0.375000 0.591495
vt 0.375000 0.663028
vt 0.375000 0.663133
vt 0.375000 0.664311
vt 0.375000 0.664241
vt 0.375000 0.663233
vt 0.375000 0.664377
vt 0.375000 0.665489
vt 0.375000 0.665454
vt 0.375000 0.665522
vt 0.375000 0.661815
vt 0.375000 0.661956
vt 0.375000 0.662088
vt 0.375000 0.587590
vt 0.375000 0.588071
vt 0.375000 0.585832
vt 0.375000 0.585684
vt 0.375000 0.587597
vt 0.375000 0.585689
vt 0.375000 0.584408
vt 0.375000 0.584388
vt 0.375000 0.584391
vt 0.375000 0.587389
vt 0.375000 0.591237
vt 0.375000 0.592056
vt 0.375000 0.591245
vt 0.375000 0.587408
vt 0.375000 0.583333
vt 0.375000 0.661059
vt 0.375000 0.660548
vt 0.375000 0.663272
vt 0.375000 0.663814
vt 0.375000 0.659018
vt 0.375000 0.661684
vt 0.375000 0.665169
vt 0.375000 0.665503
vt 0.375000 0.664092
vt 0.375000 0.656729
vt 0.375000 0.655922
vt 0.375000 0.658181
vt 0.375000 0.660921
vt 0.375000 0.616071
vt 0.375000 0.606818
vt 0.375000 0.606613
vt 0.375000 0.615914
vt 0.375000 0.597566
vt 0.375000 0.597312
vt 0.375000 0.606408
vt 0.375000 0.615757
vt 0.375000 0.597059
vt 0.375000 0.625432
vt 0.375000 0.616228
vt 0.375000 0.625324
vt 0.375000 0.607024
vt 0.375000 0.597819
vt 0.375000 0.588313
vt 0.375000 0.588012
vt 0.375000 0.587710
vt 0.375000 0.596806
vt 0.375000 0.606203
vt 0.375000 0.615601
vt 0.375000 0.625107
vt 0.375000 0.624998
vt 0.375000 0.625215
vt 0.375000 0.634600
vt 0.375000 0.643754
vt 0.375000 0.643574
vt 0.375000 0.634552
vt 0.375000 0.652889
vt 0.375000 0.652443
vt 0.375000 0.643240
vt 0.375000 0.634484
vt 0.375000 0.651481
vt 0.375000 0.634637
vt 0.375000 0.625434
vt 0.375000 0.643841
vt 0.375000 0.653045
vt 0.375000 0.662250
vt 0.375000 0.662012
vt 0.375000 0.661218
vt 0.375000 0.659309
vt 0.375000 0.655729
vt 0.375000 0.650106
vt 0.375000 0.642813
vt 0.375000 0.634404
vt 0.375000 0.625437
vt 0.375000 0.625436
vt 0.375000 0.662044
vt 0.375000 0.661600
vt 0.375000 0.661337
vt 0.375000 0.662013
vt 0.375000 0.660483
vt 0.375000 0.659664
vt 0.375000 0.661231
vt 0.375000 0.662005
vt 0.375000 0.659353
vt 0.375000 0.662088
vt 0.375000 0.661815
vt 0.375000 0.661671
vt 0.375000 0.657524
vt 0.375000 0.656224
vt 0.375000 0.655791
vt 0.375000 0.655729
vt 0.375000 0.634299
vt 0.375000 0.643020
vt 0.375000 0.643135
vt 0.375000 0.634313
vt 0.375000 0.650571
vt 0.375000 0.650903
vt 0.375000 0.643415
vt 0.375000 0.634348
vt 0.375000 0.651773
vt 0.375000 0.624998
vt 0.375000 0.653191
vt 0.375000 0.643793
vt 0.375000 0.634396
vt 0.375000 0.624998
vt 0.375000 0.588337
vt 0.375000 0.588376
vt 0.375000 0.588542
vt 0.375000 0.588350
vt 0.375000 0.589111
vt 0.375000 0.589662
vt 0.375000 0.588376
vt 0.375000 0.588337
vt 0.375000 0.589111
vt 0.375000 0.591853
vt 0.375000 0.592797
vt 0.375000 0.616474
vt 0.375000 0.608066
vt 0.375000 0.608065
vt 0.375000 0.616474
vt 0.375000 0.600771
vt 0.375000 0.600771
vt 0.375000 0.600771
vt 0.375000 0.625439
vt 0.375000 0.608066
vt 0.375000 0.600771
vt 0.375000 0.600771
vt 0.375000 0.608066
vt 0.375000 0.625439
vt 0.375000 0.651281
vt 0.375000 0.643199
vt 0.375000 0.642936
vt 0.375000 0.650462
vt 0.375000 0.634453
vt 0.375000 0.634420
vt 0.375000 0.642828
vt 0.375000 0.650151
vt 0.375000 0.634406
vt 0.375000 0.652613
vt 0.375000 0.643555
vt 0.375000 0.650107
vt 0.375000 0.598207
vt 0.375000 0.606574
vt 0.375000 0.606742
vt 0.375000 0.598759
vt 0.375000 0.615647
vt 0.375000 0.615668
vt 0.375000 0.606574
vt 0.375000 0.615647
vt 0.375000 0.597979
vt 0.375000 0.607114
vt 0.375000 0.607297
vt 0.375000 0.598429
vt 0.375000 0.616268
vt 0.375000 0.616320
vt 0.375000 0.607635
vt 0.375000 0.599393
vt 0.375000 0.616391
vt 0.375000 0.616474
vt 0.375000 0.591565
vt 0.375000 0.595147
vt 0.375000 0.653082
vt 0.375000 0.643829
vt 0.375000 0.643817
vt 0.375000 0.653118
vt 0.375000 0.634576
vt 0.375000 0.634516
vt 0.375000 0.643805
vt 0.375000 0.653154
vt 0.375000 0.634456
vt 0.375000 0.662334
vt 0.375000 0.634637
vt 0.375000 0.634396
vt 0.375000 0.653191
vt 0.375000 0.662588
vt 0.375000 0.599748
vt 0.375000 0.607308
vt 0.375000 0.606550
vt 0.375000 0.598725
vt 0.375000 0.616028
vt 0.375000 0.615583
vt 0.375000 0.605792
vt 0.375000 0.597702
vt 0.375000 0.615137
vt 0.375000 0.605035
vt 0.375000 0.596680
vt 0.375000 0.650672
vt 0.375000 0.643398
vt 0.375000 0.644086
vt 0.375000 0.652133
vt 0.375000 0.634595
vt 0.375000 0.634834
vt 0.375000 0.644925
vt 0.375000 0.653975
vt 0.375000 0.635115
vt 0.375000 0.649854
vt 0.375000 0.656211
vt 0.375000 0.645815
vt 0.375000 0.645833
vt 0.375000 0.656250
vt 0.375000 0.635414
vt 0.375000 0.635417
vt 0.375000 0.635417
vt 0.375000 0.655816
vt 0.375000 0.635399
vt 0.375000 0.654650
vt 0.375000 0.645403
vt 0.375000 0.644997
vt 0.375000 0.653395
vt 0.375000 0.635363
vt 0.375000 0.635312
vt 0.375000 0.644660
vt 0.375000 0.652364
vt 0.375000 0.635270
vt 0.375000 0.635252
vt 0.375000 0.644515
vt 0.375000 0.651849
vt 0.375000 0.598007
vt 0.375000 0.606517
vt 0.375000 0.606664
vt 0.375000 0.598487
vt 0.375000 0.615640
vt 0.375000 0.615658
vt 0.375000 0.606521
vt 0.375000 0.598014
vt 0.375000 0.615640
vt 0.375000 0.591237
vt 0.375000 0.606194
vt 0.375000 0.592056
vt 0.375000 0.654650
vt 0.375000 0.653395
vt 0.375000 0.645403
vt 0.375000 0.644660
vt 0.375000 0.635270
vt 0.375000 0.651849
vt 0.375000 0.644515
vt 0.375000 0.635252
vt 0.375000 0.595256
vt 0.375000 0.595848
vt 0.375000 0.604745
vt 0.375000 0.604565
vt 0.375000 0.614656
vt 0.375000 0.614633
vt 0.375000 0.593750
vt 0.375000 0.604167
vt 0.375000 0.604167
vt 0.375000 0.593750
vt 0.375000 0.604167
vt 0.375000 0.614583
vt 0.375000 0.614583
s 1
usemtl Material.002
f 4494/2852/2411 4495/2853/2412 4498/2854/2413 4497/2855/2414
f 4495/2853/2412 4496/2856/2415 4499/2857/2416 4498/2854/2413
f 4497/2855/2414 4498/2854/2413 4501/2858/2417 4500/2859/2418
f 4498/2854/2413 4499/2857/2416 4502/2860/2419 4501/2858/2417
f 4228/2861/2420 4262/2862/2421 4494/2852/2411 4323/2863/2422
f 4262/2862/2421 4261/2862/2423 4495/2853/2412 4494/2852/2411
f 4261/2862/2423 4260/2862/2424 4496/2856/2415 4495/2853/2412
f 4260/2862/2424 4214/2864/2425 4326/2865/2426 4496/2856/2415
f 4496/2856/2415 4326/2865/2426 4327/2866/2427 4499/2857/2416
f 4499/2857/2416 4327/2866/2427 4328/2867/2428 4502/2860/2419
f 4502/2860/2419 4328/2867/2428 4225/2868/2429 4304/2869/2430
f 4501/2858/2417 4502/2860/2419 4304/2869/2430 4303/2869/2431
f 4500/2859/2418 4501/2858/2417 4303/2869/2431 4302/2869/2432
f 4325/2869/2433 4500/2859/2418 4302/2869/2432 4232/2870/2434
f 4324/2864/2435 4497/2855/2414 4500/2859/2418 4325/2869/2433
f 4323/2863/2422 4494/2852/2411 4497/2855/2414 4324/2864/2435
f 4503/2871/2436 4504/2872/2437 4507/2873/2438 4506/2874/2439
f 4504/2872/2437 4505/2875/2440 4508/2876/2441 4507/2873/2438
f 4506/2874/2439 4507/2873/2438 4510/2877/2442 4509/2878/2443
f 4507/2873/2438 4508/2876/2441 4511/2879/2444 4510/2877/2442
f 4233/2869/2445 4307/2880/2446 4503/2871/2436 4317/2870/2447
f 4307/2880/2446 4306/2881/2448 4504/2872/2437 4503/2871/2436
f 4306/2881/2448 4305/2882/2449 4505/2875/2440 4504/2872/2437
f 4305/2882/2449 4224/2883/2450 4329/2884/2451 4505/2875/2440
f 4505/2875/2440 4329/2884/2451 4330/2885/2452 4508/2876/2441
f 4508/2876/2441 4330/2885/2452 4331/2886/2453 4511/2879/2444
f 4511/2879/2444 4331/2886/2453 4218/2887/2454 4274/2886/2455
f 4510/2877/2442 4511/2879/2444 4274/2886/2455 4273/2885/2456
f 4509/2878/2443 4510/2877/2442 4273/2885/2456 4272/2888/2457
f 4319/2869/2458 4509/2878/2443 4272/2888/2457 4230/2883/2459
f 4318/2869/2460 4506/2874/2439 4509/2878/2443 4319/2869/2458
f 4317/2870/2447 4503/2871/2436 4506/2874/2439 4318/2869/2460
f 4512/2889/2461 4513/2890/2462 4516/2891/2463 4515/2892/2464
f 4513/2890/2462 4514/2893/2465 4517/2894/2466 4516/2891/2463
f 4515/2892/2464 4516/2891/2463 4519/2895/2467 4518/2896/2468
f 4516/2891/2463 4517/2894/2466 4520/2897/2469 4519/2895/2467
f 4243/2898/2470 4493/2899/2471 4512/2889/2461 4427/2900/2472
f 4493/2899/2471 4492/2898/2473 4513/2890/2462 4512/2889/2461
f 4492/2898/2473 4491/2901/2474 4514/2893/2465 4513/2890/2462
f 4491/2901/2474 4247/2902/2475 4439/2903/2476 4514/2893/2465
f 4514/2893/2465 4439/2903/2476 4438/2904/2477 4517/2894/2466
f 4517/2894/2466 4438/2904/2477 4437/2905/2478 4520/2897/2469
f 4520/2897/2469 4437/2905/2478 4225/2868/2429 4328/2906/2428
f 4519/2895/2467 4520/2897/2469 4328/2906/2428 4327/2866/2427
f 4518/2896/2468 4519/2895/2467 4327/2866/2427 4326/2865/2426
f 4425/2907/2479 4518/2896/2468 4326/2865/2426 4214/2864/2425
f 4426/2908/2480 4515/2892/2464 4518/2896/2468 4425/2907/2479
f 4427/2900/2472 4512/2889/2461 4515/2892/2464 4426/2908/2480
f 4521/2909/2481 4522/2910/2482 4525/2911/2483 4524/2912/2484
f 4522/2910/2482 4523/2913/2485 4526/2914/2486 4525/2911/2483
f 4524/2912/2484 4525/2911/2483 4528/2915/2487 4527/2916/2488
f 4525/2911/2483 4526/2914/2486 4529/2917/2489 4528/2915/2487
f 4227/2918/2490 4310/2919/2491 4521/2909/2481 4337/2920/2492
f 4310/2919/2491 4309/2921/2493 4522/2910/2482 4521/2909/2481
f 4309/2921/2493 4308/2922/2494 4523/2913/2485 4522/2910/2482
f 4308/2922/2494 4222/2923/2495 4316/2922/2496 4523/2913/2485
f 4523/2913/2485 4316/2922/2496 4315/2921/2497 4526/2914/2486
f 4526/2914/2486 4315/2921/2497 4314/2924/2498 4529/2917/2489
f 4529/2917/2489 4314/2924/2498 4231/2925/2499 4275/2926/2500
f 4528/2915/2487 4529/2917/2489 4275/2926/2500 4276/2927/2501
f 4527/2916/2488 4528/2915/2487 4276/2927/2501 4277/2928/2502
f 4335/2929/2503 4527/2916/2488 4277/2928/2502 4219/2930/2504
f 4336/2927/2505 4524/2912/2484 4527/2916/2488 4335/2929/2503
f 4337/2920/2492 4521/2909/2481 4524/2912/2484 4336/2927/2505
f 4530/2931/2506 4531/2931/2507 4534/2932/2508 4533/2908/2509
f 4531/2931/2507 4532/2931/2510 4535/2908/2511 4534/2932/2508
f 4533/2908/2509 4534/2932/2508 4537/2933/2512 4536/2933/2513
f 4534/2932/2508 4535/2908/2511 4538/2934/2514 4537/2933/2512
f 4242/2898/2515 4490/2899/2516 4530/2931/2506 4424/2900/2517
f 4490/2899/2516 4489/2899/2518 4531/2931/2507 4530/2931/2506
f 4489/2899/2518 4488/2899/2519 4532/2931/2510 4531/2931/2507
f 4488/2899/2519 4243/2898/2470 4427/2900/2472 4532/2931/2510
f 4532/2931/2510 4427/2900/2472 4426/2908/2480 4535/2908/2511
f 4535/2908/2511 4426/2908/2480 4425/2907/2479 4538/2934/2514
f 4538/2934/2514 4425/2907/2479 4214/2861/2425 4260/2862/2424
f 4537/2933/2512 4538/2934/2514 4260/2862/2424 4261/2862/2423
f 4536/2933/2513 4537/2933/2512 4261/2862/2423 4262/2862/2421
f 4422/2907/2520 4536/2933/2513 4262/2862/2421 4228/2861/2420
f 4423/2908/2521 4533/2908/2509 4536/2933/2513 4422/2907/2520
f 4424/2900/2517 4530/2931/2506 4533/2908/2509 4423/2908/2521
f 4539/2935/2522 4540/2936/2523 4543/2937/2524 4542/2938/2525
f 4540/2936/2523 4541/2939/2526 4544/2940/2527 4543/2937/2524
f 4542/2938/2525 4543/2937/2524 4546/2941/2528 4545/2942/2529
f 4543/2937/2524 4544/2940/2527 4547/2943/2530 4546/2941/2528
f 4244/2902/2531 4487/2944/2532 4539/2935/2522 4266/2945/2533
f 4487/2944/2532 4486/2902/2534 4540/2936/2523 4539/2935/2522
f 4486/2902/2534 4485/2946/2535 4541/2939/2526 4540/2936/2523
f 4485/2946/2535 4245/2902/2536 4269/2947/2537 4541/2939/2526
f 4541/2939/2526 4269/2947/2537 4270/2948/2538 4544/2940/2527
f 4544/2940/2527 4270/2948/2538 4271/2949/2539 4547/2943/2530
f 4547/2943/2530 4271/2949/2539 4219/2930/2504 4277/2950/2502
f 4546/2941/2528 4547/2943/2530 4277/2950/2502 4276/2951/2501
f 4545/2942/2529 4546/2941/2528 4276/2951/2501 4275/2926/2500
f 4268/2952/2540 4545/2942/2529 4275/2926/2500 4231/2953/2499
f 4267/2954/2541 4542/2938/2525 4545/2942/2529 4268/2952/2540
f 4266/2945/2533 4539/2935/2522 4542/2938/2525 4267/2954/2541
f 4548/2955/2542 4549/2956/2542 4552/2957/2542 4551/2958/2542
f 4549/2956/2542 4550/2959/2542 4553/2960/2542 4552/2957/2542
f 4551/2958/2542 4552/2957/2542 4555/2961/2542 4554/2962/2542
f 4552/2957/2542 4553/2960/2542 4556/2963/2542 4555/2961/2542
f 4249/2964/2542 4445/2965/2542 4548/2955/2542 4482/2966/2542
f 4445/2965/2542 4444/2967/2542 4549/2956/2542 4548/2955/2542
f 4444/2967/2542 4443/2968/2542 4550/2959/2542 4549/2956/2542
f 4443/2968/2542 4212/2969/2542 4359/2970/2542 4550/2959/2542
f 4550/2959/2542 4359/2970/2542 4360/2971/2542 4553/2960/2542
f 4553/2960/2542 4360/2971/2542 4361/2972/2542 4556/2963/2542
f 4556/2963/2542 4361/2972/2542 4220/2973/2543 4289/2974/2544
f 4555/2961/2542 4556/2963/2542 4289/2974/2544 4288/2975/2545
f 4554/2962/2542 4555/2961/2542 4288/2975/2545 4287/2976/2546
f 4484/2964/2542 4554/2962/2542 4287/2976/2546 4246/2977/2547
f 4483/2978/2542 4551/2958/2542 4554/2962/2542 4484/2964/2542
f 4482/2966/2542 4548/2955/2542 4551/2958/2542 4483/2978/2542
f 4557/2935/2548 4558/2979/2549 4561/2980/2550 4560/2981/2551
f 4558/2979/2549 4559/2982/2552 4562/2941/2553 4561/2980/2550
f 4560/2981/2551 4561/2980/2550 4564/2983/2554 4563/2984/2555
f 4561/2980/2550 4562/2941/2553 4565/2985/2556 4564/2983/2554
f 4248/2902/2557 4442/2986/2558 4557/2935/2548 4479/2944/2559
f 4442/2986/2558 4441/2987/2560 4558/2979/2549 4557/2935/2548
f 4441/2987/2560 4440/2952/2561 4559/2982/2552 4558/2979/2549
f 4440/2952/2561 4227/2918/2490 4337/2920/2492 4559/2982/2552
f 4559/2982/2552 4337/2920/2492 4336/2927/2505 4562/2941/2553
f 4562/2941/2553 4336/2927/2505 4335/2929/2503 4565/2985/2556
f 4565/2985/2556 4335/2929/2503 4219/2930/2504 4271/2949/2539
f 4564/2983/2554 4565/2985/2556 4271/2949/2539 4270/2988/2538
f 4563/2984/2555 4564/2983/2554 4270/2988/2538 4269/2947/2537
f 4481/2898/2562 4563/2984/2555 4269/2947/2537 4245/2902/2536
f 4480/2902/2563 4560/2981/2551 4563/2984/2555 4481/2898/2562
f 4479/2944/2559 4557/2935/2548 4560/2981/2551 4480/2902/2563
f 4566/2989/2564 4567/2990/2565 4570/2991/2566 4569/2992/2567
f 4567/2990/2565 4568/2993/2568 4571/2992/2569 4570/2991/2566
f 4569/2992/2567 4570/2991/2566 4573/2994/2570 4572/2995/2571
f 4570/2991/2566 4571/2992/2569 4574/2995/2572 4573/2994/2570
f 4235/2996/2573 4313/2997/2574 4566/2989/2564 4320/2998/2575
f 4313/2997/2574 4312/2999/2576 4567/2990/2565 4566/2989/2564
f 4312/2999/2576 4311/3000/2577 4568/2993/2568 4567/2990/2565
f 4311/3000/2577 4226/2996/2578 4332/2998/2579 4568/2993/2568
f 4568/2993/2568 4332/2998/2579 4333/3001/2580 4571/2992/2569
f 4571/2992/2569 4333/3001/2580 4334/3002/2581 4574/2995/2572
f 4574/2995/2572 4334/3002/2581 4215/3001/2582 4265/3003/2583
f 4573/2994/2570 4574/2995/2572 4265/3003/2583 4264/3004/2584
f 4572/2995/2571 4573/2994/2570 4264/3004/2584 4263/3005/2585
f 4322/3002/2586 4572/2995/2571 4263/3005/2585 4229/3001/2587
f 4321/3001/2588 4569/2992/2567 4572/2995/2571 4322/3002/2586
f 4320/2998/2575 4566/2989/2564 4569/2992/2567 4321/3001/2588
f 4575/3006/2589 4576/3007/2590 4579/3008/2591 4578/3009/2592
f 4576/3007/2590 4577/3010/2593 4580/3011/2593 4579/3008/2591
f 4578/3009/2592 4579/3008/2591 4582/3012/2594 4581/3013/2595
f 4579/3008/2591 4580/3011/2593 4583/3014/2593 4582/3012/2594
f 4220/3015/2543 4344/3016/2596 4575/3006/2589 4415/3017/2597
f 4344/3016/2596 4345/3018/2598 4576/3007/2590 4575/3006/2589
f 4345/3018/2598 4346/3019/2599 4577/3010/2593 4576/3007/2590
f 4346/3019/2599 4221/3020/2600 4410/3021/2601 4577/3010/2593
f 4577/3010/2593 4410/3021/2601 4411/3022/2601 4580/3011/2593
f 4580/3011/2593 4411/3022/2601 4412/3023/2601 4583/3014/2593
f 4583/3014/2593 4412/3023/2601 4236/3024/2602 4397/3025/2603
f 4582/3012/2594 4583/3014/2593 4397/3025/2603 4396/3026/2604
f 4581/3013/2595 4582/3012/2594 4396/3026/2604 4395/3027/2605
f 4413/3028/2606 4581/3013/2595 4395/3027/2605 4239/3029/2607
f 4414/3030/2608 4578/3009/2592 4581/3013/2595 4413/3028/2606
f 4415/3017/2597 4575/3006/2589 4578/3009/2592 4414/3030/2608
f 4584/3031/2609 4585/3032/2610 4588/3033/2611 4587/3034/2612
f 4585/3032/2610 4586/3035/2613 4589/3036/2614 4588/3033/2611
f 4587/3034/2612 4588/3033/2611 4591/3037/2615 4590/3038/2616
f 4588/3033/2611 4589/3036/2614 4592/3039/2617 4591/3037/2615
f 4247/3040/2475 4293/3041/2618 4584/3031/2609 4476/2901/2619
f 4293/3041/2618 4294/3042/2620 4585/3032/2610 4584/3031/2609
f 4294/3042/2620 4295/3043/2621 4586/3035/2613 4585/3032/2610
f 4295/3043/2621 4226/2996/2578 4296/3044/2622 4586/3035/2613
f 4586/3035/2613 4296/3044/2622 4297/3045/2623 4589/3036/2614
f 4589/3036/2614 4297/3045/2623 4298/3046/2624 4592/3039/2617
f 4592/3039/2617 4298/3046/2624 4227/2918/2490 4440/2952/2561
f 4591/3037/2615 4592/3039/2617 4440/2952/2561 4441/2987/2560
f 4590/3038/2616 4591/3037/2615 4441/2987/2560 4442/2986/2558
f 4478/2901/2619 4590/3038/2616 4442/2986/2558 4248/2902/2557
f 4477/2901/2619 4587/3034/2612 4590/3038/2616 4478/2901/2619
f 4476/2901/2619 4584/3031/2609 4587/3034/2612 4477/2901/2619
f 4593/2870/2625 4594/2868/2626 4597/2868/2627 4596/2864/2628
f 4594/2868/2626 4595/2870/2629 4598/2870/2630 4597/2868/2627
f 4596/2864/2628 4597/2868/2627 4600/3047/2631 4599/3048/2632
f 4597/2868/2627 4598/2870/2630 4601/3049/2633 4600/3047/2631
f 4232/2869/2434 4302/2869/2432 4593/2870/2625 4278/2869/2634
f 4302/2869/2432 4303/2869/2431 4594/2868/2626 4593/2870/2625
f 4303/2869/2431 4304/2869/2430 4595/2870/2629 4594/2868/2626
f 4304/2869/2430 4225/2869/2429 4292/2869/2635 4595/2870/2629
f 4595/2870/2629 4292/2869/2635 4291/2869/2636 4598/2870/2630
f 4598/2870/2630 4291/2869/2636 4290/2869/2637 4601/3049/2633
f 4601/3049/2633 4290/2869/2637 4224/2883/2450 4305/2882/2449
f 4600/3047/2631 4601/3049/2633 4305/2882/2449 4306/2881/2448
f 4599/3048/2632 4600/3047/2631 4306/2881/2448 4307/2880/2446
f 4280/2869/2638 4599/3048/2632 4307/2880/2446 4233/2869/2445
f 4279/2869/2639 4596/2864/2628 4599/3048/2632 4280/2869/2638
f 4278/2869/2634 4593/2870/2625 4596/2864/2628 4279/2869/2639
f 4602/3050/2640 4603/3051/2641 4606/3052/2642 4605/3053/2643
f 4603/3051/2641 4604/3054/2644 4607/3055/2645 4606/3052/2642
f 4605/3053/2643 4606/3052/2642 4609/3056/2646 4608/3057/2647
f 4606/3052/2642 4607/3055/2645 4610/3058/2648 4609/3056/2646
f 4222/2923/2495 4308/3059/2494 4602/3050/2640 4284/3060/2649
f 4308/3059/2494 4309/3061/2493 4603/3051/2641 4602/3050/2640
f 4309/3061/2493 4310/3062/2491 4604/3054/2644 4603/3051/2641
f 4310/3062/2491 4227/2918/2490 4298/3063/2624 4604/3054/2644
f 4604/3054/2644 4298/3063/2624 4297/3064/2623 4607/3055/2645
f 4607/3055/2645 4297/3064/2623 4296/3065/2622 4610/3058/2648
f 4610/3058/2648 4296/3065/2622 4226/2996/2578 4311/3000/2577
f 4609/3056/2646 4610/3058/2648 4311/3000/2577 4312/2999/2576
f 4608/3057/2647 4609/3056/2646 4312/2999/2576 4313/2997/2574
f 4286/3001/2650 4608/3057/2647 4313/2997/2574 4235/2996/2573
f 4285/3001/2651 4605/3053/2643 4608/3057/2647 4286/3001/2650
f 4284/3060/2649 4602/3050/2640 4605/3053/2643 4285/3001/2651
f 4611/3066/2652 4612/3067/2653 4615/3068/2654 4614/3069/2655
f 4612/3067/2653 4613/3070/2656 4616/3071/2657 4615/3068/2654
f 4614/3069/2655 4615/3068/2654 4618/3067/2658 4617/3072/2659
f 4615/3068/2654 4616/3071/2657 4619/3073/2660 4618/3067/2658
f 4217/3074/2661 4350/3075/2662 4611/3066/2652 4409/3076/2663
f 4350/3075/2662 4351/3077/2664 4612/3067/2653 4611/3066/2652
f 4351/3077/2664 4352/3078/2665 4613/3070/2656 4612/3067/2653
f 4352/3078/2665 4234/3079/2666 4281/3080/2667 4613/3070/2656
f 4613/3070/2656 4281/3080/2667 4282/3081/2667 4616/3071/2657
f 4616/3071/2657 4282/3081/2667 4283/3080/2667 4619/3073/2660
f 4619/3073/2660 4283/3080/2667 4237/3079/2668 4403/3078/2669
f 4618/3067/2658 4619/3073/2660 4403/3078/2669 4402/3077/2670
f 4617/3072/2659 4618/3067/2658 4402/3077/2670 4401/3082/2671
f 4407/3083/2672 4617/3072/2659 4401/3082/2671 4241/3084/2673
f 4408/3085/2674 4614/3069/2655 4617/3072/2659 4407/3083/2672
f 4409/3076/2663 4611/3066/2652 4614/3069/2655 4408/3085/2674
f 4620/3086/2542 4621/3087/2542 4624/3088/2542 4623/3089/2542
f 4621/3087/2542 4622/3090/2542 4625/3091/2542 4624/3088/2542
f 4623/3089/2542 4624/3088/2542 4627/3092/2542 4626/3093/2542
f 4624/3088/2542 4625/3091/2542 4628/3094/2542 4627/3092/2542
f 4249/3095/2542 4338/3096/2542 4620/3086/2542 4473/3097/2542
f 4338/3096/2542 4339/3098/2542 4621/3087/2542 4620/3086/2542
f 4339/3098/2542 4340/3099/2542 4622/3090/2542 4621/3087/2542
f 4340/3099/2542 4213/3100/2542 4365/3101/2542 4622/3090/2542
f 4622/3090/2542 4365/3101/2542 4366/3102/2542 4625/3091/2542
f 4625/3091/2542 4366/3102/2542 4367/3103/2542 4628/3094/2542
f 4628/3094/2542 4367/3103/2542 4229/3104/2587 4256/3105/2675
f 4627/3092/2542 4628/3094/2542 4256/3105/2675 4255/3106/2676
f 4626/3093/2542 4627/3092/2542 4255/3106/2676 4254/3107/2677
f 4475/3108/2542 4626/3093/2542 4254/3107/2677 4242/3109/2515
f 4474/3110/2542 4623/3089/2542 4626/3093/2542 4475/3108/2542
f 4473/3097/2542 4620/3086/2542 4623/3089/2542 4474/3110/2542
f 4629/3111/2542 4630/3112/2542 4633/3113/2542 4632/3114/2542
f 4630/3112/2542 4631/3115/2542 4634/3116/2542 4633/3113/2542
f 4632/3114/2542 4633/3113/2542 4636/3117/2542 4635/3118/2542
f 4633/3113/2542 4634/3116/2542 4637/3119/2542 4636/3117/2542
f 4250/3120/2678 4448/3121/2679 4629/3111/2542 4470/3122/2542
f 4448/3121/2679 4447/3123/2680 4630/3112/2542 4629/3111/2542
f 4447/3123/2680 4446/3124/2681 4631/3115/2542 4630/3112/2542
f 4446/3124/2681 4216/3125/2682 4371/3126/2542 4631/3115/2542
f 4631/3115/2542 4371/3126/2542 4372/3127/2542 4634/3116/2542
f 4634/3116/2542 4372/3127/2542 4373/3128/2542 4637/3119/2542
f 4637/3119/2542 4373/3128/2542 4230/2870/2459 4428/3129/2683
f 4636/3117/2542 4637/3119/2542 4428/3129/2683 4429/3130/2684
f 4635/3118/2542 4636/3117/2542 4429/3130/2684 4430/3131/2685
f 4472/3132/2542 4635/3118/2542 4430/3131/2685 4244/3040/2531
f 4471/3133/2542 4632/3114/2542 4635/3118/2542 4472/3132/2542
f 4470/3122/2542 4629/3111/2542 4632/3114/2542 4471/3133/2542
f 4638/3134/2542 4639/3135/2542 4642/3136/2542 4641/3137/2542
f 4639/3135/2542 4640/3138/2542 4643/3139/2542 4642/3136/2542
f 4641/3137/2542 4642/3136/2542 4645/3140/2542 4644/3141/2542
f 4642/3136/2542 4643/3139/2542 4646/3142/2542 4645/3140/2542
f 4221/3020/2600 4346/3143/2599 4638/3134/2542 4376/3144/2542
f 4346/3143/2599 4345/3145/2598 4639/3135/2542 4638/3134/2542
f 4345/3145/2598 4344/3016/2596 4640/3138/2542 4639/3135/2542
f 4344/3016/2596 4220/2973/2543 4377/3146/2542 4640/3138/2542
f 4640/3138/2542 4377/3146/2542 4378/3147/2542 4643/3139/2542
f 4643/3139/2542 4378/3147/2542 4379/3148/2542 4646/3142/2542
f 4646/3142/2542 4379/3148/2542 4232/2868/2434 4278/2869/2634
f 4645/3140/2542 4646/3142/2542 4278/2869/2634 4279/2869/2639
f 4644/3141/2542 4645/3140/2542 4279/2869/2639 4280/2869/2638
f 4374/3149/2542 4644/3141/2542 4280/2869/2638 4233/2869/2445
f 4375/3150/2542 4641/3137/2542 4644/3141/2542 4374/3149/2542
f 4376/3144/2542 4638/3134/2542 4641/3137/2542 4375/3150/2542
f 4647/3151/2542 4648/3152/2542 4651/3153/2542 4650/3154/2542
f 4648/3152/2542 4649/3155/2542 4652/3156/2542 4651/3153/2542
f 4650/3154/2542 4651/3153/2542 4654/3157/2542 4653/3158/2542
f 4651/3153/2542 4652/3156/2542 4655/3159/2542 4654/3157/2542
f 4223/3160/2686 4349/3161/2687 4647/3151/2542 4382/3162/2542
f 4349/3161/2687 4348/3163/2688 4648/3152/2542 4647/3151/2542
f 4348/3163/2688 4347/3164/2689 4649/3155/2542 4648/3152/2542
f 4347/3164/2689 4234/3165/2666 4383/3166/2542 4649/3155/2542
f 4649/3155/2542 4383/3166/2542 4384/3167/2542 4652/3156/2542
f 4652/3156/2542 4384/3167/2542 4385/3168/2542 4655/3159/2542
f 4655/3159/2542 4385/3168/2542 4222/3169/2495 4284/3060/2649
f 4654/3157/2542 4655/3159/2542 4284/3060/2649 4285/3001/2651
f 4653/3158/2542 4654/3157/2542 4285/3001/2651 4286/2998/2650
f 4380/3170/2542 4653/3158/2542 4286/2998/2650 4235/2998/2573
f 4381/3171/2542 4650/3154/2542 4653/3158/2542 4380/3170/2542
f 4382/3162/2542 4647/3151/2542 4650/3154/2542 4381/3171/2542
f 4656/3172/2542 4657/3173/2542 4660/3174/2542 4659/3175/2542
f 4657/3173/2542 4658/3176/2542 4661/3177/2542 4660/3174/2542
f 4659/3175/2542 4660/3174/2542 4663/3178/2542 4662/3179/2542
f 4660/3174/2542 4661/3177/2542 4664/3180/2542 4663/3178/2542
f 4234/3165/2666 4352/3078/2665 4656/3172/2542 4383/3166/2542
f 4352/3078/2665 4351/3077/2664 4657/3173/2542 4656/3172/2542
f 4351/3077/2664 4350/3181/2662 4658/3176/2542 4657/3173/2542
f 4350/3181/2662 4217/3084/2661 4370/3182/2542 4658/3176/2542
f 4658/3176/2542 4370/3182/2542 4369/3183/2542 4661/3177/2542
f 4661/3177/2542 4369/3183/2542 4368/3184/2542 4664/3180/2542
f 4664/3180/2542 4368/3184/2542 4231/2925/2499 4314/2924/2498
f 4663/3178/2542 4664/3180/2542 4314/2924/2498 4315/2921/2497
f 4662/3179/2542 4663/3178/2542 4315/2921/2497 4316/2922/2496
f 4385/3168/2542 4662/3179/2542 4316/2922/2496 4222/3169/2495
f 4384/3167/2542 4659/3175/2542 4662/3179/2542 4385/3168/2542
f 4383/3166/2542 4656/3172/2542 4659/3175/2542 4384/3167/2542
f 4665/3185/2542 4666/3186/2542 4669/3187/2542 4668/3188/2542
f 4666/3186/2542 4667/3189/2542 4670/3190/2542 4669/3187/2542
f 4668/3188/2542 4669/3187/2542 4672/3191/2542 4671/3192/2542
f 4669/3187/2542 4670/3190/2542 4673/3193/2542 4672/3191/2542
f 4216/3125/2682 4355/3194/2690 4665/3185/2542 4371/3126/2542
f 4355/3194/2690 4354/3195/2691 4666/3186/2542 4665/3185/2542
f 4354/3195/2691 4353/3196/2692 4667/3189/2542 4666/3186/2542
f 4353/3196/2692 4221/3020/2600 4376/3144/2542 4667/3189/2542
f 4667/3189/2542 4376/3144/2542 4375/3150/2542 4670/3190/2542
f 4670/3190/2542 4375/3150/2542 4374/3149/2542 4673/3193/2542
f 4673/3193/2542 4374/3149/2542 4233/2869/2445 4317/2870/2447
f 4672/3191/2542 4673/3193/2542 4317/2870/2447 4318/2869/2460
f 4671/3192/2542 4672/3191/2542 4318/2869/2460 4319/2869/2458
f 4373/3128/2542 4671/3192/2542 4319/2869/2458 4230/2870/2459
f 4372/3127/2542 4668/3188/2542 4671/3192/2542 4373/3128/2542
f 4371/3126/2542 4665/3185/2542 4668/3188/2542 4372/3127/2542
f 4674/3197/2542 4675/3198/2542 4678/3199/2542 4677/3200/2542
f 4675/3198/2542 4676/3201/2542 4679/3202/2542 4678/3199/2542
f 4677/3200/2542 4678/3199/2542 4681/3203/2542 4680/3204/2542
f 4678/3199/2542 4679/3202/2542 4682/3205/2542 4681/3203/2542
f 4213/3206/2542 4358/3207/2542 4674/3197/2542 4365/3101/2542
f 4358/3207/2542 4357/3208/2542 4675/3198/2542 4674/3197/2542
f 4357/3208/2542 4356/3209/2542 4676/3201/2542 4675/3198/2542
f 4356/3209/2542 4223/3210/2686 4382/3162/2542 4676/3201/2542
f 4676/3201/2542 4382/3162/2542 4381/3171/2542 4679/3202/2542
f 4679/3202/2542 4381/3171/2542 4380/3170/2542 4682/3205/2542
f 4682/3205/2542 4380/3170/2542 4235/2998/2573 4320/3001/2575
f 4681/3203/2542 4682/3205/2542 4320/3001/2575 4321/3211/2588
f 4680/3204/2542 4681/3203/2542 4321/3211/2588 4322/3002/2586
f 4367/3103/2542 4680/3204/2542 4322/3002/2586 4229/3104/2587
f 4366/3102/2542 4677/3200/2542 4680/3204/2542 4367/3103/2542
f 4365/3101/2542 4674/3197/2542 4677/3200/2542 4366/3102/2542
f 4683/3212/2542 4684/3213/2542 4687/3214/2542 4686/3215/2542
f 4684/3213/2542 4685/3216/2542 4688/3217/2542 4687/3214/2542
f 4686/3215/2542 4687/3214/2542 4690/3218/2542 4689/3219/2542
f 4687/3214/2542 4688/3217/2542 4691/3220/2542 4690/3218/2542
f 4220/2973/2543 4361/3221/2542 4683/3212/2542 4377/3146/2542
f 4361/3221/2542 4360/2971/2542 4684/3213/2542 4683/3212/2542
f 4360/2971/2542 4359/2970/2542 4685/3216/2542 4684/3213/2542
f 4359/2970/2542 4212/2969/2542 4364/3222/2542 4685/3216/2542
f 4685/3216/2542 4364/3222/2542 4363/3223/2542 4688/3217/2542
f 4688/3217/2542 4363/3223/2542 4362/3224/2542 4691/3220/2542
f 4691/3220/2542 4362/3224/2542 4228/2864/2420 4323/2862/2422
f 4690/3218/2542 4691/3220/2542 4323/2862/2422 4324/2864/2435
f 4689/3219/2542 4690/3218/2542 4324/2864/2435 4325/2869/2433
f 4379/3148/2542 4689/3219/2542 4325/2869/2433 4232/2868/2434
f 4378/3147/2542 4686/3215/2542 4689/3219/2542 4379/3148/2542
f 4377/3146/2542 4683/3212/2542 4686/3215/2542 4378/3147/2542
f 4692/3225/2542 4693/3226/2542 4696/3227/2542 4695/3228/2542
f 4693/3226/2542 4694/3229/2542 4697/3230/2542 4696/3227/2542
f 4695/3228/2542 4696/3227/2542 4699/3231/2542 4698/3232/2542
f 4696/3227/2542 4697/3230/2542 4700/3233/2542 4699/3231/2542
f 4251/3234/2542 4386/3235/2542 4692/3225/2542 4467/3236/2542
f 4386/3235/2542 4387/3237/2542 4693/3226/2542 4692/3225/2542
f 4387/3237/2542 4388/3238/2542 4694/3229/2542 4693/3226/2542
f 4388/3238/2542 4237/3165/2668 4398/3239/2693 4694/3229/2542
f 4694/3229/2542 4398/3239/2693 4399/3240/2694 4697/3230/2542
f 4697/3230/2542 4399/3240/2694 4400/3241/2695 4700/3233/2542
f 4700/3233/2542 4400/3241/2695 4238/3160/2696 4452/3242/2697
f 4699/3231/2542 4700/3233/2542 4452/3242/2697 4453/3243/2698
f 4698/3232/2542 4699/3231/2542 4453/3243/2698 4454/3244/2699
f 4469/3245/2542 4698/3232/2542 4454/3244/2699 4252/3246/2700
f 4468/3247/2542 4695/3228/2542 4698/3232/2542 4469/3245/2542
f 4467/3236/2542 4692/3225/2542 4695/3228/2542 4468/3247/2542
f 4701/3248/2542 4702/3249/2542 4705/3250/2542 4704/3251/2542
f 4702/3249/2542 4703/3252/2542 4706/3253/2542 4705/3250/2542
f 4704/3251/2542 4705/3250/2542 4708/3254/2542 4707/3255/2542
f 4705/3250/2542 4706/3253/2542 4709/3256/2542 4708/3254/2542
f 4251/3234/2542 4451/3257/2542 4701/3248/2542 4464/3258/2542
f 4451/3257/2542 4450/3259/2542 4702/3249/2542 4701/3248/2542
f 4450/3259/2542 4449/3260/2542 4703/3252/2542 4702/3249/2542
f 4449/3260/2542 4236/3261/2602 4404/3262/2701 4703/3252/2542
f 4703/3252/2542 4404/3262/2701 4405/3263/2702 4706/3253/2542
f 4706/3253/2542 4405/3263/2702 4406/3264/2703 4709/3256/2542
f 4709/3256/2542 4406/3264/2703 4240/3265/2704 4455/3266/2705
f 4708/3254/2542 4709/3256/2542 4455/3266/2705 4456/3267/2706
f 4707/3255/2542 4708/3254/2542 4456/3267/2706 4457/3268/2707
f 4466/3269/2542 4707/3255/2542 4457/3268/2707 4253/3120/2708
f 4465/3270/2542 4704/3251/2542 4707/3255/2542 4466/3269/2542
f 4464/3258/2542 4701/3248/2542 4704/3251/2542 4465/3270/2542
f 4710/3271/2709 4711/3272/2710 4714/3273/2711 4713/3274/2709
f 4711/3272/2710 4712/3275/2712 4715/3276/2713 4714/3273/2711
f 4713/3274/2709 4714/3273/2711 4717/3277/2711 4716/3278/2709
f 4714/3273/2711 4715/3276/2713 4718/3279/2714 4717/3277/2711
f 4221/3020/2600 4353/3280/2692 4710/3271/2709 4410/3021/2601
f 4353/3280/2692 4354/3195/2691 4711/3272/2710 4710/3271/2709
f 4354/3195/2691 4355/3281/2690 4712/3275/2712 4711/3272/2710
f 4355/3281/2690 4216/3282/2682 4416/3283/2715 4712/3275/2712
f 4712/3275/2712 4416/3283/2715 4417/3284/2716 4715/3276/2713
f 4715/3276/2713 4417/3284/2716 4418/3285/2717 4718/3279/2714
f 4718/3279/2714 4418/3285/2717 4240/3286/2704 4406/3264/2703
f 4717/3277/2711 4718/3279/2714 4406/3264/2703 4405/3263/2702
f 4716/3278/2709 4717/3277/2711 4405/3263/2702 4404/3262/2701
f 4412/3023/2601 4716/3278/2709 4404/3262/2701 4236/3024/2602
f 4411/3022/2601 4713/3274/2709 4716/3278/2709 4412/3023/2601
f 4410/3021/2601 4710/3271/2709 4713/3274/2709 4411/3022/2601
f 4719/3287/2718 4720/3288/2719 4723/3289/2720 4722/3290/2721
f 4720/3288/2719 4721/3291/2722 4724/3292/2723 4723/3289/2720
f 4722/3290/2721 4723/3289/2720 4726/3293/2724 4725/3294/2725
f 4723/3289/2720 4724/3292/2723 4727/3295/2726 4726/3293/2724
f 4246/2977/2547 4287/2976/2546 4719/3287/2718 4461/3296/2727
f 4287/2976/2546 4288/2975/2545 4720/3288/2719 4719/3287/2718
f 4288/2975/2545 4289/2974/2544 4721/3291/2722 4720/3288/2719
f 4289/2974/2544 4220/3015/2543 4415/3017/2597 4721/3291/2722
f 4721/3291/2722 4415/3017/2597 4414/3030/2608 4724/3292/2723
f 4724/3292/2723 4414/3030/2608 4413/3028/2606 4727/3295/2726
f 4727/3295/2726 4413/3028/2606 4239/3029/2607 4391/3297/2728
f 4726/3293/2724 4727/3295/2726 4391/3297/2728 4390/3298/2729
f 4725/3294/2725 4726/3293/2724 4390/3298/2729 4389/3299/2730
f 4463/3300/2731 4725/3294/2725 4389/3299/2730 4252/3246/2700
f 4462/3300/2731 4722/3290/2721 4725/3294/2725 4463/3300/2731
f 4461/3296/2727 4719/3287/2718 4722/3290/2721 4462/3300/2731
f 4728/3301/2732 4729/3302/2733 4732/3303/2733 4731/3304/2734
f 4729/3302/2733 4730/3305/2735 4733/3306/2736 4732/3303/2733
f 4731/3304/2734 4732/3303/2733 4735/3307/2737 4734/3308/2734
f 4732/3303/2733 4733/3306/2736 4736/3309/2738 4735/3307/2737
f 4234/3079/2666 4347/3239/2689 4728/3301/2732 4281/3080/2667
f 4347/3239/2689 4348/3240/2688 4729/3302/2733 4728/3301/2732
f 4348/3240/2688 4349/3241/2687 4730/3305/2735 4729/3302/2733
f 4349/3241/2687 4223/3210/2686 4421/3310/2739 4730/3305/2735
f 4730/3305/2735 4421/3310/2739 4420/3311/2740 4733/3306/2736
f 4733/3306/2736 4420/3311/2740 4419/3310/2741 4736/3309/2738
f 4736/3309/2738 4419/3310/2741 4238/3210/2696 4400/3241/2695
f 4735/3307/2737 4736/3309/2738 4400/3241/2695 4399/3240/2694
f 4734/3308/2734 4735/3307/2737 4399/3240/2694 4398/3239/2693
f 4283/3080/2667 4734/3308/2734 4398/3239/2693 4237/3079/2668
f 4282/3081/2667 4731/3304/2734 4734/3308/2734 4283/3080/2667
f 4281/3080/2667 4728/3301/2732 4731/3304/2734 4282/3081/2667
f 4737/3312/2742 4738/3313/2743 4741/3314/2744 4740/3315/2745
f 4738/3313/2743 4739/3316/2746 4742/3317/2747 4741/3314/2744
f 4740/3315/2745 4741/3314/2744 4744/3314/2748 4743/3315/2749
f 4741/3314/2744 4742/3317/2747 4745/3318/2750 4744/3314/2748
f 4250/3319/2678 4341/3315/2751 4737/3312/2742 4458/3319/2752
f 4341/3315/2751 4342/3320/2753 4738/3313/2743 4737/3312/2742
f 4342/3320/2753 4343/3321/2754 4739/3316/2746 4738/3313/2743
f 4343/3321/2754 4217/3074/2661 4409/3076/2663 4739/3316/2746
f 4739/3316/2746 4409/3076/2663 4408/3085/2674 4742/3317/2747
f 4742/3317/2747 4408/3085/2674 4407/3083/2672 4745/3318/2750
f 4745/3318/2750 4407/3083/2672 4241/3084/2673 4394/3322/2755
f 4744/3314/2748 4745/3318/2750 4394/3322/2755 4393/3323/2756
f 4743/3315/2749 4744/3314/2748 4393/3323/2756 4392/3315/2757
f 4460/3120/2758 4743/3315/2749 4392/3315/2757 4253/3120/2708
f 4459/3324/2758 4740/3315/2745 4743/3315/2749 4460/3120/2758
f 4458/3319/2752 4737/3312/2742 4740/3315/2745 4459/3324/2758
f 4746/3325/2759 4747/3326/2760 4750/3327/2761 4749/3328/2762
f 4747/3326/2760 4748/3329/2763 4751/3330/2764 4750/3327/2761
f 4749/3328/2762 4750/3327/2761 4753/3331/2765 4752/3332/2766
f 4750/3327/2761 4751/3330/2764 4754/3333/2767 4753/3331/2765
f 4216/3282/2682 4446/3334/2681 4746/3325/2759 4416/3283/2715
f 4446/3334/2681 4447/3335/2680 4747/3326/2760 4746/3325/2759
f 4447/3335/2680 4448/3121/2679 4748/3329/2763 4747/3326/2760
f 4448/3121/2679 4250/3319/2678 4458/3319/2752 4748/3329/2763
f 4748/3329/2763 4458/3319/2752 4459/3324/2758 4751/3330/2764
f 4751/3330/2764 4459/3324/2758 4460/3120/2758 4754/3333/2767
f 4754/3333/2767 4460/3120/2758 4253/3120/2708 4457/3268/2707
f 4753/3331/2765 4754/3333/2767 4457/3268/2707 4456/3267/2706
f 4752/3332/2766 4753/3331/2765 4456/3267/2706 4455/3336/2705
f 4418/3285/2717 4752/3332/2766 4455/3336/2705 4240/3286/2704
f 4417/3284/2716 4749/3328/2762 4752/3332/2766 4418/3285/2717
f 4416/3283/2715 4746/3325/2759 4749/3328/2762 4417/3284/2716
f 4755/3337/2768 4756/3338/2769 4759/3339/2770 4758/3340/2771
f 4756/3338/2769 4757/3341/2772 4760/3342/2773 4759/3339/2770
f 4758/3340/2771 4759/3339/2770 4762/3343/2774 4761/3337/2775
f 4759/3339/2770 4760/3342/2773 4763/3344/2776 4762/3343/2774
f 4223/3210/2686 4434/3242/2777 4755/3337/2768 4421/3310/2739
f 4434/3242/2777 4435/3243/2778 4756/3338/2769 4755/3337/2768
f 4435/3243/2778 4436/3244/2779 4757/3341/2772 4756/3338/2769
f 4436/3244/2779 4246/2977/2547 4461/3296/2727 4757/3341/2772
f 4757/3341/2772 4461/3296/2727 4462/3300/2731 4760/3342/2773
f 4760/3342/2773 4462/3300/2731 4463/3300/2731 4763/3344/2776
f 4763/3344/2776 4463/3300/2731 4252/3246/2700 4454/3244/2699
f 4762/3343/2774 4763/3344/2776 4454/3244/2699 4453/3243/2698
f 4761/3337/2775 4762/3343/2774 4453/3243/2698 4452/3242/2697
f 4419/3310/2741 4761/3337/2775 4452/3242/2697 4238/3210/2696
f 4420/3311/2740 4758/3340/2771 4761/3337/2775 4419/3310/2741
f 4421/3310/2739 4755/3337/2768 4758/3340/2771 4420/3311/2740
f 4764/3345/2542 4765/3346/2542 4768/3347/2542 4767/3348/2542
f 4765/3346/2542 4766/3349/2542 4769/3350/2542 4768/3347/2542
f 4767/3348/2542 4768/3347/2542 4771/3351/2542 4770/3352/2542
f 4768/3347/2542 4769/3350/2542 4772/3353/2542 4771/3351/2542
f 4237/3165/2668 4388/3238/2542 4764/3345/2542 4403/3078/2669
f 4388/3238/2542 4387/3237/2542 4765/3346/2542 4764/3345/2542
f 4387/3237/2542 4386/3235/2542 4766/3349/2542 4765/3346/2542
f 4386/3235/2542 4251/3234/2542 4464/3258/2542 4766/3349/2542
f 4766/3349/2542 4464/3258/2542 4465/3270/2542 4769/3350/2542
f 4769/3350/2542 4465/3270/2542 4466/3269/2542 4772/3353/2542
f 4772/3353/2542 4466/3269/2542 4253/3120/2708 4392/3354/2757
f 4771/3351/2542 4772/3353/2542 4392/3354/2757 4393/3323/2756
f 4770/3352/2542 4771/3351/2542 4393/3323/2756 4394/3322/2755
f 4401/3355/2671 4770/3352/2542 4394/3322/2755 4241/3356/2673
f 4402/3077/2670 4767/3348/2542 4770/3352/2542 4401/3355/2671
f 4403/3078/2669 4764/3345/2542 4767/3348/2542 4402/3077/2670
f 4773/3357/2542 4774/3358/2542 4777/3359/2542 4776/3360/2542
f 4774/3358/2542 4775/3361/2542 4778/3362/2542 4777/3359/2542
f 4776/3360/2542 4777/3359/2542 4780/3363/2542 4779/3364/2542
f 4777/3359/2542 4778/3362/2542 4781/3365/2542 4780/3363/2542
f 4236/3261/2602 4449/3260/2542 4773/3357/2542 4397/3366/2603
f 4449/3260/2542 4450/3259/2542 4774/3358/2542 4773/3357/2542
f 4450/3259/2542 4451/3367/2542 4775/3361/2542 4774/3358/2542
f 4451/3367/2542 4251/3234/2542 4467/3236/2542 4775/3361/2542
f 4775/3361/2542 4467/3236/2542 4468/3247/2542 4778/3362/2542
f 4778/3362/2542 4468/3247/2542 4469/3245/2542 4781/3365/2542
f 4781/3365/2542 4469/3245/2542 4252/3246/2700 4389/3368/2730
f 4780/3363/2542 4781/3365/2542 4389/3368/2730 4390/3298/2729
f 4779/3364/2542 4780/3363/2542 4390/3298/2729 4391/3369/2728
f 4395/3027/2605 4779/3364/2542 4391/3369/2728 4239/3370/2607
f 4396/3026/2604 4776/3360/2542 4779/3364/2542 4395/3027/2605
f 4397/3366/2603 4773/3357/2542 4776/3360/2542 4396/3026/2604
f 4782/3371/2542 4783/3372/2542 4786/3373/2542 4785/3374/2542
f 4783/3372/2542 4784/3375/2542 4787/3376/2542 4786/3373/2542
f 4785/3374/2542 4786/3373/2542 4789/3377/2542 4788/3378/2542
f 4786/3373/2542 4787/3376/2542 4790/3379/2542 4789/3377/2542
f 4217/3084/2661 4343/3322/2754 4782/3371/2542 4370/3182/2542
f 4343/3322/2754 4342/3323/2753 4783/3372/2542 4782/3371/2542
f 4342/3323/2753 4341/3354/2751 4784/3375/2542 4783/3372/2542
f 4341/3354/2751 4250/3120/2678 4470/3122/2542 4784/3375/2542
f 4784/3375/2542 4470/3122/2542 4471/3133/2542 4787/3376/2542
f 4787/3376/2542 4471/3133/2542 4472/3132/2542 4790/3379/2542
f 4790/3379/2542 4472/3132/2542 4244/3040/2531 4266/2945/2533
f 4789/3377/2542 4790/3379/2542 4266/2945/2533 4267/3380/2541
f 4788/3378/2542 4789/3377/2542 4267/3380/2541 4268/3381/2540
f 4368/3184/2542 4788/3378/2542 4268/3381/2540 4231/2925/2499
f 4369/3183/2542 4785/3374/2542 4788/3378/2542 4368/3184/2542
f 4370/3182/2542 4782/3371/2542 4785/3374/2542 4369/3183/2542
f 4791/3382/2542 4792/3383/2542 4795/3384/2542 4794/3385/2542
f 4792/3383/2542 4793/3386/2542 4796/3387/2542 4795/3384/2542
f 4794/3385/2542 4795/3384/2542 4798/3388/2542 4797/3389/2542
f 4795/3384/2542 4796/3387/2542 4799/3390/2542 4798/3388/2542
f 4212/2969/2542 4443/3391/2542 4791/3382/2542 4364/3222/2542
f 4443/3391/2542 4444/2967/2542 4792/3383/2542 4791/3382/2542
f 4444/2967/2542 4445/2965/2542 4793/3386/2542 4792/3383/2542
f 4445/2965/2542 4249/2964/2542 4473/3097/2542 4793/3386/2542
f 4793/3386/2542 4473/3097/2542 4474/3110/2542 4796/3387/2542
f 4796/3387/2542 4474/3110/2542 4475/3108/2542 4799/3390/2542
f 4799/3390/2542 4475/3108/2542 4242/3109/2515 4424/2900/2517
f 4798/3388/2542 4799/3390/2542 4424/2900/2517 4423/2908/2521
f 4797/3389/2542 4798/3388/2542 4423/2908/2521 4422/2934/2520
f 4362/3224/2542 4797/3389/2542 4422/2934/2520 4228/2864/2420
f 4363/3223/2542 4794/3385/2542 4797/3389/2542 4362/3224/2542
f 4364/3222/2542 4791/3382/2542 4794/3385/2542 4363/3223/2542
f 4800/3392/2780 4801/3393/2781 4804/3394/2782 4803/3395/2783
f 4801/3393/2781 4802/3396/2784 4805/3397/2785 4804/3394/2782
f 4803/3395/2783 4804/3394/2782 4807/3394/2786 4806/3395/2787
f 4804/3394/2782 4805/3397/2785 4808/3398/2788 4807/3394/2786
f 4225/2868/2429 4437/3399/2478 4800/3392/2780 4292/2869/2635
f 4437/3399/2478 4438/2904/2477 4801/3393/2781 4800/3392/2780
f 4438/2904/2477 4439/3400/2476 4802/3396/2784 4801/3393/2781
f 4439/3400/2476 4247/2902/2475 4476/2901/2619 4802/3396/2784
f 4802/3396/2784 4476/2901/2619 4477/2901/2619 4805/3397/2785
f 4805/3397/2785 4477/2901/2619 4478/2901/2619 4808/3398/2788
f 4808/3398/2788 4478/2901/2619 4248/3040/2557 4299/3131/2789
f 4807/3394/2786 4808/3398/2788 4299/3131/2789 4300/3130/2790
f 4806/3395/2787 4807/3394/2786 4300/3130/2790 4301/3129/2791
f 4290/2869/2637 4806/3395/2787 4301/3129/2791 4224/2870/2450
f 4291/2869/2636 4803/3395/2783 4806/3395/2787 4290/2869/2637
f 4292/2869/2635 4800/3392/2780 4803/3395/2783 4291/2869/2636
f 4809/3401/2792 4810/3402/2793 4813/3403/2794 4812/3404/2795
f 4810/3402/2793 4811/3405/2796 4814/3406/2797 4813/3403/2794
f 4812/3404/2795 4813/3403/2794 4816/3407/2798 4815/3408/2799
f 4813/3403/2794 4814/3406/2797 4817/3409/2800 4816/3407/2798
f 4224/2883/2450 4301/3129/2791 4809/3401/2792 4329/2884/2451
f 4301/3129/2791 4300/3130/2790 4810/3402/2793 4809/3401/2792
f 4300/3130/2790 4299/3131/2789 4811/3405/2796 4810/3402/2793
f 4299/3131/2789 4248/2902/2557 4479/2944/2559 4811/3405/2796
f 4811/3405/2796 4479/2944/2559 4480/2902/2563 4814/3406/2797
f 4814/3406/2797 4480/2902/2563 4481/2898/2562 4817/3409/2800
f 4817/3409/2800 4481/2898/2562 4245/2902/2536 4433/3410/2801
f 4816/3407/2798 4817/3409/2800 4433/3410/2801 4432/3411/2802
f 4815/3408/2799 4816/3407/2798 4432/3411/2802 4431/3412/2803
f 4331/2886/2453 4815/3408/2799 4431/3412/2803 4218/2887/2454
f 4330/2885/2452 4812/3404/2795 4815/3408/2799 4331/2886/2453
f 4329/2884/2451 4809/3401/2792 4812/3404/2795 4330/2885/2452
f 4818/3413/2542 4819/3414/2542 4822/3415/2542 4821/3416/2542
f 4819/3414/2542 4820/3417/2542 4823/3418/2542 4822/3415/2542
f 4821/3416/2542 4822/3415/2542 4825/3419/2542 4824/3420/2542
f 4822/3415/2542 4823/3418/2542 4826/3421/2542 4825/3419/2542
f 4213/3206/2542 4340/3099/2542 4818/3413/2542 4358/3422/2542
f 4340/3099/2542 4339/3423/2542 4819/3414/2542 4818/3413/2542
f 4339/3423/2542 4338/3096/2542 4820/3417/2542 4819/3414/2542
f 4338/3096/2542 4249/2964/2542 4482/2966/2542 4820/3417/2542
f 4820/3417/2542 4482/2966/2542 4483/2978/2542 4823/3418/2542
f 4823/3418/2542 4483/2978/2542 4484/2964/2542 4826/3421/2542
f 4826/3421/2542 4484/2964/2542 4246/2977/2547 4436/3244/2779
f 4825/3419/2542 4826/3421/2542 4436/3244/2779 4435/3243/2778
f 4824/3420/2542 4825/3419/2542 4435/3243/2778 4434/3242/2777
f 4356/3209/2542 4824/3420/2542 4434/3242/2777 4223/3210/2686
f 4357/3424/2542 4821/3416/2542 4824/3420/2542 4356/3209/2542
f 4358/3422/2542 4818/3413/2542 4821/3416/2542 4357/3424/2542
f 4827/3425/2804 4828/3426/2805 4831/3403/2806 4830/3427/2807
f 4828/3426/2805 4829/3408/2808 4832/3428/2809 4831/3403/2806
f 4830/3427/2807 4831/3403/2806 4834/3406/2810 4833/3405/2811
f 4831/3403/2806 4832/3428/2809 4835/3429/2812 4834/3406/2810
f 4230/2883/2459 4272/2888/2457 4827/3425/2804 4428/3129/2683
f 4272/2888/2457 4273/2885/2456 4828/3426/2805 4827/3425/2804
f 4273/2885/2456 4274/2886/2455 4829/3408/2808 4828/3426/2805
f 4274/2886/2455 4218/2887/2454 4431/3430/2803 4829/3408/2808
f 4829/3408/2808 4431/3430/2803 4432/3431/2802 4832/3428/2809
f 4832/3428/2809 4432/3431/2802 4433/3432/2801 4835/3429/2812
f 4835/3429/2812 4433/3432/2801 4245/2902/2536 4485/2946/2535
f 4834/3406/2810 4835/3429/2812 4485/2946/2535 4486/2902/2534
f 4833/3405/2811 4834/3406/2810 4486/2902/2534 4487/2944/2532
f 4430/3131/2685 4833/3405/2811 4487/2944/2532 4244/2902/2531
f 4429/3130/2684 4830/3427/2807 4833/3405/2811 4430/3131/2685
f 4428/3129/2683 4827/3425/2804 4830/3427/2807 4429/3130/2684
f 4836/3433/2813 4837/3434/2814 4840/3435/2815 4839/3436/2816
f 4837/3434/2814 4838/3433/2817 4841/3436/2818 4840/3435/2815
f 4839/3436/2816 4840/3435/2815 4843/3437/2819 4842/3438/2820
f 4840/3435/2815 4841/3436/2818 4844/3438/2821 4843/3437/2819
f 4229/3001/2587 4263/3005/2585 4836/3433/2813 4256/3105/2675
f 4263/3005/2585 4264/3004/2584 4837/3434/2814 4836/3433/2813
f 4264/3004/2584 4265/3003/2583 4838/3433/2817 4837/3434/2814
f 4265/3003/2583 4215/3001/2582 4259/3105/2822 4838/3433/2817
f 4838/3433/2817 4259/3105/2822 4258/3106/2823 4841/3436/2818
f 4841/3436/2818 4258/3106/2823 4257/3107/2824 4844/3438/2821
f 4844/3438/2821 4257/3107/2824 4243/2898/2470 4488/2899/2519
f 4843/3437/2819 4844/3438/2821 4488/2899/2519 4489/2899/2518
f 4842/3438/2820 4843/3437/2819 4489/2899/2518 4490/2899/2516
f 4254/3107/2677 4842/3438/2820 4490/2899/2516 4242/2898/2515
f 4255/3106/2676 4839/3436/2816 4842/3438/2820 4254/3107/2677
f 4256/3105/2675 4836/3433/2813 4839/3436/2816 4255/3106/2676
f 4845/3439/2825 4846/3439/2826 4849/3440/2827 4848/3441/2828
f 4846/3439/2826 4847/3442/2829 4850/3443/2830 4849/3440/2827
f 4848/3441/2828 4849/3440/2827 4852/3444/2831 4851/3445/2832
f 4849/3440/2827 4850/3443/2830 4853/3444/2833 4852/3444/2831
f 4215/3104/2582 4334/3002/2581 4845/3439/2825 4259/3105/2822
f 4334/3002/2581 4333/3002/2580 4846/3439/2826 4845/3439/2825
f 4333/3002/2580 4332/3001/2579 4847/3442/2829 4846/3439/2826
f 4332/3001/2579 4226/3001/2578 4295/2930/2621 4847/3442/2829
f 4847/3442/2829 4295/2930/2621 4294/3042/2620 4850/3443/2830
f 4850/3443/2830 4294/3042/2620 4293/3444/2618 4853/3444/2833
f 4853/3444/2833 4293/3444/2618 4247/2902/2475 4491/2901/2474
f 4852/3444/2831 4853/3444/2833 4491/2901/2474 4492/2898/2473
f 4851/3445/2832 4852/3444/2831 4492/2898/2473 4493/2899/2471
f 4257/3107/2824 4851/3445/2832 4493/2899/2471 4243/2898/2470
f 4258/3106/2823 4848/3441/2828 4851/3445/2832 4257/3107/2824
f 4259/3105/2822 4845/3439/2825 4848/3441/2828 4258/3106/2823
o basemetalica
v -0.016486 0.278427 0.243570
v -0.016486 0.278427 -0.010712
v 0.016486 0.278427 0.243570
v 0.016486 0.278427 -0.010712
v -0.016486 0.278427 0.122479
v -0.016486 0.278427 0.090789
v 0.016486 0.278427 0.064642
v 0.016486 0.278427 0.164172
v -0.016486 1.669667 0.243570
v -0.016486 1.669667 -0.010712
v 0.016486 1.620888 0.243570
v 0.016486 1.620888 -0.010712
v -0.016486 1.718609 0.122479
v -0.016486 1.718609 0.090789
v 0.016486 1.620888 0.064642
v 0.016486 1.620888 0.164172
v -0.016486 0.317351 0.090789
v -0.016486 0.356275 0.090789
v -0.016486 0.395199 0.090789
v -0.016486 0.434122 0.090789
v -0.016486 0.473046 0.090789
v -0.016486 0.511970 0.090789
v -0.016486 0.550894 0.090789
v -0.016486 0.589818 0.090789
v -0.016486 0.628742 0.090789
v -0.016486 0.667665 0.090789
v -0.016486 0.706589 0.090789
v -0.016486 0.745513 0.090789
v -0.016486 0.784437 0.090789
v -0.016486 0.823361 0.090789
v -0.016486 0.862285 0.090789
v -0.016486 0.901209 0.090789
v -0.016486 0.940132 0.090789
v -0.016486 0.979056 0.090789
v -0.016486 1.017980 0.090789
v -0.016486 1.056904 0.090789
v -0.016486 1.095828 0.090789
v -0.016486 1.134752 0.090789
v -0.016486 1.173676 0.090789
v -0.016486 1.212599 0.090789
v -0.016486 1.251523 0.090789
v -0.016486 1.290447 0.090789
v -0.016486 1.329371 0.090789
v -0.016486 1.368295 0.090789
v -0.016486 1.407219 0.090789
v -0.016486 1.446142 0.090789
v -0.016486 1.485066 0.090789
v -0.016486 1.523990 0.090789
v -0.016486 1.562914 0.090789
v -0.016486 1.601838 0.090789
v -0.016486 1.640761 0.090789
v -0.016486 1.679685 0.090789
v -0.016486 1.632066 -0.010712
v -0.016486 1.594465 -0.010712
v -0.016486 1.556864 -0.010712
v -0.016486 1.519263 -0.010712
v -0.016486 1.481662 -0.010712
v -0.016486 1.444061 -0.010712
v -0.016486 1.406459 -0.010712
v -0.016486 1.368858 -0.010712
v -0.016486 1.331257 -0.010712
v -0.016486 1.293656 -0.010712
v -0.016486 1.256055 -0.010712
v -0.016486 1.218454 -0.010712
v -0.016486 1.180853 -0.010712
v -0.016486 1.143252 -0.010712
v -0.016486 1.105651 -0.010712
v -0.016486 1.068049 -0.010712
v -0.016486 1.030448 -0.010712
v -0.016486 0.992847 -0.010712
v -0.016486 0.955246 -0.010712
v -0.016486 0.917645 -0.010712
v -0.016486 0.880044 -0.010712
v -0.016486 0.842443 -0.010712
v -0.016486 0.804842 -0.010712
v -0.016486 0.767241 -0.010712
v -0.016486 0.729640 -0.010712
v -0.016486 0.692039 -0.010712
v -0.016486 0.654438 -0.010712
v -0.016486 0.616837 -0.010712
v -0.016486 0.579236 -0.010712
v -0.016486 0.541635 -0.010712
v -0.016486 0.504034 -0.010712
v -0.016486 0.466432 -0.010712
v -0.016486 0.428831 -0.010712
v -0.016486 0.391230 -0.010712
v -0.016486 0.353629 -0.010712
v -0.016486 0.316028 -0.010712
v 0.016486 1.584605 -0.010712
v 0.016486 1.548322 -0.010712
v 0.016486 1.512040 -0.010712
v 0.016486 1.475757 -0.010712
v 0.016486 1.439474 -0.010712
v 0.016486 1.403191 -0.010712
v 0.016486 1.366909 -0.010712
v 0.016486 1.330626 -0.010712
v 0.016486 1.294343 -0.010712
v 0.016486 1.258060 -0.010712
v 0.016486 1.221778 -0.010712
v 0.016486 1.185495 -0.010712
v 0.016486 1.149212 -0.010712
v 0.016486 1.112930 -0.010712
v 0.016486 1.076647 -0.010712
v 0.016486 1.040364 -0.010712
v 0.016486 1.004081 -0.010712
v 0.016486 0.967799 -0.010712
v 0.016486 0.931516 -0.010712
v 0.016486 0.895233 -0.010712
v 0.016486 0.858951 -0.010712
v 0.016486 0.822668 -0.010712
v 0.016486 0.786385 -0.010712
v 0.016486 0.750102 -0.010712
v 0.016486 0.713820 -0.010712
v 0.016486 0.677537 -0.010712
v 0.016486 0.641254 -0.010712
v 0.016486 0.604972 -0.010712
v 0.016486 0.568689 -0.010712
v 0.016486 0.532406 -0.010712
v 0.016486 0.496123 -0.010712
v 0.016486 0.459841 -0.010712
v 0.016486 0.423558 -0.010712
v 0.016486 0.387275 -0.010712
v 0.016486 0.350993 -0.010712
v 0.016486 0.314710 -0.010712
v -0.016486 0.317351 0.122479
v -0.016486 0.356275 0.122479
v -0.016486 0.395199 0.122479
v -0.016486 0.434122 0.122479
v -0.016486 0.473046 0.122479
v -0.016486 0.511970 0.122479
v -0.016486 0.550894 0.122479
v -0.016486 0.589818 0.122479
v -0.016486 0.628742 0.122479
v -0.016486 0.667665 0.122479
v -0.016486 0.706589 0.122479
v -0.016486 0.745513 0.122479
v -0.016486 0.784437 0.122479
v -0.016486 0.823361 0.122479
v -0.016486 0.862285 0.122479
v -0.016486 0.901209 0.122479
v -0.016486 0.940132 0.122479
v -0.016486 0.979056 0.122479
v -0.016486 1.017980 0.122479
v -0.016486 1.056904 0.122479
v -0.016486 1.095828 0.122479
v -0.016486 1.134752 0.122479
v -0.016486 1.173676 0.122479
v -0.016486 1.212599 0.122479
v -0.016486 1.251523 0.122479
v -0.016486 1.290447 0.122479
v -0.016486 1.329371 0.122479
v -0.016486 1.368295 0.122479
v -0.016486 1.407219 0.122479
v -0.016486 1.446142 0.122479
v -0.016486 1.485066 0.122479
v -0.016486 1.523990 0.122479
v -0.016486 1.562914 0.122479
v -0.016486 1.601838 0.122479
v -0.016486 1.640761 0.122479
v -0.016486 1.679685 0.122479
v 0.016486 0.314710 0.164172
v 0.016486 0.350993 0.164172
v 0.016486 0.387275 0.164172
v 0.016486 0.423558 0.164172
v 0.016486 0.459841 0.164172
v 0.016486 0.496123 0.164172
v 0.016486 0.532406 0.164172
v 0.016486 0.568689 0.164172
v 0.016486 0.604972 0.164172
v 0.016486 0.641254 0.164172
v 0.016486 0.677537 0.164172
v 0.016486 0.713820 0.164172
v 0.016486 0.750102 0.164172
v 0.016486 0.786385 0.164172
v 0.016486 0.822668 0.164172
v 0.016486 0.858951 0.164172
v 0.016486 0.895233 0.164172
v 0.016486 0.931516 0.164172
v 0.016486 0.967799 0.164172
v 0.016486 1.004081 0.164172
v 0.016486 1.040364 0.164172
v 0.016486 1.076647 0.164172
v 0.016486 1.112930 0.164172
v 0.016486 1.149213 0.164172
v 0.016486 1.185495 0.164172
v 0.016486 1.221778 0.164172
v 0.016486 1.258061 0.164172
v 0.016486 1.294343 0.164172
v 0.016486 1.330626 0.164172
v 0.016486 1.366909 0.164172
v 0.016486 1.403192 0.164172
v 0.016486 1.439474 0.164172
v 0.016486 1.475757 0.164172
v 0.016486 1.572255 0.164172
v 0.016486 1.584605 0.164172
v 0.016486 1.584605 0.243570
v 0.016486 1.548322 0.243570
v 0.016486 1.512040 0.243570
v 0.016486 1.475757 0.243570
v 0.016486 1.439474 0.243570
v 0.016486 1.403191 0.243570
v 0.016486 1.366909 0.243570
v 0.016486 1.330626 0.243570
v 0.016486 1.294343 0.243570
v 0.016486 1.258060 0.243570
v 0.016486 1.221778 0.243570
v 0.016486 1.185495 0.243570
v 0.016486 1.149212 0.243570
v 0.016486 1.112930 0.243570
v 0.016486 1.076647 0.243570
v 0.016486 1.040364 0.243570
v 0.016486 1.004081 0.243570
v 0.016486 0.967799 0.243570
v 0.016486 0.931516 0.243570
v 0.016486 0.895233 0.243570
v 0.016486 0.858951 0.243570
v 0.016486 0.822668 0.243570
v 0.016486 0.786385 0.243570
v 0.016486 0.750102 0.243570
v 0.016486 0.713820 0.243570
v 0.016486 0.677537 0.243570
v 0.016486 0.641254 0.243570
v 0.016486 0.604972 0.243570
v 0.016486 0.568689 0.243570
v 0.016486 0.532406 0.243570
v 0.016486 0.496123 0.243570
v 0.016486 0.459841 0.243570
v 0.016486 0.423558 0.243570
v 0.016486 0.387275 0.243570
v 0.016486 0.350993 0.243570
v 0.016486 0.314710 0.243570
v -0.016486 1.632066 0.243570
v -0.016486 1.594465 0.243570
v -0.016486 1.556864 0.243570
v -0.016486 1.519263 0.243570
v -0.016486 1.481662 0.243570
v -0.016486 1.444061 0.243570
v -0.016486 1.406459 0.243570
v -0.016486 1.368858 0.243570
v -0.016486 1.331257 0.243570
v -0.016486 1.293656 0.243570
v -0.016486 1.256055 0.243570
v -0.016486 1.218454 0.243570
v -0.016486 1.180853 0.243570
v -0.016486 1.143252 0.243570
v -0.016486 1.105651 0.243570
v -0.016486 1.068049 0.243570
v -0.016486 1.030448 0.243570
v -0.016486 0.992847 0.243570
v -0.016486 0.955246 0.243570
v -0.016486 0.917645 0.243570
v -0.016486 0.880044 0.243570
v -0.016486 0.842443 0.243570
v -0.016486 0.804842 0.243570
v -0.016486 0.767241 0.243570
v -0.016486 0.729640 0.243570
v -0.016486 0.692039 0.243570
v -0.016486 0.654438 0.243570
v -0.016486 0.616837 0.243570
v -0.016486 0.579236 0.243570
v -0.016486 0.541635 0.243570
v -0.016486 0.504034 0.243570
v -0.016486 0.466432 0.243570
v -0.016486 0.428831 0.243570
v -0.016486 0.391230 0.243570
v -0.016486 0.353629 0.243570
v -0.016486 0.316028 0.243570
v 0.016486 1.584605 0.064642
v 0.016486 1.572255 0.064642
v 0.016486 1.475757 0.064642
v 0.016486 1.439474 0.064642
v 0.016486 1.403191 0.064642
v 0.016486 1.366909 0.064642
v 0.016486 1.330626 0.064642
v 0.016486 1.294343 0.064642
v 0.016486 1.258060 0.064642
v 0.016486 1.221778 0.064642
v 0.016486 1.185495 0.064642
v 0.016486 1.149212 0.064642
v 0.016486 1.112930 0.064642
v 0.016486 1.076647 0.064642
v 0.016486 1.040364 0.064642
v 0.016486 1.004081 0.064642
v 0.016486 0.967799 0.064642
v 0.016486 0.931516 0.064642
v 0.016486 0.895233 0.064642
v 0.016486 0.858951 0.064642
v 0.016486 0.822668 0.064642
v 0.016486 0.786385 0.064642
v 0.016486 0.750102 0.064642
v 0.016486 0.713820 0.064642
v 0.016486 0.677537 0.064642
v 0.016486 0.641254 0.064642
v 0.016486 0.604972 0.064642
v 0.016486 0.568689 0.064642
v 0.016486 0.532406 0.064642
v 0.016486 0.496123 0.064642
v 0.016486 0.459841 0.064642
v 0.016486 0.423558 0.064642
v 0.016486 0.387275 0.064642
v 0.016486 0.350993 0.064642
v 0.016486 0.314710 0.064642
v 0.016486 0.278427 0.026965
v 0.016486 1.620888 0.026965
v 0.016486 0.314710 0.026965
v 0.016486 0.350993 0.026965
v 0.016486 0.387275 0.026965
v 0.016486 0.423558 0.026965
v 0.016486 0.459841 0.026965
v 0.016486 0.496123 0.026965
v 0.016486 0.532406 0.026965
v 0.016486 0.568689 0.026965
v 0.016486 0.604972 0.026965
v 0.016486 0.641254 0.026965
v 0.016486 0.677537 0.026965
v 0.016486 0.713820 0.026965
v 0.016486 0.750102 0.026965
v 0.016486 0.786385 0.026965
v 0.016486 0.822668 0.026965
v 0.016486 0.858951 0.026965
v 0.016486 0.895233 0.026965
v 0.016486 0.931516 0.026965
v 0.016486 0.967799 0.026965
v 0.016486 1.004081 0.026965
v 0.016486 1.040364 0.026965
v 0.016486 1.076647 0.026965
v 0.016486 1.112930 0.026965
v 0.016486 1.149212 0.026965
v 0.016486 1.185495 0.026965
v 0.016486 1.221778 0.026965
v 0.016486 1.258060 0.026965
v 0.016486 1.294343 0.026965
v 0.016486 1.330626 0.026965
v 0.016486 1.366909 0.026965
v 0.016486 1.403191 0.026965
v 0.016486 1.439474 0.026965
v 0.016486 1.475757 0.026965
v 0.016486 1.512040 0.026965
v 0.016486 1.548322 0.026965
v 0.016486 1.584605 0.026965
v 0.016486 0.278427 0.203871
v 0.016486 1.620888 0.203871
v 0.016486 0.314710 0.203871
v 0.016486 0.350993 0.203871
v 0.016486 0.387275 0.203871
v 0.016486 0.423558 0.203871
v 0.016486 0.459841 0.203871
v 0.016486 0.496123 0.203871
v 0.016486 0.532406 0.203871
v 0.016486 0.568689 0.203871
v 0.016486 0.604972 0.203871
v 0.016486 0.641254 0.203871
v 0.016486 0.677537 0.203871
v 0.016486 0.713820 0.203871
v 0.016486 0.750102 0.203871
v 0.016486 0.786385 0.203871
v 0.016486 0.822668 0.203871
v 0.016486 0.858951 0.203871
v 0.016486 0.895233 0.203871
v 0.016486 0.931516 0.203871
v 0.016486 0.967799 0.203871
v 0.016486 1.004081 0.203871
v 0.016486 1.040364 0.203871
v 0.016486 1.076647 0.203871
v 0.016486 1.112930 0.203871
v 0.016486 1.149212 0.203871
v 0.016486 1.185495 0.203871
v 0.016486 1.221778 0.203871
v 0.016486 1.258061 0.203871
v 0.016486 1.294343 0.203871
v 0.016486 1.330626 0.203871
v 0.016486 1.366909 0.203871
v 0.016486 1.403192 0.203871
v 0.016486 1.439474 0.203871
v 0.016486 1.475757 0.203871
v 0.016486 1.512040 0.203871
v 0.016486 1.548322 0.203871
v 0.016486 1.584605 0.203871
v -0.009415 0.278427 0.236499
v -0.009415 0.278427 -0.003641
v 0.009415 0.278427 0.236499
v 0.009415 0.278427 -0.003641
v -0.006486 0.278427 0.122479
v -0.006486 0.278427 0.090789
v 0.006486 0.278427 0.064642
v 0.006486 0.278427 0.164172
v -0.006918 1.669667 0.240661
v -0.006892 1.669667 -0.007890
v 0.011237 1.620888 0.235058
v 0.011237 1.620888 -0.002201
v -0.006486 1.718609 0.122479
v -0.006486 1.718609 0.090789
v 0.006486 1.620888 0.064642
v 0.006486 1.620888 0.164172
v -0.006486 0.317351 0.090789
v -0.006486 0.356275 0.090789
v -0.006486 0.395199 0.090789
v -0.006486 0.434122 0.090789
v -0.006486 0.473046 0.090789
v -0.006486 0.511970 0.090789
v -0.006486 0.550894 0.090789
v -0.006486 0.589818 0.090789
v -0.006486 0.628742 0.090789
v -0.006486 0.667665 0.090789
v -0.006486 0.706589 0.090789
v -0.006486 0.745513 0.090789
v -0.006486 0.784437 0.090789
v -0.006486 0.823361 0.090789
v -0.006486 0.862285 0.090789
v -0.006486 0.901209 0.090789
v -0.006486 0.940132 0.090789
v -0.006486 0.979056 0.090789
v -0.006486 1.017980 0.090789
v -0.006486 1.056904 0.090789
v -0.006486 1.095828 0.090789
v -0.006486 1.134752 0.090789
v -0.006486 1.173676 0.090789
v -0.006486 1.212599 0.090789
v -0.006486 1.251523 0.090789
v -0.006486 1.290447 0.090789
v -0.006486 1.329371 0.090789
v -0.006486 1.368295 0.090789
v -0.006486 1.407219 0.090789
v -0.006486 1.446142 0.090789
v -0.006486 1.485066 0.090789
v -0.006486 1.523990 0.090789
v -0.006486 1.562914 0.090789
v -0.006486 1.601838 0.090789
v -0.006486 1.640761 0.090789
v -0.006486 1.679685 0.090789
v -0.009415 1.632066 -0.003641
v -0.009415 1.594465 -0.003641
v -0.009415 1.556864 -0.003641
v -0.009415 1.519263 -0.003641
v -0.009415 1.481662 -0.003641
v -0.009415 1.444061 -0.003641
v -0.009415 1.406459 -0.003641
v -0.009415 1.368858 -0.003641
v -0.009415 1.331257 -0.003641
v -0.009415 1.293656 -0.003641
v -0.009415 1.256055 -0.003641
v -0.009415 1.218454 -0.003641
v -0.009415 1.180853 -0.003641
v -0.009415 1.143252 -0.003641
v -0.009415 1.105651 -0.003641
v -0.009415 1.068049 -0.003641
v -0.009415 1.030448 -0.003641
v -0.009415 0.992847 -0.003641
v -0.009415 0.955246 -0.003641
v -0.009415 0.917645 -0.003641
v -0.009415 0.880044 -0.003641
v -0.009415 0.842443 -0.003641
v -0.009415 0.804842 -0.003641
v -0.009415 0.767241 -0.003641
v -0.009415 0.729640 -0.003641
v -0.009415 0.692039 -0.003641
v -0.009415 0.654438 -0.003641
v -0.009415 0.616837 -0.003641
v -0.009415 0.579236 -0.003641
v -0.009415 0.541635 -0.003641
v -0.009415 0.504034 -0.003641
v -0.009415 0.466432 -0.003641
v -0.009415 0.428831 -0.003641
v -0.009415 0.391230 -0.003641
v -0.009415 0.353629 -0.003641
v -0.009415 0.316028 -0.003641
v 0.009415 1.584605 -0.003641
v 0.009415 1.548322 -0.003641
v 0.009415 1.512040 -0.003641
v 0.009415 1.475757 -0.003641
v 0.009415 1.439474 -0.003641
v 0.009415 1.403191 -0.003641
v 0.009415 1.366909 -0.003641
v 0.009415 1.330626 -0.003641
v 0.009415 1.294343 -0.003641
v 0.009415 1.258060 -0.003641
v 0.009415 1.221778 -0.003641
v 0.009415 1.185495 -0.003641
v 0.009415 1.149212 -0.003641
v 0.009415 1.112930 -0.003641
v 0.009415 1.076647 -0.003641
v 0.009415 1.040364 -0.003641
v 0.009415 1.004081 -0.003641
v 0.009415 0.967799 -0.003641
v 0.009415 0.931516 -0.003641
v 0.009415 0.895233 -0.003641
v 0.009415 0.858951 -0.003641
v 0.009415 0.822668 -0.003641
v 0.009415 0.786385 -0.003641
v 0.009415 0.750102 -0.003641
v 0.009415 0.713820 -0.003641
v 0.009415 0.677537 -0.003641
v 0.009415 0.641254 -0.003641
v 0.009415 0.604972 -0.003641
v 0.009415 0.568689 -0.003641
v 0.009415 0.532406 -0.003641
v 0.009415 0.496123 -0.003641
v 0.009415 0.459841 -0.003641
v 0.009415 0.423558 -0.003641
v 0.009415 0.387275 -0.003641
v 0.009415 0.350993 -0.003641
v 0.009415 0.314710 -0.003641
v -0.006486 0.317351 0.122479
v -0.006486 0.356275 0.122479
v -0.006486 0.395199 0.122479
v -0.006486 0.434122 0.122479
v -0.006486 0.473046 0.122479
v -0.006486 0.511970 0.122479
v -0.006486 0.550894 0.122479
v -0.006486 0.589818 0.122479
v -0.006486 0.628742 0.122479
v -0.006486 0.667665 0.122479
v -0.006486 0.706589 0.122479
v -0.006486 0.745513 0.122479
v -0.006486 0.784437 0.122479
v -0.006486 0.823361 0.122479
v -0.006486 0.862285 0.122479
v -0.006486 0.901209 0.122479
v -0.006486 0.940132 0.122479
v -0.006486 0.979056 0.122479
v -0.006486 1.017980 0.122479
v -0.006486 1.056904 0.122479
v -0.006486 1.095828 0.122479
v -0.006486 1.134752 0.122479
v -0.006486 1.173676 0.122479
v -0.006486 1.212599 0.122479
v -0.006486 1.251523 0.122479
v -0.006486 1.290447 0.122479
v -0.006486 1.329371 0.122479
v -0.006486 1.368295 0.122479
v -0.006486 1.407219 0.122479
v -0.006486 1.446142 0.122479
v -0.006486 1.485066 0.122479
v -0.006486 1.523990 0.122479
v -0.006486 1.562914 0.122479
v -0.006486 1.601838 0.122479
v -0.006486 1.640761 0.122479
v -0.006486 1.679685 0.122479
v 0.006486 0.314710 0.164172
v 0.006486 0.350993 0.164172
v 0.006486 0.387275 0.164172
v 0.006486 0.423558 0.164172
v 0.006486 0.459841 0.164172
v 0.006486 0.496123 0.164172
v 0.006486 0.532406 0.164172
v 0.006486 0.568689 0.164172
v 0.006486 0.604972 0.164172
v 0.006486 0.641254 0.164172
v 0.006486 0.677537 0.164172
v 0.006486 0.713820 0.164172
v 0.006486 0.750102 0.164172
v 0.006486 0.786385 0.164172
v 0.006486 0.822668 0.164172
v 0.006486 0.858951 0.164172
v 0.006486 0.895233 0.164172
v 0.006486 0.931516 0.164172
v 0.006486 0.967799 0.164172
v 0.006486 1.004081 0.164172
v 0.006486 1.040364 0.164172
v 0.006486 1.076647 0.164172
v 0.006486 1.112930 0.164172
v 0.006486 1.149213 0.164172
v 0.006486 1.185495 0.164172
v 0.006486 1.221778 0.164172
v 0.006486 1.258061 0.164172
v 0.006486 1.294343 0.164172
v 0.006486 1.330626 0.164172
v 0.006486 1.366909 0.164172
v 0.006486 1.403192 0.164172
v 0.006486 1.439474 0.164172
v 0.006486 1.475757 0.164172
v 0.006486 1.572255 0.164172
v 0.006486 1.584605 0.164172
v 0.009415 1.584605 0.236499
v 0.009415 1.548322 0.236499
v 0.009415 1.512040 0.236499
v 0.009415 1.475757 0.236499
v 0.009415 1.439474 0.236499
v 0.009415 1.403191 0.236499
v 0.009415 1.366909 0.236499
v 0.009415 1.330626 0.236499
v 0.009415 1.294343 0.236499
v 0.009415 1.258060 0.236499
v 0.009415 1.221778 0.236499
v 0.009415 1.185495 0.236499
v 0.009415 1.149212 0.236499
v 0.009415 1.112930 0.236499
v 0.009415 1.076647 0.236499
v 0.009415 1.040364 0.236499
v 0.009415 1.004081 0.236499
v 0.009415 0.967799 0.236499
v 0.009415 0.931516 0.236499
v 0.009415 0.895233 0.236499
v 0.009415 0.858951 0.236499
v 0.009415 0.822668 0.236499
v 0.009415 0.786385 0.236499
v 0.009415 0.750102 0.236499
v 0.009415 0.713820 0.236499
v 0.009415 0.677537 0.236499
v 0.009415 0.641254 0.236499
v 0.009415 0.604972 0.236499
v 0.009415 0.568689 0.236499
v 0.009415 0.532406 0.236499
v 0.009415 0.496123 0.236499
v 0.009415 0.459841 0.236499
v 0.009415 0.423558 0.236499
v 0.009415 0.387275 0.236499
v 0.009415 0.350993 0.236499
v 0.009415 0.314710 0.236499
v -0.009415 1.632066 0.236499
v -0.009415 1.594465 0.236499
v -0.009415 1.556864 0.236499
v -0.009415 1.519263 0.236499
v -0.009415 1.481662 0.236499
v -0.009415 1.444061 0.236499
v -0.009415 1.406459 0.236499
v -0.009415 1.368858 0.236499
v -0.009415 1.331257 0.236499
v -0.009415 1.293656 0.236499
v -0.009415 1.256055 0.236499
v -0.009415 1.218454 0.236499
v -0.009415 1.180853 0.236499
v -0.009415 1.143252 0.236499
v -0.009415 1.105651 0.236499
v -0.009415 1.068049 0.236499
v -0.009415 1.030448 0.236499
v -0.009415 0.992847 0.236499
v -0.009415 0.955246 0.236499
v -0.009415 0.917645 0.236499
v -0.009415 0.880044 0.236499
v -0.009415 0.842443 0.236499
v -0.009415 0.804842 0.236499
v -0.009415 0.767241 0.236499
v -0.009415 0.729640 0.236499
v -0.009415 0.692039 0.236499
v -0.009415 0.654438 0.236499
v -0.009415 0.616837 0.236499
v -0.009415 0.579236 0.236499
v -0.009415 0.541635 0.236499
v -0.009415 0.504034 0.236499
v -0.009415 0.466432 0.236499
v -0.009415 0.428831 0.236499
v -0.009415 0.391230 0.236499
v -0.009415 0.353629 0.236499
v -0.009415 0.316028 0.236499
v 0.006486 1.584605 0.064642
v 0.006486 1.572255 0.064642
v 0.006486 1.475757 0.064642
v 0.006486 1.439474 0.064642
v 0.006486 1.403191 0.064642
v 0.006486 1.366909 0.064642
v 0.006486 1.330626 0.064642
v 0.006486 1.294343 0.064642
v 0.006486 1.258060 0.064642
v 0.006486 1.221778 0.064642
v 0.006486 1.185495 0.064642
v 0.006486 1.149212 0.064642
v 0.006486 1.112930 0.064642
v 0.006486 1.076647 0.064642
v 0.006486 1.040364 0.064642
v 0.006486 1.004081 0.064642
v 0.006486 0.967799 0.064642
v 0.006486 0.931516 0.064642
v 0.006486 0.895233 0.064642
v 0.006486 0.858951 0.064642
v 0.006486 0.822668 0.064642
v 0.006486 0.786385 0.064642
v 0.006486 0.750102 0.064642
v 0.006486 0.713820 0.064642
v 0.006486 0.677537 0.064642
v 0.006486 0.641254 0.064642
v 0.006486 0.604972 0.064642
v 0.006486 0.568689 0.064642
v 0.006486 0.532406 0.064642
v 0.006486 0.496123 0.064642
v 0.006486 0.459841 0.064642
v 0.006486 0.423558 0.064642
v 0.006486 0.387275 0.064642
v 0.006486 0.350993 0.064642
v 0.006486 0.314710 0.064642
v 0.006486 0.278427 0.026965
v 0.006486 1.620888 0.026965
v 0.006486 0.314710 0.026965
v 0.006486 0.350993 0.026965
v 0.006486 0.387275 0.026965
v 0.006486 0.423558 0.026965
v 0.006486 0.459841 0.026965
v 0.006486 0.496123 0.026965
v 0.006486 0.532406 0.026965
v 0.006486 0.568689 0.026965
v 0.006486 0.604972 0.026965
v 0.006486 0.641254 0.026965
v 0.006486 0.677537 0.026965
v 0.006486 0.713820 0.026965
v 0.006486 0.750102 0.026965
v 0.006486 0.786385 0.026965
v 0.006486 0.822668 0.026965
v 0.006486 0.858951 0.026965
v 0.006486 0.895233 0.026965
v 0.006486 0.931516 0.026965
v 0.006486 0.967799 0.026965
v 0.006486 1.004081 0.026965
v 0.006486 1.040364 0.026965
v 0.006486 1.076647 0.026965
v 0.006486 1.112930 0.026965
v 0.006486 1.149212 0.026965
v 0.006486 1.185495 0.026965
v 0.006486 1.221778 0.026965
v 0.006486 1.258060 0.026965
v 0.006486 1.294343 0.026965
v 0.006486 1.330626 0.026965
v 0.006486 1.366909 0.026965
v 0.006486 1.403191 0.026965
v 0.006486 1.439474 0.026965
v 0.006486 1.475757 0.026965
v 0.006486 1.512040 0.026965
v 0.006486 1.548322 0.026965
v 0.006486 1.584605 0.026965
v 0.006486 0.278427 0.203871
v 0.006486 1.620888 0.203871
v 0.006486 0.314710 0.203871
v 0.006486 0.350993 0.203871
v 0.006486 0.387275 0.203871
v 0.006486 0.423558 0.203871
v 0.006486 0.459841 0.203871
v 0.006486 0.496123 0.203871
v 0.006486 0.532406 0.203871
v 0.006486 0.568689 0.203871
v 0.006486 0.604972 0.203871
v 0.006486 0.641254 0.203871
v 0.006486 0.677537 0.203871
v 0.006486 0.713820 0.203871
v 0.006486 0.750102 0.203871
v 0.006486 0.786385 0.203871
v 0.006486 0.822668 0.203871
v 0.006486 0.858951 0.203871
v 0.006486 0.895233 0.203871
v 0.006486 0.931516 0.203871
v 0.006486 0.967799 0.203871
v 0.006486 1.004081 0.203871
v 0.006486 1.040364 0.203871
v 0.006486 1.076647 0.203871
v 0.006486 1.112930 0.203871
v 0.006486 1.149212 0.203871
v 0.006486 1.185495 0.203871
v 0.006486 1.221778 0.203871
v 0.006486 1.258061 0.203871
v 0.006486 1.294343 0.203871
v 0.006486 1.330626 0.203871
v 0.006486 1.366909 0.203871
v 0.006486 1.403192 0.203871
v 0.006486 1.439474 0.203871
v 0.006486 1.475757 0.203871
v 0.006486 1.512040 0.203871
v 0.006486 1.548322 0.203871
v 0.006486 1.584605 0.203871
vn -1.0000 -0.0000 -0.0000
vn -0.0000 -0.0000 -1.0000
vn 1.0000 -0.0000 -0.0000
vn -0.0000 -0.0000 1.0000
vn 0.9995 -0.0330 -0.0008
vn -0.0476 0.0407 0.9980
vn -0.0482 0.0396 -0.9981
vn -0.9915 0.0274 -0.1274
vn 0.9995 -0.0327 0.0009
vn 0.9997 -0.0000 0.0257
vn -0.9955 -0.0000 -0.0953
vn 0.9995 -0.0000 -0.0310
vn -0.9960 -0.0000 0.0894
vn -0.9925 0.0273 0.1194
vn -0.0000 -1.0000 -0.0000
vn 0.0632 0.8965 -0.4385
vn -0.0000 1.0000 -0.0000
vn 0.0562 0.9240 0.3781
vn 0.8457 0.4240 -0.3241
vn 0.8466 0.4253 0.3201
vn -0.0000 -0.8441 0.5362
vn -0.0000 -0.8564 -0.5163
vt 0.000000 0.000000
s 0
usemtl Material.003
f 4906/3446/2834 4905/3446/2834 4867/3446/2834 4863/3446/2834
f 4942/3446/2835 4906/3446/2835 4863/3446/2835 4865/3446/2835
f 4905/3446/2834 5013/3446/2834 4866/3446/2834 4867/3446/2834
f 5231/3446/2836 5048/3446/2836 4869/3446/2836 5195/3446/2836
f 5085/3446/2837 5049/3446/2837 4864/3446/2837 4862/3446/2837
f 5193/3446/2836 4942/3446/2836 4865/3446/2836 5157/3446/2836
f 5013/3446/2834 5085/3446/2834 4862/3446/2834 4866/3446/2834
f 4858/3446/2834 4854/3446/2834 5120/3446/2834 4978/3446/2834
f 4978/3446/2834 5120/3446/2834 5119/3446/2834 4979/3446/2834
f 4979/3446/2834 5119/3446/2834 5118/3446/2834 4980/3446/2834
f 4980/3446/2834 5118/3446/2834 5117/3446/2834 4981/3446/2834
f 4981/3446/2834 5117/3446/2834 5116/3446/2834 4982/3446/2834
f 4982/3446/2834 5116/3446/2834 5115/3446/2834 4983/3446/2834
f 4983/3446/2834 5115/3446/2834 5114/3446/2834 4984/3446/2834
f 4984/3446/2834 5114/3446/2834 5113/3446/2834 4985/3446/2834
f 4985/3446/2834 5113/3446/2834 5112/3446/2834 4986/3446/2834
f 4986/3446/2834 5112/3446/2834 5111/3446/2834 4987/3446/2834
f 4987/3446/2834 5111/3446/2834 5110/3446/2834 4988/3446/2834
f 4988/3446/2834 5110/3446/2834 5109/3446/2834 4989/3446/2834
f 4989/3446/2834 5109/3446/2834 5108/3446/2834 4990/3446/2834
f 4990/3446/2834 5108/3446/2834 5107/3446/2834 4991/3446/2834
f 4991/3446/2834 5107/3446/2834 5106/3446/2834 4992/3446/2834
f 4992/3446/2834 5106/3446/2834 5105/3446/2834 4993/3446/2834
f 4993/3446/2834 5105/3446/2834 5104/3446/2834 4994/3446/2834
f 4994/3446/2834 5104/3446/2834 5103/3446/2834 4995/3446/2834
f 4995/3446/2834 5103/3446/2834 5102/3446/2834 4996/3446/2834
f 4996/3446/2834 5102/3446/2834 5101/3446/2834 4997/3446/2834
f 4997/3446/2834 5101/3446/2834 5100/3446/2834 4998/3446/2834
f 4998/3446/2834 5100/3446/2834 5099/3446/2834 4999/3446/2834
f 4999/3446/2834 5099/3446/2834 5098/3446/2834 5000/3446/2834
f 5000/3446/2834 5098/3446/2834 5097/3446/2834 5001/3446/2834
f 5001/3446/2834 5097/3446/2834 5096/3446/2834 5002/3446/2834
f 5002/3446/2834 5096/3446/2834 5095/3446/2834 5003/3446/2834
f 5003/3446/2834 5095/3446/2834 5094/3446/2834 5004/3446/2834
f 5004/3446/2834 5094/3446/2834 5093/3446/2834 5005/3446/2834
f 5005/3446/2834 5093/3446/2834 5092/3446/2834 5006/3446/2834
f 5006/3446/2834 5092/3446/2834 5091/3446/2834 5007/3446/2834
f 5007/3446/2834 5091/3446/2834 5090/3446/2834 5008/3446/2834
f 5008/3446/2834 5090/3446/2834 5089/3446/2834 5009/3446/2834
f 5009/3446/2834 5089/3446/2834 5088/3446/2834 5010/3446/2834
f 5010/3446/2834 5088/3446/2834 5087/3446/2834 5011/3446/2834
f 5011/3446/2834 5087/3446/2834 5086/3446/2834 5012/3446/2834
f 5012/3446/2834 5086/3446/2834 5085/3446/2834 5013/3446/2834
f 5156/3446/2836 4857/3446/2836 4977/3446/2836 5158/3446/2836
f 5158/3446/2836 4977/3446/2836 4976/3446/2836 5159/3446/2836
f 5159/3446/2836 4976/3446/2836 4975/3446/2836 5160/3446/2836
f 5160/3446/2836 4975/3446/2836 4974/3446/2836 5161/3446/2836
f 5161/3446/2836 4974/3446/2836 4973/3446/2836 5162/3446/2836
f 5162/3446/2836 4973/3446/2836 4972/3446/2836 5163/3446/2836
f 5163/3446/2836 4972/3446/2836 4971/3446/2836 5164/3446/2836
f 5164/3446/2836 4971/3446/2836 4970/3446/2836 5165/3446/2836
f 5165/3446/2836 4970/3446/2836 4969/3446/2836 5166/3446/2836
f 5166/3446/2836 4969/3446/2836 4968/3446/2836 5167/3446/2836
f 5167/3446/2836 4968/3446/2836 4967/3446/2836 5168/3446/2836
f 5168/3446/2836 4967/3446/2836 4966/3446/2836 5169/3446/2836
f 5169/3446/2836 4966/3446/2836 4965/3446/2836 5170/3446/2836
f 5170/3446/2836 4965/3446/2836 4964/3446/2836 5171/3446/2836
f 5171/3446/2836 4964/3446/2836 4963/3446/2836 5172/3446/2836
f 5172/3446/2836 4963/3446/2836 4962/3446/2836 5173/3446/2836
f 5173/3446/2836 4962/3446/2836 4961/3446/2836 5174/3446/2836
f 5174/3446/2836 4961/3446/2836 4960/3446/2836 5175/3446/2836
f 5175/3446/2836 4960/3446/2836 4959/3446/2836 5176/3446/2836
f 5176/3446/2836 4959/3446/2836 4958/3446/2836 5177/3446/2836
f 5177/3446/2836 4958/3446/2836 4957/3446/2836 5178/3446/2836
f 5178/3446/2836 4957/3446/2836 4956/3446/2836 5179/3446/2836
f 5179/3446/2836 4956/3446/2836 4955/3446/2836 5180/3446/2836
f 5180/3446/2836 4955/3446/2836 4954/3446/2836 5181/3446/2836
f 5181/3446/2836 4954/3446/2836 4953/3446/2836 5182/3446/2836
f 5182/3446/2836 4953/3446/2836 4952/3446/2836 5183/3446/2836
f 5183/3446/2836 4952/3446/2836 4951/3446/2836 5184/3446/2836
f 5184/3446/2836 4951/3446/2836 4950/3446/2836 5185/3446/2836
f 5185/3446/2836 4950/3446/2836 4949/3446/2836 5186/3446/2836
f 5186/3446/2836 4949/3446/2836 4948/3446/2836 5187/3446/2836
f 5187/3446/2836 4948/3446/2836 4947/3446/2836 5188/3446/2836
f 5188/3446/2836 4947/3446/2836 4946/3446/2836 5189/3446/2836
f 5189/3446/2836 4946/3446/2836 4945/3446/2836 5190/3446/2836
f 5190/3446/2836 4945/3446/2836 4944/3446/2836 5191/3446/2836
f 5191/3446/2836 4944/3446/2836 4943/3446/2836 5192/3446/2836
f 5192/3446/2836 4943/3446/2836 4942/3446/2836 5193/3446/2836
f 4854/3446/2837 4856/3446/2837 5084/3446/2837 5120/3446/2837
f 5120/3446/2837 5084/3446/2837 5083/3446/2837 5119/3446/2837
f 5119/3446/2837 5083/3446/2837 5082/3446/2837 5118/3446/2837
f 5118/3446/2837 5082/3446/2837 5081/3446/2837 5117/3446/2837
f 5117/3446/2837 5081/3446/2837 5080/3446/2837 5116/3446/2837
f 5116/3446/2837 5080/3446/2837 5079/3446/2837 5115/3446/2837
f 5115/3446/2837 5079/3446/2837 5078/3446/2837 5114/3446/2837
f 5114/3446/2837 5078/3446/2837 5077/3446/2837 5113/3446/2837
f 5113/3446/2837 5077/3446/2837 5076/3446/2837 5112/3446/2837
f 5112/3446/2837 5076/3446/2837 5075/3446/2837 5111/3446/2837
f 5111/3446/2837 5075/3446/2837 5074/3446/2837 5110/3446/2837
f 5110/3446/2837 5074/3446/2837 5073/3446/2837 5109/3446/2837
f 5109/3446/2837 5073/3446/2837 5072/3446/2837 5108/3446/2837
f 5108/3446/2837 5072/3446/2837 5071/3446/2837 5107/3446/2837
f 5107/3446/2837 5071/3446/2837 5070/3446/2837 5106/3446/2837
f 5106/3446/2837 5070/3446/2837 5069/3446/2837 5105/3446/2837
f 5105/3446/2837 5069/3446/2837 5068/3446/2837 5104/3446/2837
f 5104/3446/2837 5068/3446/2837 5067/3446/2837 5103/3446/2837
f 5103/3446/2837 5067/3446/2837 5066/3446/2837 5102/3446/2837
f 5102/3446/2837 5066/3446/2837 5065/3446/2837 5101/3446/2837
f 5101/3446/2837 5065/3446/2837 5064/3446/2837 5100/3446/2837
f 5100/3446/2837 5064/3446/2837 5063/3446/2837 5099/3446/2837
f 5099/3446/2837 5063/3446/2837 5062/3446/2837 5098/3446/2837
f 5098/3446/2837 5062/3446/2837 5061/3446/2837 5097/3446/2837
f 5097/3446/2837 5061/3446/2837 5060/3446/2837 5096/3446/2837
f 5096/3446/2837 5060/3446/2837 5059/3446/2837 5095/3446/2837
f 5095/3446/2837 5059/3446/2837 5058/3446/2837 5094/3446/2837
f 5094/3446/2837 5058/3446/2837 5057/3446/2837 5093/3446/2837
f 5093/3446/2837 5057/3446/2837 5056/3446/2837 5092/3446/2837
f 5092/3446/2837 5056/3446/2837 5055/3446/2837 5091/3446/2837
f 5091/3446/2837 5055/3446/2837 5054/3446/2837 5090/3446/2837
f 5090/3446/2837 5054/3446/2837 5053/3446/2837 5089/3446/2837
f 5089/3446/2837 5053/3446/2837 5052/3446/2837 5088/3446/2837
f 5088/3446/2837 5052/3446/2837 5051/3446/2837 5087/3446/2837
f 5087/3446/2837 5051/3446/2837 5050/3446/2837 5086/3446/2837
f 5086/3446/2837 5050/3446/2837 5049/3446/2837 5085/3446/2837
f 5194/3446/2836 4861/3446/2836 5014/3446/2836 5196/3446/2836
f 5196/3446/2836 5014/3446/2836 5015/3446/2836 5197/3446/2836
f 5197/3446/2836 5015/3446/2836 5016/3446/2836 5198/3446/2836
f 5198/3446/2836 5016/3446/2836 5017/3446/2836 5199/3446/2836
f 5199/3446/2836 5017/3446/2836 5018/3446/2836 5200/3446/2836
f 5200/3446/2836 5018/3446/2836 5019/3446/2836 5201/3446/2836
f 5201/3446/2836 5019/3446/2836 5020/3446/2836 5202/3446/2836
f 5202/3446/2836 5020/3446/2836 5021/3446/2836 5203/3446/2836
f 5203/3446/2836 5021/3446/2836 5022/3446/2836 5204/3446/2836
f 5204/3446/2836 5022/3446/2836 5023/3446/2836 5205/3446/2836
f 5205/3446/2836 5023/3446/2836 5024/3446/2836 5206/3446/2836
f 5206/3446/2836 5024/3446/2836 5025/3446/2836 5207/3446/2836
f 5207/3446/2836 5025/3446/2836 5026/3446/2836 5208/3446/2836
f 5208/3446/2836 5026/3446/2836 5027/3446/2836 5209/3446/2836
f 5209/3446/2836 5027/3446/2836 5028/3446/2836 5210/3446/2836
f 5210/3446/2836 5028/3446/2836 5029/3446/2836 5211/3446/2836
f 5211/3446/2836 5029/3446/2836 5030/3446/2836 5212/3446/2836
f 5212/3446/2836 5030/3446/2836 5031/3446/2836 5213/3446/2836
f 5213/3446/2836 5031/3446/2836 5032/3446/2836 5214/3446/2836
f 5214/3446/2836 5032/3446/2836 5033/3446/2836 5215/3446/2836
f 5215/3446/2836 5033/3446/2836 5034/3446/2836 5216/3446/2836
f 5216/3446/2836 5034/3446/2836 5035/3446/2836 5217/3446/2836
f 5217/3446/2836 5035/3446/2836 5036/3446/2836 5218/3446/2836
f 5218/3446/2836 5036/3446/2836 5037/3446/2836 5219/3446/2836
f 5219/3446/2836 5037/3446/2836 5038/3446/2836 5220/3446/2836
f 5220/3446/2836 5038/3446/2836 5039/3446/2836 5221/3446/2836
f 5221/3446/2836 5039/3446/2836 5040/3446/2836 5222/3446/2836
f 5222/3446/2836 5040/3446/2836 5041/3446/2836 5223/3446/2836
f 5223/3446/2836 5041/3446/2836 5042/3446/2836 5224/3446/2836
f 5224/3446/2836 5042/3446/2836 5043/3446/2836 5225/3446/2836
f 5225/3446/2836 5043/3446/2836 5044/3446/2836 5226/3446/2836
f 5226/3446/2836 5044/3446/2836 5045/3446/2836 5227/3446/2836
f 5227/3446/2836 5045/3446/2836 5046/3446/2836 5228/3446/2836
f 5230/3446/2836 5047/3446/2836 5048/3446/2836 5231/3446/2836
f 4859/3446/2834 4858/3446/2834 4978/3446/2834 4870/3446/2834
f 4870/3446/2834 4978/3446/2834 4979/3446/2834 4871/3446/2834
f 4871/3446/2834 4979/3446/2834 4980/3446/2834 4872/3446/2834
f 4872/3446/2834 4980/3446/2834 4981/3446/2834 4873/3446/2834
f 4873/3446/2834 4981/3446/2834 4982/3446/2834 4874/3446/2834
f 4874/3446/2834 4982/3446/2834 4983/3446/2834 4875/3446/2834
f 4875/3446/2834 4983/3446/2834 4984/3446/2834 4876/3446/2834
f 4876/3446/2834 4984/3446/2834 4985/3446/2834 4877/3446/2834
f 4877/3446/2834 4985/3446/2834 4986/3446/2834 4878/3446/2834
f 4878/3446/2834 4986/3446/2834 4987/3446/2834 4879/3446/2834
f 4879/3446/2834 4987/3446/2834 4988/3446/2834 4880/3446/2834
f 4880/3446/2834 4988/3446/2834 4989/3446/2834 4881/3446/2834
f 4881/3446/2834 4989/3446/2834 4990/3446/2834 4882/3446/2834
f 4882/3446/2834 4990/3446/2834 4991/3446/2834 4883/3446/2834
f 4883/3446/2834 4991/3446/2834 4992/3446/2834 4884/3446/2834
f 4884/3446/2834 4992/3446/2834 4993/3446/2834 4885/3446/2834
f 4885/3446/2834 4993/3446/2834 4994/3446/2834 4886/3446/2834
f 4886/3446/2834 4994/3446/2834 4995/3446/2834 4887/3446/2834
f 4887/3446/2834 4995/3446/2834 4996/3446/2834 4888/3446/2834
f 4888/3446/2834 4996/3446/2834 4997/3446/2834 4889/3446/2834
f 4889/3446/2834 4997/3446/2834 4998/3446/2834 4890/3446/2834
f 4890/3446/2834 4998/3446/2834 4999/3446/2834 4891/3446/2834
f 4891/3446/2834 4999/3446/2834 5000/3446/2834 4892/3446/2834
f 4892/3446/2834 5000/3446/2834 5001/3446/2834 4893/3446/2834
f 4893/3446/2834 5001/3446/2834 5002/3446/2834 4894/3446/2834
f 4894/3446/2834 5002/3446/2834 5003/3446/2834 4895/3446/2834
f 4895/3446/2834 5003/3446/2834 5004/3446/2834 4896/3446/2834
f 4896/3446/2834 5004/3446/2834 5005/3446/2834 4897/3446/2834
f 4897/3446/2834 5005/3446/2834 5006/3446/2834 4898/3446/2834
f 4898/3446/2834 5006/3446/2834 5007/3446/2834 4899/3446/2834
f 4899/3446/2834 5007/3446/2834 5008/3446/2834 4900/3446/2834
f 4900/3446/2834 5008/3446/2834 5009/3446/2834 4901/3446/2834
f 4901/3446/2834 5009/3446/2834 5010/3446/2834 4902/3446/2834
f 4902/3446/2834 5010/3446/2834 5011/3446/2834 4903/3446/2834
f 4903/3446/2834 5011/3446/2834 5012/3446/2834 4904/3446/2834
f 4904/3446/2834 5012/3446/2834 5013/3446/2834 4905/3446/2834
f 4857/3446/2835 4855/3446/2835 4941/3446/2835 4977/3446/2835
f 4977/3446/2835 4941/3446/2835 4940/3446/2835 4976/3446/2835
f 4976/3446/2835 4940/3446/2835 4939/3446/2835 4975/3446/2835
f 4975/3446/2835 4939/3446/2835 4938/3446/2835 4974/3446/2835
f 4974/3446/2835 4938/3446/2835 4937/3446/2835 4973/3446/2835
f 4973/3446/2835 4937/3446/2835 4936/3446/2835 4972/3446/2835
f 4972/3446/2835 4936/3446/2835 4935/3446/2835 4971/3446/2835
f 4971/3446/2835 4935/3446/2835 4934/3446/2835 4970/3446/2835
f 4970/3446/2835 4934/3446/2835 4933/3446/2835 4969/3446/2835
f 4969/3446/2835 4933/3446/2835 4932/3446/2835 4968/3446/2835
f 4968/3446/2835 4932/3446/2835 4931/3446/2835 4967/3446/2835
f 4967/3446/2835 4931/3446/2835 4930/3446/2835 4966/3446/2835
f 4966/3446/2835 4930/3446/2835 4929/3446/2835 4965/3446/2835
f 4965/3446/2835 4929/3446/2835 4928/3446/2835 4964/3446/2835
f 4964/3446/2835 4928/3446/2835 4927/3446/2835 4963/3446/2835
f 4963/3446/2835 4927/3446/2835 4926/3446/2835 4962/3446/2835
f 4962/3446/2835 4926/3446/2835 4925/3446/2835 4961/3446/2835
f 4961/3446/2835 4925/3446/2835 4924/3446/2835 4960/3446/2835
f 4960/3446/2835 4924/3446/2835 4923/3446/2835 4959/3446/2835
f 4959/3446/2835 4923/3446/2835 4922/3446/2835 4958/3446/2835
f 4958/3446/2835 4922/3446/2835 4921/3446/2835 4957/3446/2835
f 4957/3446/2835 4921/3446/2835 4920/3446/2835 4956/3446/2835
f 4956/3446/2835 4920/3446/2835 4919/3446/2835 4955/3446/2835
f 4955/3446/2835 4919/3446/2835 4918/3446/2835 4954/3446/2835
f 4954/3446/2835 4918/3446/2835 4917/3446/2835 4953/3446/2835
f 4953/3446/2835 4917/3446/2835 4916/3446/2835 4952/3446/2835
f 4952/3446/2835 4916/3446/2835 4915/3446/2835 4951/3446/2835
f 4951/3446/2835 4915/3446/2835 4914/3446/2835 4950/3446/2835
f 4950/3446/2835 4914/3446/2835 4913/3446/2835 4949/3446/2835
f 4949/3446/2835 4913/3446/2835 4912/3446/2835 4948/3446/2835
f 4948/3446/2835 4912/3446/2835 4911/3446/2835 4947/3446/2835
f 4947/3446/2835 4911/3446/2835 4910/3446/2835 4946/3446/2835
f 4946/3446/2835 4910/3446/2835 4909/3446/2835 4945/3446/2835
f 4945/3446/2835 4909/3446/2835 4908/3446/2835 4944/3446/2835
f 4944/3446/2835 4908/3446/2835 4907/3446/2835 4943/3446/2835
f 4943/3446/2835 4907/3446/2835 4906/3446/2835 4942/3446/2835
f 4855/3446/2834 4859/3446/2834 4870/3446/2834 4941/3446/2834
f 4941/3446/2834 4870/3446/2834 4871/3446/2834 4940/3446/2834
f 4940/3446/2834 4871/3446/2834 4872/3446/2834 4939/3446/2834
f 4939/3446/2834 4872/3446/2834 4873/3446/2834 4938/3446/2834
f 4938/3446/2834 4873/3446/2834 4874/3446/2834 4937/3446/2834
f 4937/3446/2834 4874/3446/2834 4875/3446/2834 4936/3446/2834
f 4936/3446/2834 4875/3446/2834 4876/3446/2834 4935/3446/2834
f 4935/3446/2834 4876/3446/2834 4877/3446/2834 4934/3446/2834
f 4934/3446/2834 4877/3446/2834 4878/3446/2834 4933/3446/2834
f 4933/3446/2834 4878/3446/2834 4879/3446/2834 4932/3446/2834
f 4932/3446/2834 4879/3446/2834 4880/3446/2834 4931/3446/2834
f 4931/3446/2834 4880/3446/2834 4881/3446/2834 4930/3446/2834
f 4930/3446/2834 4881/3446/2834 4882/3446/2834 4929/3446/2834
f 4929/3446/2834 4882/3446/2834 4883/3446/2834 4928/3446/2834
f 4928/3446/2834 4883/3446/2834 4884/3446/2834 4927/3446/2834
f 4927/3446/2834 4884/3446/2834 4885/3446/2834 4926/3446/2834
f 4926/3446/2834 4885/3446/2834 4886/3446/2834 4925/3446/2834
f 4925/3446/2834 4886/3446/2834 4887/3446/2834 4924/3446/2834
f 4924/3446/2834 4887/3446/2834 4888/3446/2834 4923/3446/2834
f 4923/3446/2834 4888/3446/2834 4889/3446/2834 4922/3446/2834
f 4922/3446/2834 4889/3446/2834 4890/3446/2834 4921/3446/2834
f 4921/3446/2834 4890/3446/2834 4891/3446/2834 4920/3446/2834
f 4920/3446/2834 4891/3446/2834 4892/3446/2834 4919/3446/2834
f 4919/3446/2834 4892/3446/2834 4893/3446/2834 4918/3446/2834
f 4918/3446/2834 4893/3446/2834 4894/3446/2834 4917/3446/2834
f 4917/3446/2834 4894/3446/2834 4895/3446/2834 4916/3446/2834
f 4916/3446/2834 4895/3446/2834 4896/3446/2834 4915/3446/2834
f 4915/3446/2834 4896/3446/2834 4897/3446/2834 4914/3446/2834
f 4914/3446/2834 4897/3446/2834 4898/3446/2834 4913/3446/2834
f 4913/3446/2834 4898/3446/2834 4899/3446/2834 4912/3446/2834
f 4912/3446/2834 4899/3446/2834 4900/3446/2834 4911/3446/2834
f 4911/3446/2834 4900/3446/2834 4901/3446/2834 4910/3446/2834
f 4910/3446/2834 4901/3446/2834 4902/3446/2834 4909/3446/2834
f 4909/3446/2834 4902/3446/2834 4903/3446/2834 4908/3446/2834
f 4908/3446/2834 4903/3446/2834 4904/3446/2834 4907/3446/2834
f 4907/3446/2834 4904/3446/2834 4905/3446/2834 4906/3446/2834
f 5122/3446/2836 5192/3446/2836 5193/3446/2836 5121/3446/2836
f 5124/3446/2836 5189/3446/2836 5190/3446/2836 5123/3446/2836
f 5125/3446/2836 5188/3446/2836 5189/3446/2836 5124/3446/2836
f 5126/3446/2836 5187/3446/2836 5188/3446/2836 5125/3446/2836
f 5127/3446/2836 5186/3446/2836 5187/3446/2836 5126/3446/2836
f 5129/3446/2836 5184/3446/2836 5185/3446/2836 5128/3446/2836
f 5131/3446/2836 5182/3446/2836 5183/3446/2836 5130/3446/2836
f 5133/3446/2836 5180/3446/2836 5181/3446/2836 5132/3446/2836
f 5135/3446/2836 5178/3446/2836 5179/3446/2836 5134/3446/2836
f 5137/3446/2836 5176/3446/2836 5177/3446/2836 5136/3446/2836
f 5139/3446/2836 5174/3446/2836 5175/3446/2836 5138/3446/2836
f 5141/3446/2836 5172/3446/2836 5173/3446/2836 5140/3446/2836
f 5143/3446/2836 5170/3446/2836 5171/3446/2836 5142/3446/2836
f 5145/3446/2836 5168/3446/2836 5169/3446/2836 5144/3446/2836
f 5147/3446/2836 5166/3446/2836 5167/3446/2836 5146/3446/2836
f 5149/3446/2836 5164/3446/2836 5165/3446/2836 5148/3446/2836
f 5151/3446/2836 5162/3446/2836 5163/3446/2836 5150/3446/2836
f 5153/3446/2836 5160/3446/2836 5161/3446/2836 5152/3446/2836
f 5155/3446/2836 5158/3446/2836 5159/3446/2836 5154/3446/2836
f 4860/3446/2836 5156/3446/2836 5158/3446/2836 5155/3446/2836
f 5121/3446/2836 5193/3446/2836 5157/3446/2836 4868/3446/2836
f 5050/3446/2836 5230/3446/2836 5231/3446/2836 5049/3446/2836
f 5051/3446/2836 5229/3446/2836 5230/3446/2836 5050/3446/2836
f 5052/3446/2836 5228/3446/2836 5229/3446/2836 5051/3446/2836
f 5053/3446/2836 5227/3446/2836 5228/3446/2836 5052/3446/2836
f 5054/3446/2836 5226/3446/2836 5227/3446/2836 5053/3446/2836
f 5055/3446/2836 5225/3446/2836 5226/3446/2836 5054/3446/2836
f 5056/3446/2836 5224/3446/2836 5225/3446/2836 5055/3446/2836
f 5057/3446/2836 5223/3446/2836 5224/3446/2836 5056/3446/2836
f 5058/3446/2836 5222/3446/2836 5223/3446/2836 5057/3446/2836
f 5059/3446/2836 5221/3446/2836 5222/3446/2836 5058/3446/2836
f 5060/3446/2836 5220/3446/2836 5221/3446/2836 5059/3446/2836
f 5061/3446/2836 5219/3446/2836 5220/3446/2836 5060/3446/2836
f 5062/3446/2836 5218/3446/2836 5219/3446/2836 5061/3446/2836
f 5063/3446/2836 5217/3446/2836 5218/3446/2836 5062/3446/2836
f 5064/3446/2836 5216/3446/2836 5217/3446/2836 5063/3446/2836
f 5065/3446/2836 5215/3446/2836 5216/3446/2836 5064/3446/2836
f 5066/3446/2836 5214/3446/2836 5215/3446/2836 5065/3446/2836
f 5067/3446/2836 5213/3446/2836 5214/3446/2836 5066/3446/2836
f 5068/3446/2836 5212/3446/2836 5213/3446/2836 5067/3446/2836
f 5069/3446/2836 5211/3446/2836 5212/3446/2836 5068/3446/2836
f 5070/3446/2836 5210/3446/2836 5211/3446/2836 5069/3446/2836
f 5071/3446/2836 5209/3446/2836 5210/3446/2836 5070/3446/2836
f 5072/3446/2836 5208/3446/2836 5209/3446/2836 5071/3446/2836
f 5073/3446/2836 5207/3446/2836 5208/3446/2836 5072/3446/2836
f 5074/3446/2836 5206/3446/2836 5207/3446/2836 5073/3446/2836
f 5075/3446/2836 5205/3446/2836 5206/3446/2836 5074/3446/2836
f 5076/3446/2836 5204/3446/2836 5205/3446/2836 5075/3446/2836
f 5077/3446/2836 5203/3446/2836 5204/3446/2836 5076/3446/2836
f 5078/3446/2836 5202/3446/2836 5203/3446/2836 5077/3446/2836
f 5079/3446/2836 5201/3446/2836 5202/3446/2836 5078/3446/2836
f 5080/3446/2836 5200/3446/2836 5201/3446/2836 5079/3446/2836
f 5081/3446/2836 5199/3446/2836 5200/3446/2836 5080/3446/2836
f 5082/3446/2836 5198/3446/2836 5199/3446/2836 5081/3446/2836
f 5083/3446/2836 5197/3446/2836 5198/3446/2836 5082/3446/2836
f 5084/3446/2836 5196/3446/2836 5197/3446/2836 5083/3446/2836
f 4856/3446/2836 5194/3446/2836 5196/3446/2836 5084/3446/2836
f 5049/3446/2836 5231/3446/2836 5195/3446/2836 4864/3446/2836
f 5284/3446/2838 5241/3446/2838 5245/3446/2838 5283/3446/2838
f 5320/3446/2839 5243/3446/2839 5241/3446/2839 5284/3446/2839
f 5283/3446/2836 5245/3446/2836 5244/3446/2836 5391/3446/2836
f 5609/3446/2834 5573/3446/2834 5247/3446/2834 5426/3446/2834
f 5463/3446/2840 5240/3446/2840 5242/3446/2840 5427/3446/2840
f 5571/3446/2841 5535/3446/2841 5243/3446/2841 5320/3446/2841
f 5391/3446/2842 5244/3446/2842 5240/3446/2842 5463/3446/2842
f 5236/3446/2843 5356/3446/2843 5498/3446/2843 5232/3446/2843
f 5356/3446/2843 5357/3446/2843 5497/3446/2843 5498/3446/2843
f 5357/3446/2843 5358/3446/2843 5496/3446/2843 5497/3446/2843
f 5358/3446/2843 5359/3446/2843 5495/3446/2843 5496/3446/2843
f 5359/3446/2843 5360/3446/2843 5494/3446/2843 5495/3446/2843
f 5360/3446/2843 5361/3446/2843 5493/3446/2843 5494/3446/2843
f 5361/3446/2843 5362/3446/2843 5492/3446/2843 5493/3446/2843
f 5362/3446/2843 5363/3446/2843 5491/3446/2843 5492/3446/2843
f 5363/3446/2843 5364/3446/2843 5490/3446/2843 5491/3446/2843
f 5364/3446/2843 5365/3446/2843 5489/3446/2843 5490/3446/2843
f 5365/3446/2843 5366/3446/2843 5488/3446/2843 5489/3446/2843
f 5366/3446/2843 5367/3446/2843 5487/3446/2843 5488/3446/2843
f 5367/3446/2843 5368/3446/2843 5486/3446/2843 5487/3446/2843
f 5368/3446/2843 5369/3446/2843 5485/3446/2843 5486/3446/2843
f 5369/3446/2843 5370/3446/2843 5484/3446/2843 5485/3446/2843
f 5370/3446/2843 5371/3446/2843 5483/3446/2843 5484/3446/2843
f 5371/3446/2843 5372/3446/2843 5482/3446/2843 5483/3446/2843
f 5372/3446/2843 5373/3446/2843 5481/3446/2843 5482/3446/2843
f 5373/3446/2843 5374/3446/2843 5480/3446/2843 5481/3446/2843
f 5374/3446/2843 5375/3446/2843 5479/3446/2843 5480/3446/2843
f 5375/3446/2843 5376/3446/2843 5478/3446/2843 5479/3446/2843
f 5376/3446/2843 5377/3446/2843 5477/3446/2843 5478/3446/2843
f 5377/3446/2843 5378/3446/2843 5476/3446/2843 5477/3446/2843
f 5378/3446/2843 5379/3446/2843 5475/3446/2843 5476/3446/2843
f 5379/3446/2843 5380/3446/2843 5474/3446/2843 5475/3446/2843
f 5380/3446/2843 5381/3446/2843 5473/3446/2843 5474/3446/2843
f 5381/3446/2843 5382/3446/2843 5472/3446/2843 5473/3446/2843
f 5382/3446/2843 5383/3446/2843 5471/3446/2843 5472/3446/2843
f 5383/3446/2843 5384/3446/2843 5470/3446/2843 5471/3446/2843
f 5384/3446/2843 5385/3446/2843 5469/3446/2843 5470/3446/2843
f 5385/3446/2843 5386/3446/2843 5468/3446/2843 5469/3446/2843
f 5386/3446/2843 5387/3446/2843 5467/3446/2843 5468/3446/2843
f 5387/3446/2843 5388/3446/2843 5466/3446/2843 5467/3446/2843
f 5388/3446/2843 5389/3446/2843 5465/3446/2843 5466/3446/2843
f 5389/3446/2843 5390/3446/2843 5464/3446/2843 5465/3446/2843
f 5390/3446/2843 5391/3446/2843 5463/3446/2843 5464/3446/2843
f 5534/3446/2844 5536/3446/2844 5355/3446/2844 5235/3446/2844
f 5536/3446/2844 5537/3446/2844 5354/3446/2844 5355/3446/2844
f 5537/3446/2844 5538/3446/2844 5353/3446/2844 5354/3446/2844
f 5538/3446/2844 5539/3446/2844 5352/3446/2844 5353/3446/2844
f 5539/3446/2844 5540/3446/2844 5351/3446/2844 5352/3446/2844
f 5540/3446/2844 5541/3446/2844 5350/3446/2844 5351/3446/2844
f 5541/3446/2844 5542/3446/2844 5349/3446/2844 5350/3446/2844
f 5542/3446/2844 5543/3446/2844 5348/3446/2844 5349/3446/2844
f 5543/3446/2844 5544/3446/2844 5347/3446/2844 5348/3446/2844
f 5544/3446/2844 5545/3446/2844 5346/3446/2844 5347/3446/2844
f 5545/3446/2844 5546/3446/2844 5345/3446/2844 5346/3446/2844
f 5546/3446/2844 5547/3446/2844 5344/3446/2844 5345/3446/2844
f 5547/3446/2844 5548/3446/2844 5343/3446/2844 5344/3446/2844
f 5548/3446/2844 5549/3446/2844 5342/3446/2844 5343/3446/2844
f 5549/3446/2844 5550/3446/2844 5341/3446/2844 5342/3446/2844
f 5550/3446/2844 5551/3446/2844 5340/3446/2844 5341/3446/2844
f 5551/3446/2844 5552/3446/2844 5339/3446/2844 5340/3446/2844
f 5552/3446/2844 5553/3446/2844 5338/3446/2844 5339/3446/2844
f 5553/3446/2844 5554/3446/2844 5337/3446/2844 5338/3446/2844
f 5554/3446/2844 5555/3446/2844 5336/3446/2844 5337/3446/2844
f 5555/3446/2844 5556/3446/2844 5335/3446/2844 5336/3446/2844
f 5556/3446/2844 5557/3446/2844 5334/3446/2844 5335/3446/2844
f 5557/3446/2844 5558/3446/2844 5333/3446/2844 5334/3446/2844
f 5558/3446/2844 5559/3446/2844 5332/3446/2844 5333/3446/2844
f 5559/3446/2844 5560/3446/2844 5331/3446/2844 5332/3446/2844
f 5560/3446/2844 5561/3446/2844 5330/3446/2844 5331/3446/2844
f 5561/3446/2844 5562/3446/2844 5329/3446/2844 5330/3446/2844
f 5562/3446/2844 5563/3446/2844 5328/3446/2844 5329/3446/2844
f 5563/3446/2844 5564/3446/2844 5327/3446/2844 5328/3446/2844
f 5564/3446/2844 5565/3446/2844 5326/3446/2844 5327/3446/2844
f 5565/3446/2844 5566/3446/2844 5325/3446/2844 5326/3446/2844
f 5566/3446/2844 5567/3446/2844 5324/3446/2844 5325/3446/2844
f 5567/3446/2844 5568/3446/2844 5323/3446/2844 5324/3446/2844
f 5568/3446/2844 5569/3446/2844 5322/3446/2844 5323/3446/2844
f 5569/3446/2844 5570/3446/2844 5321/3446/2844 5322/3446/2844
f 5570/3446/2844 5571/3446/2844 5320/3446/2844 5321/3446/2844
f 5232/3446/2835 5498/3446/2835 5462/3446/2835 5234/3446/2835
f 5498/3446/2835 5497/3446/2835 5461/3446/2835 5462/3446/2835
f 5497/3446/2835 5496/3446/2835 5460/3446/2835 5461/3446/2835
f 5496/3446/2835 5495/3446/2835 5459/3446/2835 5460/3446/2835
f 5495/3446/2835 5494/3446/2835 5458/3446/2835 5459/3446/2835
f 5494/3446/2835 5493/3446/2835 5457/3446/2835 5458/3446/2835
f 5493/3446/2835 5492/3446/2835 5456/3446/2835 5457/3446/2835
f 5492/3446/2835 5491/3446/2835 5455/3446/2835 5456/3446/2835
f 5491/3446/2835 5490/3446/2835 5454/3446/2835 5455/3446/2835
f 5490/3446/2835 5489/3446/2835 5453/3446/2835 5454/3446/2835
f 5489/3446/2835 5488/3446/2835 5452/3446/2835 5453/3446/2835
f 5488/3446/2835 5487/3446/2835 5451/3446/2835 5452/3446/2835
f 5487/3446/2835 5486/3446/2835 5450/3446/2835 5451/3446/2835
f 5486/3446/2835 5485/3446/2835 5449/3446/2835 5450/3446/2835
f 5485/3446/2835 5484/3446/2835 5448/3446/2835 5449/3446/2835
f 5484/3446/2835 5483/3446/2835 5447/3446/2835 5448/3446/2835
f 5483/3446/2835 5482/3446/2835 5446/3446/2835 5447/3446/2835
f 5482/3446/2835 5481/3446/2835 5445/3446/2835 5446/3446/2835
f 5481/3446/2835 5480/3446/2835 5444/3446/2835 5445/3446/2835
f 5480/3446/2835 5479/3446/2835 5443/3446/2835 5444/3446/2835
f 5479/3446/2835 5478/3446/2835 5442/3446/2835 5443/3446/2835
f 5478/3446/2835 5477/3446/2835 5441/3446/2835 5442/3446/2835
f 5477/3446/2835 5476/3446/2835 5440/3446/2835 5441/3446/2835
f 5476/3446/2835 5475/3446/2835 5439/3446/2835 5440/3446/2835
f 5475/3446/2835 5474/3446/2835 5438/3446/2835 5439/3446/2835
f 5474/3446/2835 5473/3446/2835 5437/3446/2835 5438/3446/2835
f 5473/3446/2835 5472/3446/2835 5436/3446/2835 5437/3446/2835
f 5472/3446/2835 5471/3446/2835 5435/3446/2835 5436/3446/2835
f 5471/3446/2835 5470/3446/2835 5434/3446/2835 5435/3446/2835
f 5470/3446/2835 5469/3446/2835 5433/3446/2835 5434/3446/2835
f 5469/3446/2835 5468/3446/2835 5432/3446/2835 5433/3446/2835
f 5468/3446/2835 5467/3446/2835 5431/3446/2835 5432/3446/2835
f 5467/3446/2835 5466/3446/2835 5430/3446/2835 5431/3446/2835
f 5466/3446/2835 5465/3446/2835 5429/3446/2835 5430/3446/2835
f 5465/3446/2835 5464/3446/2835 5428/3446/2835 5429/3446/2835
f 5464/3446/2835 5463/3446/2835 5427/3446/2835 5428/3446/2835
f 5572/3446/2834 5574/3446/2834 5392/3446/2834 5239/3446/2834
f 5574/3446/2834 5575/3446/2834 5393/3446/2834 5392/3446/2834
f 5575/3446/2834 5576/3446/2834 5394/3446/2834 5393/3446/2834
f 5576/3446/2834 5577/3446/2834 5395/3446/2834 5394/3446/2834
f 5577/3446/2834 5578/3446/2834 5396/3446/2834 5395/3446/2834
f 5578/3446/2834 5579/3446/2834 5397/3446/2834 5396/3446/2834
f 5579/3446/2834 5580/3446/2834 5398/3446/2834 5397/3446/2834
f 5580/3446/2834 5581/3446/2834 5399/3446/2834 5398/3446/2834
f 5581/3446/2834 5582/3446/2834 5400/3446/2834 5399/3446/2834
f 5582/3446/2834 5583/3446/2834 5401/3446/2834 5400/3446/2834
f 5583/3446/2834 5584/3446/2834 5402/3446/2834 5401/3446/2834
f 5584/3446/2834 5585/3446/2834 5403/3446/2834 5402/3446/2834
f 5585/3446/2834 5586/3446/2834 5404/3446/2834 5403/3446/2834
f 5586/3446/2834 5587/3446/2834 5405/3446/2834 5404/3446/2834
f 5587/3446/2834 5588/3446/2834 5406/3446/2834 5405/3446/2834
f 5588/3446/2834 5589/3446/2834 5407/3446/2834 5406/3446/2834
f 5589/3446/2834 5590/3446/2834 5408/3446/2834 5407/3446/2834
f 5590/3446/2834 5591/3446/2834 5409/3446/2834 5408/3446/2834
f 5591/3446/2834 5592/3446/2834 5410/3446/2834 5409/3446/2834
f 5592/3446/2834 5593/3446/2834 5411/3446/2834 5410/3446/2834
f 5593/3446/2834 5594/3446/2834 5412/3446/2834 5411/3446/2834
f 5594/3446/2834 5595/3446/2834 5413/3446/2834 5412/3446/2834
f 5595/3446/2834 5596/3446/2834 5414/3446/2834 5413/3446/2834
f 5596/3446/2834 5597/3446/2834 5415/3446/2834 5414/3446/2834
f 5597/3446/2834 5598/3446/2834 5416/3446/2834 5415/3446/2834
f 5598/3446/2834 5599/3446/2834 5417/3446/2834 5416/3446/2834
f 5599/3446/2834 5600/3446/2834 5418/3446/2834 5417/3446/2834
f 5600/3446/2834 5601/3446/2834 5419/3446/2834 5418/3446/2834
f 5601/3446/2834 5602/3446/2834 5420/3446/2834 5419/3446/2834
f 5602/3446/2834 5603/3446/2834 5421/3446/2834 5420/3446/2834
f 5603/3446/2834 5604/3446/2834 5422/3446/2834 5421/3446/2834
f 5604/3446/2834 5605/3446/2834 5423/3446/2834 5422/3446/2834
f 5605/3446/2834 5606/3446/2834 5424/3446/2834 5423/3446/2834
f 5608/3446/2834 5609/3446/2834 5426/3446/2834 5425/3446/2834
f 5237/3446/2836 5248/3446/2836 5356/3446/2836 5236/3446/2836
f 5248/3446/2836 5249/3446/2836 5357/3446/2836 5356/3446/2836
f 5249/3446/2836 5250/3446/2836 5358/3446/2836 5357/3446/2836
f 5250/3446/2836 5251/3446/2836 5359/3446/2836 5358/3446/2836
f 5251/3446/2836 5252/3446/2836 5360/3446/2836 5359/3446/2836
f 5252/3446/2836 5253/3446/2836 5361/3446/2836 5360/3446/2836
f 5253/3446/2836 5254/3446/2836 5362/3446/2836 5361/3446/2836
f 5254/3446/2836 5255/3446/2836 5363/3446/2836 5362/3446/2836
f 5255/3446/2836 5256/3446/2836 5364/3446/2836 5363/3446/2836
f 5256/3446/2836 5257/3446/2836 5365/3446/2836 5364/3446/2836
f 5257/3446/2836 5258/3446/2836 5366/3446/2836 5365/3446/2836
f 5258/3446/2836 5259/3446/2836 5367/3446/2836 5366/3446/2836
f 5259/3446/2836 5260/3446/2836 5368/3446/2836 5367/3446/2836
f 5260/3446/2836 5261/3446/2836 5369/3446/2836 5368/3446/2836
f 5261/3446/2836 5262/3446/2836 5370/3446/2836 5369/3446/2836
f 5262/3446/2836 5263/3446/2836 5371/3446/2836 5370/3446/2836
f 5263/3446/2836 5264/3446/2836 5372/3446/2836 5371/3446/2836
f 5264/3446/2836 5265/3446/2836 5373/3446/2836 5372/3446/2836
f 5265/3446/2836 5266/3446/2836 5374/3446/2836 5373/3446/2836
f 5266/3446/2836 5267/3446/2836 5375/3446/2836 5374/3446/2836
f 5267/3446/2836 5268/3446/2836 5376/3446/2836 5375/3446/2836
f 5268/3446/2836 5269/3446/2836 5377/3446/2836 5376/3446/2836
f 5269/3446/2836 5270/3446/2836 5378/3446/2836 5377/3446/2836
f 5270/3446/2836 5271/3446/2836 5379/3446/2836 5378/3446/2836
f 5271/3446/2836 5272/3446/2836 5380/3446/2836 5379/3446/2836
f 5272/3446/2836 5273/3446/2836 5381/3446/2836 5380/3446/2836
f 5273/3446/2836 5274/3446/2836 5382/3446/2836 5381/3446/2836
f 5274/3446/2836 5275/3446/2836 5383/3446/2836 5382/3446/2836
f 5275/3446/2836 5276/3446/2836 5384/3446/2836 5383/3446/2836
f 5276/3446/2836 5277/3446/2836 5385/3446/2836 5384/3446/2836
f 5277/3446/2836 5278/3446/2836 5386/3446/2836 5385/3446/2836
f 5278/3446/2836 5279/3446/2836 5387/3446/2836 5386/3446/2836
f 5279/3446/2836 5280/3446/2836 5388/3446/2836 5387/3446/2836
f 5280/3446/2836 5281/3446/2836 5389/3446/2836 5388/3446/2836
f 5281/3446/2836 5282/3446/2836 5390/3446/2836 5389/3446/2836
f 5282/3446/2836 5283/3446/2836 5391/3446/2836 5390/3446/2836
f 5235/3446/2837 5355/3446/2837 5319/3446/2837 5233/3446/2837
f 5355/3446/2837 5354/3446/2837 5318/3446/2837 5319/3446/2837
f 5354/3446/2837 5353/3446/2837 5317/3446/2837 5318/3446/2837
f 5353/3446/2837 5352/3446/2837 5316/3446/2837 5317/3446/2837
f 5352/3446/2837 5351/3446/2837 5315/3446/2837 5316/3446/2837
f 5351/3446/2837 5350/3446/2837 5314/3446/2837 5315/3446/2837
f 5350/3446/2837 5349/3446/2837 5313/3446/2837 5314/3446/2837
f 5349/3446/2837 5348/3446/2837 5312/3446/2837 5313/3446/2837
f 5348/3446/2837 5347/3446/2837 5311/3446/2837 5312/3446/2837
f 5347/3446/2837 5346/3446/2837 5310/3446/2837 5311/3446/2837
f 5346/3446/2837 5345/3446/2837 5309/3446/2837 5310/3446/2837
f 5345/3446/2837 5344/3446/2837 5308/3446/2837 5309/3446/2837
f 5344/3446/2837 5343/3446/2837 5307/3446/2837 5308/3446/2837
f 5343/3446/2837 5342/3446/2837 5306/3446/2837 5307/3446/2837
f 5342/3446/2837 5341/3446/2837 5305/3446/2837 5306/3446/2837
f 5341/3446/2837 5340/3446/2837 5304/3446/2837 5305/3446/2837
f 5340/3446/2837 5339/3446/2837 5303/3446/2837 5304/3446/2837
f 5339/3446/2837 5338/3446/2837 5302/3446/2837 5303/3446/2837
f 5338/3446/2837 5337/3446/2837 5301/3446/2837 5302/3446/2837
f 5337/3446/2837 5336/3446/2837 5300/3446/2837 5301/3446/2837
f 5336/3446/2837 5335/3446/2837 5299/3446/2837 5300/3446/2837
f 5335/3446/2837 5334/3446/2837 5298/3446/2837 5299/3446/2837
f 5334/3446/2837 5333/3446/2837 5297/3446/2837 5298/3446/2837
f 5333/3446/2837 5332/3446/2837 5296/3446/2837 5297/3446/2837
f 5332/3446/2837 5331/3446/2837 5295/3446/2837 5296/3446/2837
f 5331/3446/2837 5330/3446/2837 5294/3446/2837 5295/3446/2837
f 5330/3446/2837 5329/3446/2837 5293/3446/2837 5294/3446/2837
f 5329/3446/2837 5328/3446/2837 5292/3446/2837 5293/3446/2837
f 5328/3446/2837 5327/3446/2837 5291/3446/2837 5292/3446/2837
f 5327/3446/2837 5326/3446/2837 5290/3446/2837 5291/3446/2837
f 5326/3446/2837 5325/3446/2837 5289/3446/2837 5290/3446/2837
f 5325/3446/2837 5324/3446/2837 5288/3446/2837 5289/3446/2837
f 5324/3446/2837 5323/3446/2837 5287/3446/2837 5288/3446/2837
f 5323/3446/2837 5322/3446/2837 5286/3446/2837 5287/3446/2837
f 5322/3446/2837 5321/3446/2837 5285/3446/2837 5286/3446/2837
f 5321/3446/2837 5320/3446/2837 5284/3446/2837 5285/3446/2837
f 5233/3446/2845 5319/3446/2845 5248/3446/2845 5237/3446/2845
f 5319/3446/2845 5318/3446/2845 5249/3446/2845 5248/3446/2845
f 5318/3446/2845 5317/3446/2845 5250/3446/2845 5249/3446/2845
f 5317/3446/2845 5316/3446/2845 5251/3446/2845 5250/3446/2845
f 5316/3446/2845 5315/3446/2845 5252/3446/2845 5251/3446/2845
f 5315/3446/2845 5314/3446/2845 5253/3446/2845 5252/3446/2845
f 5314/3446/2845 5313/3446/2845 5254/3446/2845 5253/3446/2845
f 5313/3446/2845 5312/3446/2845 5255/3446/2845 5254/3446/2845
f 5312/3446/2845 5311/3446/2845 5256/3446/2845 5255/3446/2845
f 5311/3446/2845 5310/3446/2845 5257/3446/2845 5256/3446/2845
f 5310/3446/2845 5309/3446/2845 5258/3446/2845 5257/3446/2845
f 5309/3446/2845 5308/3446/2845 5259/3446/2845 5258/3446/2845
f 5308/3446/2845 5307/3446/2845 5260/3446/2845 5259/3446/2845
f 5307/3446/2845 5306/3446/2845 5261/3446/2845 5260/3446/2845
f 5306/3446/2845 5305/3446/2845 5262/3446/2845 5261/3446/2845
f 5305/3446/2845 5304/3446/2845 5263/3446/2845 5262/3446/2845
f 5304/3446/2845 5303/3446/2845 5264/3446/2845 5263/3446/2845
f 5303/3446/2845 5302/3446/2845 5265/3446/2845 5264/3446/2845
f 5302/3446/2845 5301/3446/2845 5266/3446/2845 5265/3446/2845
f 5301/3446/2845 5300/3446/2845 5267/3446/2845 5266/3446/2845
f 5300/3446/2845 5299/3446/2845 5268/3446/2845 5267/3446/2845
f 5299/3446/2845 5298/3446/2845 5269/3446/2845 5268/3446/2845
f 5298/3446/2845 5297/3446/2845 5270/3446/2845 5269/3446/2845
f 5297/3446/2845 5296/3446/2845 5271/3446/2845 5270/3446/2845
f 5296/3446/2845 5295/3446/2845 5272/3446/2845 5271/3446/2845
f 5295/3446/2845 5294/3446/2845 5273/3446/2845 5272/3446/2845
f 5294/3446/2845 5293/3446/2845 5274/3446/2845 5273/3446/2845
f 5293/3446/2845 5292/3446/2845 5275/3446/2845 5274/3446/2845
f 5292/3446/2845 5291/3446/2845 5276/3446/2845 5275/3446/2845
f 5291/3446/2845 5290/3446/2845 5277/3446/2845 5276/3446/2845
f 5290/3446/2845 5289/3446/2845 5278/3446/2845 5277/3446/2845
f 5289/3446/2845 5288/3446/2845 5279/3446/2845 5278/3446/2845
f 5288/3446/2845 5287/3446/2845 5280/3446/2845 5279/3446/2845
f 5287/3446/2845 5286/3446/2845 5281/3446/2845 5280/3446/2845
f 5286/3446/2845 5285/3446/2845 5282/3446/2845 5281/3446/2845
f 5285/3446/2845 5284/3446/2845 5283/3446/2845 5282/3446/2845
f 5500/3446/2834 5499/3446/2834 5571/3446/2834 5570/3446/2834
f 5502/3446/2834 5501/3446/2834 5568/3446/2834 5567/3446/2834
f 5503/3446/2834 5502/3446/2834 5567/3446/2834 5566/3446/2834
f 5504/3446/2834 5503/3446/2834 5566/3446/2834 5565/3446/2834
f 5505/3446/2834 5504/3446/2834 5565/3446/2834 5564/3446/2834
f 5507/3446/2834 5506/3446/2834 5563/3446/2834 5562/3446/2834
f 5509/3446/2834 5508/3446/2834 5561/3446/2834 5560/3446/2834
f 5511/3446/2834 5510/3446/2834 5559/3446/2834 5558/3446/2834
f 5513/3446/2834 5512/3446/2834 5557/3446/2834 5556/3446/2834
f 5515/3446/2834 5514/3446/2834 5555/3446/2834 5554/3446/2834
f 5517/3446/2834 5516/3446/2834 5553/3446/2834 5552/3446/2834
f 5519/3446/2834 5518/3446/2834 5551/3446/2834 5550/3446/2834
f 5521/3446/2834 5520/3446/2834 5549/3446/2834 5548/3446/2834
f 5523/3446/2834 5522/3446/2834 5547/3446/2834 5546/3446/2834
f 5525/3446/2834 5524/3446/2834 5545/3446/2834 5544/3446/2834
f 5527/3446/2834 5526/3446/2834 5543/3446/2834 5542/3446/2834
f 5529/3446/2834 5528/3446/2834 5541/3446/2834 5540/3446/2834
f 5531/3446/2834 5530/3446/2834 5539/3446/2834 5538/3446/2834
f 5533/3446/2834 5532/3446/2834 5537/3446/2834 5536/3446/2834
f 5238/3446/2834 5533/3446/2834 5536/3446/2834 5534/3446/2834
f 5499/3446/2834 5246/3446/2834 5535/3446/2834 5571/3446/2834
f 5428/3446/2846 5427/3446/2846 5609/3446/2846 5608/3446/2846
f 5429/3446/2846 5428/3446/2846 5608/3446/2846 5607/3446/2846
f 5430/3446/2846 5429/3446/2846 5607/3446/2846 5606/3446/2846
f 5431/3446/2846 5430/3446/2846 5606/3446/2846 5605/3446/2846
f 5432/3446/2846 5431/3446/2846 5605/3446/2846 5604/3446/2846
f 5433/3446/2846 5432/3446/2846 5604/3446/2846 5603/3446/2846
f 5434/3446/2846 5433/3446/2846 5603/3446/2846 5602/3446/2846
f 5435/3446/2846 5434/3446/2846 5602/3446/2846 5601/3446/2846
f 5436/3446/2846 5435/3446/2846 5601/3446/2846 5600/3446/2846
f 5437/3446/2846 5436/3446/2846 5600/3446/2846 5599/3446/2846
f 5438/3446/2846 5437/3446/2846 5599/3446/2846 5598/3446/2846
f 5439/3446/2846 5438/3446/2846 5598/3446/2846 5597/3446/2846
f 5440/3446/2846 5439/3446/2846 5597/3446/2846 5596/3446/2846
f 5441/3446/2846 5440/3446/2846 5596/3446/2846 5595/3446/2846
f 5442/3446/2846 5441/3446/2846 5595/3446/2846 5594/3446/2846
f 5443/3446/2846 5442/3446/2846 5594/3446/2846 5593/3446/2846
f 5444/3446/2846 5443/3446/2846 5593/3446/2846 5592/3446/2846
f 5445/3446/2846 5444/3446/2846 5592/3446/2846 5591/3446/2846
f 5446/3446/2846 5445/3446/2846 5591/3446/2846 5590/3446/2846
f 5447/3446/2846 5446/3446/2846 5590/3446/2846 5589/3446/2846
f 5448/3446/2846 5447/3446/2846 5589/3446/2846 5588/3446/2846
f 5449/3446/2846 5448/3446/2846 5588/3446/2846 5587/3446/2846
f 5450/3446/2846 5449/3446/2846 5587/3446/2846 5586/3446/2846
f 5451/3446/2846 5450/3446/2846 5586/3446/2846 5585/3446/2846
f 5452/3446/2846 5451/3446/2846 5585/3446/2846 5584/3446/2846
f 5453/3446/2846 5452/3446/2846 5584/3446/2846 5583/3446/2846
f 5454/3446/2846 5453/3446/2846 5583/3446/2846 5582/3446/2846
f 5455/3446/2846 5454/3446/2846 5582/3446/2846 5581/3446/2846
f 5456/3446/2846 5455/3446/2846 5581/3446/2846 5580/3446/2846
f 5457/3446/2846 5456/3446/2846 5580/3446/2846 5579/3446/2846
f 5458/3446/2846 5457/3446/2846 5579/3446/2846 5578/3446/2846
f 5459/3446/2846 5458/3446/2846 5578/3446/2846 5577/3446/2846
f 5460/3446/2846 5459/3446/2846 5577/3446/2846 5576/3446/2846
f 5461/3446/2846 5460/3446/2846 5576/3446/2846 5575/3446/2846
f 5462/3446/2846 5461/3446/2846 5575/3446/2846 5574/3446/2846
f 5234/3446/2846 5462/3446/2846 5574/3446/2846 5572/3446/2846
f 5427/3446/2847 5242/3446/2847 5573/3446/2847 5609/3446/2847
f 4859/3446/2848 4855/3446/2848 5233/3446/2848 5237/3446/2848
f 4861/3446/2848 5194/3446/2848 5572/3446/2848 5239/3446/2848
f 4854/3446/2848 4858/3446/2848 5236/3446/2848 5232/3446/2848
f 4858/3446/2848 4859/3446/2848 5237/3446/2848 5236/3446/2848
f 4857/3446/2848 5156/3446/2848 5534/3446/2848 5235/3446/2848
f 4855/3446/2848 4857/3446/2848 5235/3446/2848 5233/3446/2848
f 4856/3446/2848 4854/3446/2848 5232/3446/2848 5234/3446/2848
f 4863/3446/2849 4867/3446/2849 5245/3446/2849 5241/3446/2849
f 5195/3446/2850 4869/3446/2850 5247/3446/2850 5573/3446/2850
f 4866/3446/2851 4862/3446/2851 5240/3446/2851 5244/3446/2851
f 4867/3446/2850 4866/3446/2850 5244/3446/2850 5245/3446/2850
f 5157/3446/2850 4865/3446/2850 5243/3446/2850 5535/3446/2850
f 4865/3446/2852 4863/3446/2852 5241/3446/2852 5243/3446/2852
f 4862/3446/2853 4864/3446/2853 5242/3446/2853 5240/3446/2853
f 4869/3446/2835 5048/3446/2835 5426/3446/2835 5247/3446/2835
f 4860/3446/2837 5155/3446/2837 5533/3446/2837 5238/3446/2837
f 5014/3446/2835 4861/3446/2835 5239/3446/2835 5392/3446/2835
f 5015/3446/2835 5014/3446/2835 5392/3446/2835 5393/3446/2835
f 5016/3446/2835 5015/3446/2835 5393/3446/2835 5394/3446/2835
f 5017/3446/2835 5016/3446/2835 5394/3446/2835 5395/3446/2835
f 5018/3446/2835 5017/3446/2835 5395/3446/2835 5396/3446/2835
f 5019/3446/2835 5018/3446/2835 5396/3446/2835 5397/3446/2835
f 5020/3446/2835 5019/3446/2835 5397/3446/2835 5398/3446/2835
f 5021/3446/2835 5020/3446/2835 5398/3446/2835 5399/3446/2835
f 5022/3446/2835 5021/3446/2835 5399/3446/2835 5400/3446/2835
f 5023/3446/2835 5022/3446/2835 5400/3446/2835 5401/3446/2835
f 5024/3446/2835 5023/3446/2835 5401/3446/2835 5402/3446/2835
f 5025/3446/2835 5024/3446/2835 5402/3446/2835 5403/3446/2835
f 5026/3446/2835 5025/3446/2835 5403/3446/2835 5404/3446/2835
f 5027/3446/2835 5026/3446/2835 5404/3446/2835 5405/3446/2835
f 5028/3446/2835 5027/3446/2835 5405/3446/2835 5406/3446/2835
f 5029/3446/2835 5028/3446/2835 5406/3446/2835 5407/3446/2835
f 5030/3446/2835 5029/3446/2835 5407/3446/2835 5408/3446/2835
f 5031/3446/2835 5030/3446/2835 5408/3446/2835 5409/3446/2835
f 5032/3446/2835 5031/3446/2835 5409/3446/2835 5410/3446/2835
f 5033/3446/2835 5032/3446/2835 5410/3446/2835 5411/3446/2835
f 5034/3446/2835 5033/3446/2835 5411/3446/2835 5412/3446/2835
f 5035/3446/2835 5034/3446/2835 5412/3446/2835 5413/3446/2835
f 5036/3446/2835 5035/3446/2835 5413/3446/2835 5414/3446/2835
f 5037/3446/2835 5036/3446/2835 5414/3446/2835 5415/3446/2835
f 5038/3446/2835 5037/3446/2835 5415/3446/2835 5416/3446/2835
f 5039/3446/2835 5038/3446/2835 5416/3446/2835 5417/3446/2835
f 5040/3446/2835 5039/3446/2835 5417/3446/2835 5418/3446/2835
f 5041/3446/2835 5040/3446/2835 5418/3446/2835 5419/3446/2835
f 5042/3446/2835 5041/3446/2835 5419/3446/2835 5420/3446/2835
f 5043/3446/2835 5042/3446/2835 5420/3446/2835 5421/3446/2835
f 5044/3446/2835 5043/3446/2835 5421/3446/2835 5422/3446/2835
f 5045/3446/2835 5044/3446/2835 5422/3446/2835 5423/3446/2835
f 5046/3446/2835 5045/3446/2835 5423/3446/2835 5424/3446/2835
f 5048/3446/2835 5047/3446/2835 5425/3446/2835 5426/3446/2835
f 5121/3446/2837 4868/3446/2837 5246/3446/2837 5499/3446/2837
f 5122/3446/2837 5121/3446/2837 5499/3446/2837 5500/3446/2837
f 5124/3446/2837 5123/3446/2837 5501/3446/2837 5502/3446/2837
f 5125/3446/2837 5124/3446/2837 5502/3446/2837 5503/3446/2837
f 5126/3446/2837 5125/3446/2837 5503/3446/2837 5504/3446/2837
f 5127/3446/2837 5126/3446/2837 5504/3446/2837 5505/3446/2837
f 5129/3446/2837 5128/3446/2837 5506/3446/2837 5507/3446/2837
f 5131/3446/2837 5130/3446/2837 5508/3446/2837 5509/3446/2837
f 5133/3446/2837 5132/3446/2837 5510/3446/2837 5511/3446/2837
f 5135/3446/2837 5134/3446/2837 5512/3446/2837 5513/3446/2837
f 5137/3446/2837 5136/3446/2837 5514/3446/2837 5515/3446/2837
f 5139/3446/2837 5138/3446/2837 5516/3446/2837 5517/3446/2837
f 5141/3446/2837 5140/3446/2837 5518/3446/2837 5519/3446/2837
f 5143/3446/2837 5142/3446/2837 5520/3446/2837 5521/3446/2837
f 5145/3446/2837 5144/3446/2837 5522/3446/2837 5523/3446/2837
f 5147/3446/2837 5146/3446/2837 5524/3446/2837 5525/3446/2837
f 5149/3446/2837 5148/3446/2837 5526/3446/2837 5527/3446/2837
f 5151/3446/2837 5150/3446/2837 5528/3446/2837 5529/3446/2837
f 5153/3446/2837 5152/3446/2837 5530/3446/2837 5531/3446/2837
f 5155/3446/2837 5154/3446/2837 5532/3446/2837 5533/3446/2837
f 5154/3446/2850 5159/3446/2850 5537/3446/2850 5532/3446/2850
f 5160/3446/2848 5153/3446/2848 5531/3446/2848 5538/3446/2848
f 5152/3446/2850 5161/3446/2850 5539/3446/2850 5530/3446/2850
f 5162/3446/2848 5151/3446/2848 5529/3446/2848 5540/3446/2848
f 5150/3446/2850 5163/3446/2850 5541/3446/2850 5528/3446/2850
f 5164/3446/2848 5149/3446/2848 5527/3446/2848 5542/3446/2848
f 5148/3446/2850 5165/3446/2850 5543/3446/2850 5526/3446/2850
f 5166/3446/2848 5147/3446/2848 5525/3446/2848 5544/3446/2848
f 5146/3446/2850 5167/3446/2850 5545/3446/2850 5524/3446/2850
f 5168/3446/2848 5145/3446/2848 5523/3446/2848 5546/3446/2848
f 5144/3446/2850 5169/3446/2850 5547/3446/2850 5522/3446/2850
f 5170/3446/2848 5143/3446/2848 5521/3446/2848 5548/3446/2848
f 5142/3446/2850 5171/3446/2850 5549/3446/2850 5520/3446/2850
f 5172/3446/2848 5141/3446/2848 5519/3446/2848 5550/3446/2848
f 5140/3446/2850 5173/3446/2850 5551/3446/2850 5518/3446/2850
f 5174/3446/2848 5139/3446/2848 5517/3446/2848 5552/3446/2848
f 5138/3446/2850 5175/3446/2850 5553/3446/2850 5516/3446/2850
f 5176/3446/2848 5137/3446/2848 5515/3446/2848 5554/3446/2848
f 5136/3446/2850 5177/3446/2850 5555/3446/2850 5514/3446/2850
f 5178/3446/2848 5135/3446/2848 5513/3446/2848 5556/3446/2848
f 5134/3446/2850 5179/3446/2850 5557/3446/2850 5512/3446/2850
f 5180/3446/2848 5133/3446/2848 5511/3446/2848 5558/3446/2848
f 5132/3446/2850 5181/3446/2850 5559/3446/2850 5510/3446/2850
f 5182/3446/2848 5131/3446/2848 5509/3446/2848 5560/3446/2848
f 5130/3446/2850 5183/3446/2850 5561/3446/2850 5508/3446/2850
f 5184/3446/2848 5129/3446/2848 5507/3446/2848 5562/3446/2848
f 5128/3446/2850 5185/3446/2850 5563/3446/2850 5506/3446/2850
f 5186/3446/2848 5127/3446/2848 5505/3446/2848 5564/3446/2848
f 5123/3446/2850 5190/3446/2850 5568/3446/2850 5501/3446/2850
f 5192/3446/2854 5122/3446/2854 5500/3446/2854 5570/3446/2854
f 5156/3446/2848 4860/3446/2848 5238/3446/2848 5534/3446/2848
f 4868/3446/2850 5157/3446/2850 5535/3446/2850 5246/3446/2850
f 5191/3446/2837 5192/3446/2837 5570/3446/2837 5569/3446/2837
f 5190/3446/2837 5191/3446/2837 5569/3446/2837 5568/3446/2837
f 5185/3446/2837 5186/3446/2837 5564/3446/2837 5563/3446/2837
f 5183/3446/2837 5184/3446/2837 5562/3446/2837 5561/3446/2837
f 5181/3446/2837 5182/3446/2837 5560/3446/2837 5559/3446/2837
f 5179/3446/2837 5180/3446/2837 5558/3446/2837 5557/3446/2837
f 5177/3446/2837 5178/3446/2837 5556/3446/2837 5555/3446/2837
f 5175/3446/2837 5176/3446/2837 5554/3446/2837 5553/3446/2837
f 5173/3446/2837 5174/3446/2837 5552/3446/2837 5551/3446/2837
f 5171/3446/2837 5172/3446/2837 5550/3446/2837 5549/3446/2837
f 5169/3446/2837 5170/3446/2837 5548/3446/2837 5547/3446/2837
f 5167/3446/2837 5168/3446/2837 5546/3446/2837 5545/3446/2837
f 5165/3446/2837 5166/3446/2837 5544/3446/2837 5543/3446/2837
f 5163/3446/2837 5164/3446/2837 5542/3446/2837 5541/3446/2837
f 5161/3446/2837 5162/3446/2837 5540/3446/2837 5539/3446/2837
f 5159/3446/2837 5160/3446/2837 5538/3446/2837 5537/3446/2837
f 5194/3446/2848 4856/3446/2848 5234/3446/2848 5572/3446/2848
f 4864/3446/2850 5195/3446/2850 5573/3446/2850 5242/3446/2850
f 5228/3446/2850 5046/3446/2850 5424/3446/2850 5606/3446/2850
f 5047/3446/2855 5230/3446/2855 5608/3446/2855 5425/3446/2855
f 5230/3446/2835 5229/3446/2835 5607/3446/2835 5608/3446/2835
f 5229/3446/2835 5228/3446/2835 5606/3446/2835 5607/3446/2835
o CuerpoAgarre
v -0.036775 1.275709 0.255798
v -0.037217 1.275573 -0.020913
v 0.033414 1.275418 -0.033653
v -0.001676 1.276020 -0.049170
v 0.032957 1.274172 0.267772
v 0.036176 1.275329 0.206375
v 0.001483 1.275470 0.279670
v -0.035851 0.495470 -0.025379
v 0.032089 0.498516 -0.025072
v 0.030810 0.498661 0.266081
v 0.003856 0.498171 0.280288
v 0.039677 0.496778 0.206375
v 0.003856 0.498088 -0.045869
v -0.035265 0.495381 0.263416
v 0.035486 1.276815 0.012383
v 0.039680 0.496784 0.012383
v 0.002195 0.793410 0.294034
v 0.001912 0.886264 0.295140
v 0.001630 0.979117 0.292857
v -0.039542 0.979111 0.270023
v -0.038851 0.886263 0.273251
v -0.038161 0.793416 0.273503
v -0.039048 0.793415 -0.036005
v -0.039674 0.886263 -0.036237
v -0.040299 0.979112 -0.033604
v 0.000449 0.979114 -0.061205
v 0.000964 0.886264 -0.062922
v 0.001479 0.793413 -0.061271
v 0.039397 0.979114 -0.042385
v 0.039858 0.886264 -0.043355
v 0.040320 0.793413 -0.041325
v 0.048780 0.793412 0.012383
v 0.048780 0.886264 0.012383
v 0.048780 0.979115 0.012383
v 0.048780 0.979120 0.206375
v 0.048780 0.886264 0.206375
v 0.048780 0.793407 0.206375
v 0.038002 0.979119 0.278750
v 0.038525 0.886264 0.280325
v 0.039048 0.793409 0.278790
v 0.002583 0.665553 0.283545
v 0.002371 0.735435 0.285263
v 0.002516 0.687727 0.282473
v 0.002438 0.713306 0.283101
v 0.001454 1.037116 0.283469
v 0.001241 1.106995 0.280894
v 0.001386 1.059236 0.281058
v 0.001309 1.084813 0.280116
v -0.040493 1.107031 0.257985
v -0.039973 1.037052 0.261148
v -0.040328 1.084818 0.257609
v -0.040137 1.059204 0.258767
v -0.037730 0.735558 0.266455
v -0.037210 0.665562 0.265831
v -0.037566 0.713373 0.264811
v -0.037375 0.687753 0.264583
v -0.038186 0.665558 -0.028024
v -0.038658 0.735558 -0.028974
v -0.038335 0.687751 -0.026943
v -0.038508 0.713372 -0.027290
v -0.040690 1.037050 -0.025309
v -0.041162 1.107033 -0.022612
v -0.040839 1.059204 -0.023118
v -0.041012 1.084819 -0.022131
v -0.000260 1.106982 -0.050007
v 0.000127 1.037105 -0.052163
v -0.000137 1.084803 -0.049096
v 0.000005 1.059226 -0.049885
v 0.001801 0.735430 -0.052264
v 0.002188 0.665556 -0.050154
v 0.001924 0.713306 -0.049999
v 0.002065 0.687731 -0.049227
v 0.038761 1.106994 -0.033119
v 0.039109 1.037006 -0.034640
v 0.038871 1.084796 -0.032167
v 0.038999 1.059179 -0.032724
v 0.040608 0.735486 -0.033022
v 0.040956 0.665511 -0.030729
v 0.040719 0.713328 -0.030883
v 0.040846 0.687716 -0.030043
v 0.048780 0.665504 0.012383
v 0.048780 0.735493 0.012383
v 0.048780 0.687712 0.012383
v 0.048780 0.713330 0.012383
v 0.048780 1.036991 0.012383
v 0.048780 1.106999 0.012383
v 0.048780 1.059172 0.012383
v 0.048780 1.084797 0.012383
v 0.048780 1.107012 0.206375
v 0.048780 1.037018 0.206375
v 0.048780 1.084810 0.206375
v 0.048780 1.059191 0.206375
v 0.048780 0.735484 0.206375
v 0.048780 0.665500 0.206375
v 0.048780 0.713321 0.206375
v 0.048780 0.687706 0.206375
v 0.037282 1.107006 0.268427
v 0.037676 1.037034 0.270419
v 0.037407 1.084809 0.267583
v 0.037552 1.059197 0.268313
v 0.039374 0.735478 0.270478
v 0.039768 0.665509 0.268518
v 0.039498 0.713321 0.268381
v 0.039643 0.687710 0.267664
v -0.037770 0.603801 -0.033852
v -0.034333 0.547000 -0.030378
v -0.037239 0.585718 -0.034374
v -0.035981 0.564928 -0.033103
v 0.041263 0.603817 -0.035503
v 0.038028 0.547383 -0.030247
v 0.040882 0.585772 -0.035610
v 0.039698 0.565115 -0.033686
v 0.036839 0.547389 0.268701
v 0.040115 0.603812 0.273890
v 0.038536 0.565117 0.272208
v 0.039735 0.585770 0.274108
v 0.002771 0.603796 0.289824
v 0.003219 0.547316 0.283823
v 0.002863 0.585757 0.290085
v 0.003027 0.565084 0.287888
v 0.048780 0.603814 0.206375
v 0.045539 0.547261 0.206375
v 0.048346 0.585752 0.206375
v 0.047160 0.565052 0.206375
v 0.003111 0.547305 -0.049650
v 0.002531 0.603799 -0.055987
v 0.002879 0.565079 -0.053807
v 0.002667 0.585758 -0.056126
v -0.033457 0.546991 0.268830
v -0.036751 0.603800 0.272249
v -0.035026 0.564923 0.271628
v -0.036231 0.585717 0.272880
v 0.045540 0.547257 0.012383
v 0.048780 0.603819 0.012383
v 0.047160 0.565051 0.012383
v 0.048346 0.585755 0.012383
v -0.038051 1.268631 0.258748
v -0.041396 1.228412 0.265543
v -0.039780 1.256137 0.262619
v -0.041004 1.241416 0.265106
v -0.038517 1.268582 -0.023838
v -0.041980 1.228412 -0.030576
v -0.040300 1.256112 -0.027706
v -0.041567 1.241409 -0.030173
v 0.035012 1.268563 -0.036866
v 0.038157 1.228434 -0.044058
v 0.035811 1.256105 -0.041147
v 0.037501 1.241417 -0.043779
v -0.000934 1.228441 -0.061382
v -0.001507 1.268808 -0.052979
v -0.001053 1.241454 -0.060969
v -0.001263 1.256229 -0.057893
v 0.034180 1.268064 0.270946
v 0.036599 1.228432 0.278940
v 0.034611 1.255856 0.275601
v 0.036035 1.241349 0.278528
v 0.037501 1.268450 0.206375
v 0.046734 1.239285 0.206375
v 0.041057 1.262729 0.206375
v 0.044545 1.250895 0.206375
v 0.000872 1.228437 0.291532
v 0.001307 1.268592 0.283255
v 0.000907 1.241422 0.291089
v 0.001066 1.256120 0.288059
v 0.046646 1.239415 0.012383
v 0.037097 1.269043 0.012383
v 0.044363 1.251163 0.012383
v 0.040746 1.263186 0.012383
v 0.002159 0.805017 0.294172
v 0.002124 0.816624 0.294310
v 0.002089 0.828230 0.294449
v 0.002053 0.839837 0.294587
v 0.002018 0.851444 0.294725
v 0.001983 0.863050 0.294864
v 0.001948 0.874657 0.295002
v -0.038765 0.874658 0.273282
v -0.038679 0.863052 0.273314
v -0.038592 0.851446 0.273346
v -0.038506 0.839840 0.273377
v -0.038420 0.828234 0.273409
v -0.038333 0.816628 0.273440
v -0.038247 0.805022 0.273472
v -0.039126 0.805021 -0.036034
v -0.039204 0.816627 -0.036063
v -0.039282 0.828233 -0.036092
v -0.039361 0.839839 -0.036121
v -0.039439 0.851445 -0.036150
v -0.039517 0.863051 -0.036179
v -0.039595 0.874658 -0.036208
v 0.001028 0.874657 -0.062716
v 0.001093 0.863051 -0.062509
v 0.001157 0.851445 -0.062303
v 0.001222 0.839838 -0.062096
v 0.001286 0.828232 -0.061890
v 0.001350 0.816626 -0.061683
v 0.001415 0.805019 -0.061477
v 0.048780 0.805015 0.206375
v 0.048780 0.816622 0.206375
v 0.048780 0.828229 0.206375
v 0.048780 0.839836 0.206375
v 0.048780 0.851443 0.206375
v 0.048780 0.863050 0.206375
v 0.048780 0.874657 0.206375
v 0.038590 0.874657 0.280133
v 0.038656 0.863050 0.279941
v 0.038721 0.851443 0.279749
v 0.038786 0.839836 0.279557
v 0.038852 0.828229 0.279365
v 0.038917 0.816622 0.279174
v 0.038982 0.805016 0.278982
v 0.039916 0.874657 -0.043101
v 0.039974 0.863051 -0.042847
v 0.040032 0.851445 -0.042594
v 0.040089 0.839838 -0.042340
v 0.040147 0.828232 -0.042086
v 0.040205 0.816626 -0.041832
v 0.040263 0.805019 -0.041579
v 0.048780 0.874657 0.012383
v 0.048780 0.863051 0.012383
v 0.048780 0.851444 0.012383
v 0.048780 0.839838 0.012383
v 0.048780 0.828231 0.012383
v 0.048780 0.816625 0.012383
v 0.048780 0.805019 0.012383
v 0.001865 0.901739 0.294760
v 0.001818 0.917215 0.294379
v 0.001771 0.932690 0.293999
v 0.001724 0.948166 0.293618
v 0.001677 0.963641 0.293238
v -0.039427 0.963636 0.270561
v -0.039312 0.948162 0.271099
v -0.039196 0.932687 0.271637
v -0.039081 0.917213 0.272175
v -0.038966 0.901738 0.272713
v -0.039778 0.901738 -0.035798
v -0.039882 0.917213 -0.035359
v -0.039987 0.932688 -0.034921
v -0.040091 0.948162 -0.034482
v -0.040195 0.963637 -0.034043
v 0.000535 0.963639 -0.061491
v 0.000621 0.948164 -0.061777
v 0.000707 0.932689 -0.062063
v 0.000792 0.917214 -0.062350
v 0.000878 0.901739 -0.062636
v 0.048780 0.901740 0.206375
v 0.048780 0.917216 0.206375
v 0.048780 0.932692 0.206375
v 0.048780 0.948168 0.206375
v 0.048780 0.963644 0.206375
v 0.038089 0.963643 0.279012
v 0.038177 0.948167 0.279275
v 0.038264 0.932691 0.279537
v 0.038351 0.917215 0.279800
v 0.038438 0.901740 0.280062
v 0.039474 0.963639 -0.042547
v 0.039551 0.948164 -0.042708
v 0.039628 0.932689 -0.042870
v 0.039705 0.917214 -0.043031
v 0.039782 0.901739 -0.043193
v 0.048780 0.963640 0.012383
v 0.048780 0.948165 0.012383
v 0.048780 0.932689 0.012383
v 0.048780 0.917214 0.012383
v 0.048780 0.901739 0.012383
v 0.034450 1.276117 -0.010635
v 0.035885 0.497650 -0.010529
v 0.044088 0.979115 -0.015001
v 0.044319 0.886264 -0.015486
v 0.044550 0.793413 -0.014471
v 0.043770 1.106997 -0.010368
v 0.043826 1.084796 -0.009892
v 0.043889 1.059175 -0.010171
v 0.043944 1.036999 -0.011129
v 0.044868 0.665508 -0.009173
v 0.044813 0.687714 -0.008830
v 0.044749 0.713329 -0.009250
v 0.044694 0.735490 -0.010320
v 0.045022 0.603818 -0.011560
v 0.044614 0.585763 -0.011614
v 0.043429 0.565083 -0.010652
v 0.041784 0.547320 -0.008932
v 0.042401 1.233925 -0.015838
v 0.040932 1.246290 -0.015698
v 0.038279 1.259645 -0.014382
v 0.036055 1.268803 -0.012241
v 0.044348 0.874657 -0.015359
v 0.044377 0.863051 -0.015232
v 0.044406 0.851444 -0.015105
v 0.044435 0.839838 -0.014979
v 0.044464 0.828232 -0.014852
v 0.044492 0.816625 -0.014725
v 0.044521 0.805019 -0.014598
v 0.044127 0.963639 -0.015082
v 0.044165 0.948164 -0.015163
v 0.044204 0.932689 -0.015244
v 0.044242 0.917214 -0.015324
v 0.044281 0.901739 -0.015405
v 0.034566 1.274750 0.237073
v 0.035244 0.497720 0.238970
v 0.043391 0.979119 0.242562
v 0.043653 0.886264 0.243350
v 0.043914 0.793408 0.242582
v 0.043031 1.107009 0.237401
v 0.043094 1.084810 0.236979
v 0.043166 1.059194 0.237344
v 0.043228 1.037026 0.238397
v 0.044274 0.665504 0.237447
v 0.044211 0.687708 0.237019
v 0.044139 0.713321 0.237378
v 0.044077 0.735481 0.238426
v 0.044447 0.603813 0.240132
v 0.044040 0.585761 0.240241
v 0.042848 0.565085 0.239292
v 0.041189 0.547325 0.237538
v 0.041666 1.233859 0.242657
v 0.040290 1.246122 0.242451
v 0.037834 1.259293 0.240988
v 0.035840 1.268257 0.238660
v 0.043685 0.874657 0.243254
v 0.043718 0.863050 0.243158
v 0.043751 0.851443 0.243062
v 0.043783 0.839836 0.242966
v 0.043816 0.828229 0.242870
v 0.043849 0.816622 0.242774
v 0.043881 0.805015 0.242678
v 0.043435 0.963643 0.242694
v 0.043478 0.948167 0.242825
v 0.043522 0.932692 0.242956
v 0.043565 0.917216 0.243087
v 0.043609 0.901740 0.243219
v -0.036854 0.978981 0.265165
v 0.002009 0.978981 0.287319
v 0.002042 0.963505 0.287699
v -0.036231 0.886300 0.268355
v 0.002211 0.886319 0.289595
v 0.002239 0.874712 0.289457
v 0.000857 0.979014 -0.055668
v -0.037191 0.979023 -0.029003
v -0.037087 0.963548 -0.029442
v 0.001286 0.886351 -0.057379
v -0.036632 0.886329 -0.031591
v -0.036554 0.874723 -0.031562
v 0.037898 0.979097 0.241749
v 0.043287 0.979109 0.205562
v 0.043287 0.963633 0.205562
v 0.038152 0.886254 0.242588
v 0.043279 0.886259 0.205614
v 0.043279 0.874652 0.205614
v 0.034951 0.979051 -0.039058
v 0.035396 0.886309 -0.040050
v 0.033651 0.979032 0.275301
v 0.034162 0.886293 0.276890
v 0.038614 0.979087 -0.014069
v 0.038836 0.886258 -0.014609
v 0.002389 0.805072 0.288624
v 0.002361 0.816679 0.288762
v 0.002339 0.828285 0.288901
v 0.002311 0.839892 0.289040
v 0.002289 0.851499 0.289179
v 0.002261 0.863106 0.289318
v -0.036144 0.874694 0.268387
v -0.036085 0.863088 0.268404
v -0.035999 0.851482 0.268436
v -0.035940 0.839876 0.268453
v -0.035853 0.828270 0.268484
v -0.035795 0.816664 0.268502
v -0.035708 0.805058 0.268533
v -0.036167 0.805087 -0.031336
v -0.036246 0.816693 -0.031365
v -0.036296 0.828299 -0.031411
v -0.036374 0.839905 -0.031440
v -0.036425 0.851511 -0.031487
v -0.036503 0.863117 -0.031516
v 0.001334 0.874744 -0.057172
v 0.001393 0.863138 -0.056965
v 0.001441 0.851532 -0.056758
v 0.001499 0.839925 -0.056551
v 0.001547 0.828319 -0.056344
v 0.001606 0.816712 -0.056137
v 0.001654 0.805106 -0.055930
v 0.043277 0.805010 0.205631
v 0.043277 0.816617 0.205631
v 0.043278 0.828224 0.205625
v 0.043278 0.839831 0.205625
v 0.043279 0.851438 0.205619
v 0.043279 0.863045 0.205619
v 0.034191 0.874686 0.276744
v 0.034287 0.863079 0.276513
v 0.034317 0.851472 0.276367
v 0.034413 0.839866 0.276135
v 0.034443 0.828258 0.275990
v 0.034539 0.816652 0.275758
v 0.034568 0.805044 0.275613
v 0.035414 0.874701 -0.039850
v 0.035507 0.863096 -0.039549
v 0.035525 0.851488 -0.039349
v 0.035618 0.839883 -0.039048
v 0.035636 0.828276 -0.038847
v 0.035729 0.816670 -0.038546
v 0.035748 0.805063 -0.038346
v 0.038865 0.874651 -0.014482
v 0.038893 0.863045 -0.014359
v 0.038922 0.851438 -0.014232
v 0.038950 0.839832 -0.014108
v 0.038979 0.828225 -0.013982
v 0.039007 0.816619 -0.013858
v 0.039036 0.805013 -0.013731
v 0.038185 0.874648 0.242492
v 0.038216 0.863041 0.242402
v 0.038249 0.851434 0.242306
v 0.038281 0.839827 0.242216
v 0.038314 0.828220 0.242120
v 0.038346 0.816613 0.242030
v 0.038378 0.805006 0.241934
v 0.002178 0.901603 0.289217
v 0.002145 0.917078 0.288837
v 0.002110 0.932554 0.288458
v 0.002077 0.948030 0.288078
v -0.036739 0.963506 0.265703
v -0.036646 0.948031 0.266229
v -0.036531 0.932557 0.266767
v -0.036438 0.917082 0.267293
v -0.036323 0.901607 0.267831
v -0.036713 0.901649 -0.031168
v -0.036818 0.917123 -0.030729
v -0.036900 0.932598 -0.030305
v -0.037004 0.948073 -0.029866
v 0.000919 0.963539 -0.055952
v 0.001000 0.948063 -0.056238
v 0.001062 0.932588 -0.056523
v 0.001144 0.917113 -0.056809
v 0.001206 0.901638 -0.057093
v 0.043282 0.901729 0.205599
v 0.043282 0.917205 0.205599
v 0.043284 0.932681 0.205580
v 0.043284 0.948157 0.205580
v 0.033759 0.963556 0.275537
v 0.033811 0.948081 0.275844
v 0.033919 0.932605 0.276079
v 0.033971 0.917130 0.276387
v 0.034079 0.901653 0.276622
v 0.035038 0.963576 -0.039206
v 0.035090 0.948101 -0.039401
v 0.035177 0.932626 -0.039549
v 0.035229 0.917151 -0.039745
v 0.035317 0.901675 -0.039892
v 0.038653 0.963612 -0.014149
v 0.038688 0.948137 -0.014250
v 0.038726 0.932661 -0.014331
v 0.038762 0.917186 -0.014432
v 0.038800 0.901711 -0.014513
v 0.037942 0.963621 0.241880
v 0.037982 0.948145 0.242030
v 0.038026 0.932669 0.242161
v 0.038067 0.917194 0.242311
v 0.038110 0.901718 0.242442
v -0.028100 1.272524 0.251978
v -0.028297 1.272600 -0.017505
v 0.025319 1.271597 -0.029194
v -0.000273 1.271270 -0.040482
v 0.024906 1.270428 0.263172
v 0.026385 1.273363 0.205843
v 0.002439 1.270724 0.270920
v -0.027088 0.495669 -0.020565
v 0.023884 0.499758 -0.019493
v 0.022852 0.499797 0.260134
v 0.003648 0.499035 0.270327
v 0.029838 0.497919 0.205001
v 0.003456 0.499115 -0.035930
v -0.026672 0.495600 0.258306
v 0.025727 1.274685 0.012850
v 0.029889 0.497907 0.014078
v 0.002561 0.794154 0.284068
v 0.002338 0.892423 0.287274
v 0.002193 0.984685 0.284570
v -0.032690 0.982840 0.263766
v -0.032023 0.890534 0.267323
v -0.029760 0.793856 0.268097
v -0.030400 0.793853 -0.031003
v -0.032625 0.890412 -0.030484
v -0.033214 0.982746 -0.027556
v 0.001045 0.984606 -0.052869
v 0.001412 0.892331 -0.054986
v 0.001866 0.794193 -0.051308
v 0.033101 0.984902 -0.037201
v 0.033505 0.892418 -0.038691
v 0.032330 0.793873 -0.035330
v 0.038910 0.793434 0.013989
v 0.038906 0.886254 0.013967
v 0.038936 0.979070 0.014142
v 0.043916 0.984838 0.199768
v 0.043845 0.892026 0.199860
v 0.038873 0.793421 0.205013
v 0.031810 0.984792 0.273321
v 0.032263 0.892318 0.275412
v 0.031242 0.793869 0.272556
v 0.002741 0.664821 0.273573
v 0.002682 0.736601 0.275336
v 0.002730 0.687598 0.272476
v 0.002694 0.713875 0.273121
v 0.002187 1.035828 0.273579
v 0.002138 1.107564 0.270951
v 0.002163 1.058532 0.271114
v 0.002122 1.084793 0.270149
v -0.031836 1.107336 0.252988
v -0.031361 1.036445 0.256101
v -0.031698 1.084837 0.252557
v -0.031516 1.058889 0.253710
v -0.029256 0.736194 0.261184
v -0.028795 0.665204 0.260440
v -0.029110 0.713699 0.259482
v -0.028935 0.687715 0.259219
v -0.029540 0.665268 -0.023008
v -0.029956 0.736171 -0.024084
v -0.029669 0.687752 -0.021954
v -0.029827 0.713705 -0.022338
v -0.031853 1.036531 -0.020656
v -0.032283 1.107346 -0.018021
v -0.031996 1.058951 -0.018457
v -0.032161 1.084872 -0.017478
v 0.000702 1.107604 -0.040073
v 0.000916 1.035893 -0.042268
v 0.000740 1.084844 -0.039134
v 0.000841 1.058592 -0.039940
v 0.002131 0.736624 -0.042341
v 0.002356 0.664903 -0.040177
v 0.002196 0.713920 -0.040022
v 0.002293 0.687664 -0.039230
v 0.030946 1.107343 -0.026889
v 0.031247 1.036283 -0.028503
v 0.031104 1.084813 -0.025869
v 0.031204 1.058794 -0.026472
v 0.032567 0.736149 -0.027114
v 0.032897 0.665139 -0.024821
v 0.032700 0.713665 -0.024917
v 0.032823 0.687671 -0.024074
v 0.038932 0.665468 0.014120
v 0.038931 0.735533 0.014110
v 0.038948 0.687701 0.014206
v 0.038947 0.713347 0.014200
v 0.038973 1.036926 0.014336
v 0.038978 1.106957 0.014362
v 0.039004 1.059132 0.014488
v 0.039015 1.084790 0.014535
v 0.038927 1.106965 0.204665
v 0.038920 1.036955 0.204710
v 0.038946 1.084799 0.204560
v 0.038939 1.059150 0.204600
v 0.038883 0.735512 0.204948
v 0.038879 0.665464 0.204972
v 0.038889 0.713330 0.204903
v 0.038888 0.687690 0.204909
v 0.029619 1.107339 0.262011
v 0.029961 1.036237 0.264107
v 0.029765 1.084790 0.261134
v 0.029885 1.058757 0.261906
v 0.031478 0.736156 0.264378
v 0.031845 0.665076 0.262431
v 0.031609 0.713647 0.262246
v 0.031746 0.687628 0.261530
v -0.029194 0.603645 -0.028711
v -0.025825 0.547969 -0.025214
v -0.028697 0.586217 -0.029198
v -0.027510 0.566188 -0.027940
v 0.033187 0.603607 -0.029610
v 0.029861 0.548880 -0.024674
v 0.032784 0.586287 -0.029765
v 0.031648 0.566463 -0.027908
v 0.028779 0.548875 0.262972
v 0.032202 0.603548 0.267781
v 0.030652 0.566504 0.266215
v 0.031808 0.586274 0.268032
v 0.002860 0.603244 0.279840
v 0.003025 0.548865 0.273946
v 0.002886 0.586200 0.280094
v 0.002969 0.566665 0.278014
v 0.038867 0.603905 0.205066
v 0.035688 0.548318 0.205021
v 0.038436 0.586164 0.205102
v 0.037277 0.565838 0.205069
v 0.002840 0.548968 -0.039793
v 0.002626 0.603328 -0.045998
v 0.002830 0.566715 -0.043942
v 0.002694 0.586270 -0.046140
v -0.025196 0.548001 0.263286
v -0.028419 0.603580 0.266723
v -0.026808 0.566207 0.266076
v -0.027939 0.586191 0.267310
v 0.035738 0.548308 0.014059
v 0.038910 0.603911 0.013986
v 0.037322 0.565841 0.013994
v 0.038476 0.586169 0.013937
v -0.029681 1.265634 0.254168
v -0.032749 1.228435 0.260518
v -0.031261 1.254065 0.257809
v -0.032373 1.240461 0.260147
v -0.029861 1.265782 -0.019688
v -0.033101 1.228453 -0.025974
v -0.031519 1.254178 -0.023329
v -0.032694 1.240527 -0.025646
v 0.027177 1.265198 -0.031642
v 0.030319 1.228372 -0.037847
v 0.028095 1.253602 -0.035299
v 0.029674 1.240071 -0.037703
v 0.000120 1.228671 -0.051441
v -0.000356 1.264674 -0.043947
v 0.000055 1.240217 -0.051107
v -0.000143 1.253409 -0.048364
v 0.026471 1.264737 0.265515
v 0.028965 1.228362 0.272481
v 0.027086 1.253353 0.269509
v 0.028420 1.240000 0.272188
v 0.027934 1.265628 0.205667
v 0.036888 1.238439 0.204846
v 0.031589 1.259697 0.205295
v 0.034834 1.248946 0.204998
v 0.001870 1.228633 0.281584
v 0.002198 1.264454 0.274194
v 0.001933 1.240175 0.281220
v 0.002032 1.253293 0.278516
v 0.036831 1.238523 0.014080
v 0.027567 1.266094 0.013073
v 0.034686 1.249136 0.013884
v 0.031319 1.260052 0.013529
v 0.002480 0.798838 0.286316
v 0.002460 0.822920 0.286548
v 0.002439 0.822054 0.286592
v 0.002419 0.846130 0.286824
v 0.002398 0.845271 0.286867
v 0.002377 0.869341 0.287100
v 0.002357 0.868487 0.287143
v -0.031888 0.870399 0.267403
v -0.031852 0.867431 0.267465
v -0.031728 0.847176 0.267459
v -0.031692 0.844231 0.267521
v -0.031569 0.823952 0.267515
v -0.031533 0.821032 0.267578
v -0.031410 0.800728 0.267572
v -0.032054 0.800941 -0.030261
v -0.032187 0.820901 -0.030363
v -0.032196 0.824165 -0.030328
v -0.032329 0.844101 -0.030429
v -0.032339 0.847389 -0.030394
v -0.032472 0.867301 -0.030495
v -0.032481 0.870612 -0.030461
v 0.001477 0.868649 -0.054735
v 0.001508 0.869246 -0.054670
v 0.001574 0.845433 -0.054322
v 0.001605 0.846036 -0.054258
v 0.001671 0.822218 -0.053910
v 0.001702 0.822826 -0.053846
v 0.001768 0.799002 -0.053498
v 0.043839 0.799235 0.199880
v 0.043825 0.822389 0.199880
v 0.043846 0.822449 0.199875
v 0.043832 0.845603 0.199874
v 0.043853 0.845663 0.199870
v 0.043839 0.868817 0.199869
v 0.043860 0.868877 0.199865
v 0.032345 0.868591 0.275214
v 0.032390 0.869182 0.275131
v 0.032469 0.845376 0.274840
v 0.032514 0.845969 0.274757
v 0.032592 0.822162 0.274466
v 0.032637 0.822756 0.274383
v 0.032716 0.798947 0.274092
v 0.033564 0.868534 -0.038393
v 0.033622 0.869279 -0.038279
v 0.033674 0.845320 -0.037895
v 0.033732 0.846067 -0.037781
v 0.033784 0.822106 -0.037397
v 0.033842 0.822856 -0.037282
v 0.033894 0.798893 -0.036899
v 0.038905 0.874654 0.013960
v 0.038905 0.863047 0.013957
v 0.038904 0.851441 0.013954
v 0.038904 0.839834 0.013951
v 0.038903 0.828228 0.013948
v 0.038903 0.816621 0.013945
v 0.038902 0.805015 0.013942
v 0.002297 0.895354 0.287076
v 0.002287 0.923284 0.286446
v 0.002240 0.926305 0.286317
v 0.002230 0.954236 0.285688
v 0.002182 0.957256 0.285559
v -0.032558 0.959180 0.264820
v -0.032406 0.952280 0.265154
v -0.032338 0.928221 0.265891
v -0.032187 0.921341 0.266223
v -0.032119 0.897262 0.266961
v -0.032698 0.897482 -0.030162
v -0.032764 0.921220 -0.029591
v -0.032896 0.928441 -0.029291
v -0.032961 0.952160 -0.028721
v -0.033094 0.959400 -0.028420
v 0.001089 0.957426 -0.053675
v 0.001156 0.954152 -0.053786
v 0.001221 0.926476 -0.054244
v 0.001288 0.923201 -0.054355
v 0.001353 0.895526 -0.054814
v 0.043886 0.895950 0.199853
v 0.043855 0.922973 0.199849
v 0.043908 0.926902 0.199837
v 0.043877 0.953925 0.199832
v 0.043930 0.957854 0.199821
v 0.031919 0.957446 0.274162
v 0.031933 0.954162 0.274267
v 0.032074 0.926493 0.274713
v 0.032088 0.923212 0.274818
v 0.032229 0.895541 0.275263
v 0.033208 0.957390 -0.037890
v 0.033212 0.954259 -0.037946
v 0.033342 0.926438 -0.038242
v 0.033345 0.923310 -0.038299
v 0.033476 0.895487 -0.038594
v 0.038921 0.963623 0.014053
v 0.038918 0.948148 0.014035
v 0.038915 0.932673 0.014017
v 0.038912 0.917198 0.013999
v 0.038909 0.901722 0.013981
v 0.024712 1.273891 -0.010167
v 0.026136 0.498832 -0.008642
v 0.035682 0.982010 -0.010425
v 0.035878 0.889298 -0.011067
v 0.034680 0.793457 -0.012865
v 0.033967 1.106993 -0.008393
v 0.034060 1.084784 -0.007740
v 0.034114 1.059096 -0.008065
v 0.034138 1.036869 -0.009176
v 0.035020 0.665437 -0.007436
v 0.034981 0.687691 -0.007007
v 0.034916 0.713363 -0.007432
v 0.034845 0.735567 -0.008592
v 0.035151 0.603883 -0.009957
v 0.034745 0.586192 -0.010060
v 0.033597 0.565938 -0.009041
v 0.032006 0.548442 -0.007163
v 0.032560 1.233332 -0.014165
v 0.031173 1.244669 -0.014240
v 0.028608 1.257350 -0.013277
v 0.026409 1.266252 -0.011576
v 0.035876 0.871676 -0.010961
v 0.035935 0.866100 -0.010824
v 0.035931 0.848463 -0.010713
v 0.035990 0.842887 -0.010576
v 0.035986 0.825250 -0.010465
v 0.036045 0.819674 -0.010327
v 0.036041 0.802038 -0.010216
v 0.035733 0.960577 -0.010592
v 0.035722 0.951132 -0.010701
v 0.035793 0.929626 -0.010785
v 0.035783 0.920182 -0.010893
v 0.035854 0.898676 -0.010977
v 0.024791 1.272713 0.236541
v 0.025418 0.498897 0.237532
v 0.036334 0.986115 0.241435
v 0.036637 0.893322 0.242369
v 0.034007 0.793436 0.241221
v 0.033178 1.106992 0.235694
v 0.033260 1.084787 0.235164
v 0.033325 1.059113 0.235568
v 0.033368 1.036901 0.236732
v 0.034373 0.665434 0.236044
v 0.034319 0.687677 0.235553
v 0.034248 0.713338 0.235906
v 0.034179 0.735537 0.236999
v 0.034534 0.603877 0.238823
v 0.034131 0.586184 0.238969
v 0.032969 0.565928 0.237986
v 0.031348 0.548437 0.236154
v 0.031797 1.233285 0.241149
v 0.030501 1.244583 0.241109
v 0.028126 1.257134 0.239940
v 0.026154 1.265871 0.237971
v 0.036685 0.867581 0.242290
v 0.036709 0.870117 0.242190
v 0.036749 0.844367 0.242106
v 0.036773 0.846903 0.242005
v 0.036813 0.821153 0.241921
v 0.036838 0.823689 0.241821
v 0.036878 0.797939 0.241737
v 0.036477 0.956534 0.241671
v 0.036443 0.955200 0.241800
v 0.036561 0.925582 0.241957
v 0.036527 0.924248 0.242086
v 0.036644 0.894630 0.242243
v -0.039059 0.984547 0.257155
v 0.002470 0.986997 0.281359
v 0.002459 0.955192 0.282157
v -0.038586 0.892090 0.260550
v 0.002569 0.894546 0.283922
v 0.002601 0.866602 0.283617
v 0.001299 0.987320 -0.050117
v -0.038673 0.984635 -0.020860
v -0.038583 0.957632 -0.021520
v 0.001621 0.894847 -0.052115
v -0.038283 0.892158 -0.023635
v -0.038114 0.869023 -0.023495
v 0.030831 0.986106 0.240786
v 0.038410 0.984869 0.199002
v 0.038432 0.957846 0.199008
v 0.031109 0.893297 0.241690
v 0.038347 0.892027 0.199101
v 0.038357 0.868873 0.199104
v 0.030346 0.987266 -0.035696
v 0.030894 0.894639 -0.036834
v 0.029311 0.987372 0.271891
v 0.029931 0.894748 0.273632
v 0.033773 0.984802 -0.007443
v 0.033965 0.892050 -0.008073
v 0.002686 0.796976 0.282761
v 0.002658 0.824891 0.283064
v 0.002658 0.820185 0.283046
v 0.002629 0.848109 0.283350
v 0.002630 0.843394 0.283332
v 0.002599 0.871327 0.283636
v -0.038430 0.868950 0.260526
v -0.038483 0.868878 0.260612
v -0.038327 0.845738 0.260588
v -0.038381 0.845666 0.260674
v -0.038225 0.822526 0.260650
v -0.038279 0.822454 0.260736
v -0.038124 0.799314 0.260712
v -0.037870 0.799387 -0.023298
v -0.038036 0.822522 -0.023439
v -0.037951 0.822599 -0.023363
v -0.038118 0.845734 -0.023504
v -0.038032 0.845811 -0.023429
v -0.038200 0.868946 -0.023569
v 0.001678 0.866421 -0.051640
v 0.001708 0.871629 -0.051692
v 0.001763 0.843213 -0.051217
v 0.001795 0.848411 -0.051268
v 0.001848 0.820006 -0.050794
v 0.001881 0.825193 -0.050845
v 0.001933 0.796798 -0.050371
v 0.038334 0.799231 0.199137
v 0.038325 0.822385 0.199134
v 0.038342 0.822445 0.199126
v 0.038332 0.845599 0.199123
v 0.038349 0.845659 0.199115
v 0.038340 0.868813 0.199112
v 0.029871 0.866292 0.273446
v 0.030050 0.871533 0.273260
v 0.029990 0.843078 0.273075
v 0.030170 0.848318 0.272888
v 0.030110 0.819866 0.272703
v 0.030289 0.825103 0.272516
v 0.030230 0.796653 0.272332
v 0.030773 0.866473 -0.036571
v 0.030999 0.871424 -0.036337
v 0.030878 0.843262 -0.036075
v 0.031103 0.848210 -0.035841
v 0.030983 0.820050 -0.035579
v 0.031208 0.824995 -0.035344
v 0.031087 0.796839 -0.035083
v 0.033990 0.868921 -0.007894
v 0.034017 0.868837 -0.007826
v 0.034043 0.845709 -0.007647
v 0.034070 0.845624 -0.007579
v 0.034096 0.822496 -0.007400
v 0.034122 0.822411 -0.007332
v 0.034148 0.799283 -0.007153
v 0.031151 0.867596 0.241597
v 0.031173 0.870083 0.241511
v 0.031214 0.844382 0.241419
v 0.031236 0.846869 0.241333
v 0.031278 0.821168 0.241241
v 0.031300 0.823655 0.241154
v 0.031341 0.797955 0.241062
v 0.002543 0.893287 0.283674
v 0.002551 0.925096 0.282875
v 0.002501 0.924240 0.282916
v 0.002510 0.956047 0.282117
v -0.038962 0.957541 0.257991
v -0.038885 0.953597 0.258229
v -0.038789 0.926592 0.259065
v -0.038713 0.922648 0.259303
v -0.038616 0.895642 0.260139
v -0.038285 0.895732 -0.023261
v -0.038376 0.922735 -0.022600
v -0.038434 0.926682 -0.022390
v -0.038524 0.953685 -0.021730
v 0.001316 0.955030 -0.050714
v 0.001415 0.956371 -0.050687
v 0.001433 0.924078 -0.051285
v 0.001530 0.925421 -0.051256
v 0.001551 0.893127 -0.051855
v 0.038383 0.895942 0.199078
v 0.038361 0.922965 0.199071
v 0.038408 0.926894 0.199043
v 0.038385 0.953917 0.199037
v 0.029641 0.955035 0.272306
v 0.029455 0.956418 0.272450
v 0.029784 0.924087 0.272864
v 0.029599 0.925464 0.273008
v 0.029928 0.893137 0.273421
v 0.030601 0.955218 -0.035971
v 0.030467 0.956313 -0.036058
v 0.030722 0.924271 -0.036331
v 0.030588 0.925361 -0.036420
v 0.030844 0.893324 -0.036692
v 0.033879 0.957805 -0.007554
v 0.033823 0.953852 -0.007642
v 0.033929 0.926855 -0.007753
v 0.033874 0.922902 -0.007841
v 0.033979 0.895905 -0.007952
v 0.030948 0.956538 0.240921
v 0.030913 0.955155 0.241090
v 0.031029 0.925586 0.241225
v 0.030995 0.924204 0.241394
v 0.031111 0.894634 0.241528
vn -0.8702 -0.0613 -0.4889
vn -0.8474 -0.0636 0.5271
vn -0.8401 -0.0440 0.5406
vn -0.8648 -0.0437 -0.5003
vn 0.9907 -0.0028 0.1362
vn 0.7806 -0.0460 0.6233
vn 0.7895 -0.0678 0.6100
vn 0.9897 -0.0056 0.1427
vn -0.0387 -0.0779 -0.9962
vn -0.0331 -0.1194 -0.9923
vn 0.9860 0.0125 0.1665
vn 0.7715 0.0797 0.6312
vn 0.6192 -0.5674 0.5429
vn 0.7057 -0.6995 0.1127
vn 0.9807 0.0130 -0.1953
vn 0.8313 0.0028 0.5558
vn 0.8213 0.0016 0.5705
vn 0.8407 -0.2896 -0.4577
vn -0.0366 -0.0744 0.9966
vn -0.0311 -0.1167 0.9927
vn 0.7663 -0.0333 0.6416
vn 0.7634 0.0070 0.6459
vn -0.0998 -0.0196 0.9948
vn -0.0896 -0.0569 0.9943
vn 0.9914 -0.0064 0.1309
vn 0.9901 0.0071 0.1403
vn 0.7922 0.0433 0.6087
vn 0.7913 0.0264 0.6109
vn 0.0369 -0.6640 0.7468
vn 0.5787 -0.6857 0.4415
vn 0.8060 -0.1486 0.5730
vn 0.0194 -0.1549 0.9877
vn 0.9778 -0.1122 -0.1769
vn 0.8126 -0.0860 0.5764
vn 0.5923 -0.6566 0.4670
vn 0.6076 -0.7791 -0.1544
vn -0.0892 0.4137 0.9060
vn 0.7709 0.3328 0.5431
vn 0.5259 0.8068 0.2692
vn -0.0431 0.8879 0.4580
vn 0.9870 -0.0064 -0.1603
vn 0.9848 0.0070 -0.1737
vn 0.8188 0.0014 0.5740
vn 0.8137 -0.0087 0.5812
vn -0.8508 -0.0969 -0.5165
vn 0.0271 -0.1663 -0.9857
vn 0.0445 -0.6534 -0.7557
vn -0.6699 -0.6373 -0.3808
vn 0.9687 0.2386 0.0690
vn 0.6853 0.2256 -0.6924
vn 0.4805 0.6923 -0.5384
vn 0.5231 0.8504 0.0563
vn -0.0089 0.0551 0.9984
vn -0.0158 0.0731 0.9972
vn -0.8415 0.0358 0.5390
vn -0.8332 0.0221 0.5526
vn -0.8576 0.0156 -0.5141
vn -0.8646 0.0290 -0.5016
vn -0.0168 0.0654 -0.9977
vn -0.0095 0.0471 -0.9988
vn 0.9803 0.0004 -0.1975
vn 0.9841 0.0593 -0.1672
vn 0.8263 0.0794 0.5576
vn 0.8334 0.0058 0.5527
vn -0.0870 0.8724 -0.4810
vn 0.5095 0.8184 -0.2659
vn 0.7835 0.3364 -0.5224
vn -0.1151 0.4134 -0.9032
vn -0.8879 -0.0313 -0.4590
vn -0.8878 -0.0041 -0.4601
vn -0.1054 -0.0230 -0.9942
vn -0.0963 -0.0622 -0.9934
vn -0.8646 -0.0023 0.5024
vn -0.8657 -0.0306 0.4997
vn -0.5440 0.8108 0.2162
vn -0.8369 0.2997 0.4580
vn -0.0789 0.1212 -0.9895
vn 0.7862 0.0723 -0.6137
vn 0.6296 -0.5787 -0.5184
vn -0.0596 -0.5492 -0.8335
vn 0.7990 -0.0460 -0.5995
vn 0.8041 -0.0663 -0.5908
vn -0.0733 0.1288 0.9890
vn -0.0563 -0.5568 0.8287
vn 0.9870 -0.0044 -0.1606
vn 0.8121 -0.0004 0.5836
vn 0.8184 -0.0017 0.5746
vn 0.9849 -0.0078 -0.1728
vn -0.8837 0.0519 -0.4652
vn -0.7086 -0.3635 -0.6048
vn 0.9853 0.0017 0.1707
vn 0.9869 0.0574 0.1509
vn -0.0432 0.6385 0.7684
vn -0.6847 0.4476 0.5751
vn -0.6828 -0.4271 0.5928
vn -0.0426 -0.6159 0.7867
vn -0.0321 0.6179 0.7856
vn -0.6837 0.4295 0.5900
vn -0.5535 0.8113 -0.1883
vn -0.8656 0.2800 -0.4150
vn -0.7079 0.4256 -0.5636
vn -0.0475 0.6213 -0.7822
vn -0.0448 -0.6067 -0.7936
vn -0.7049 -0.4149 -0.5753
vn -0.7072 0.4080 -0.5773
vn -0.0353 0.6017 -0.7979
vn 0.8060 0.0373 -0.5908
vn 0.8076 0.0211 -0.5893
vn 0.6965 0.7109 0.0976
vn 0.6209 0.6199 0.4799
vn 0.6262 -0.6054 0.4913
vn 0.7015 -0.7059 0.0981
vn 0.7003 0.7076 0.0941
vn 0.6266 0.6069 0.4890
vn 0.9646 0.2551 -0.0665
vn 0.5070 0.8595 -0.0652
vn 0.6306 0.6252 -0.4599
vn 0.6354 -0.6155 -0.4664
vn 0.6369 0.6127 -0.4680
vn 0.8167 -0.1497 -0.5573
vn 0.5684 -0.7147 -0.4076
vn -0.8612 0.0607 0.5047
vn -0.6851 -0.3730 0.6257
vn -0.6575 -0.6339 0.4072
vn -0.8261 -0.1010 0.5544
vn 0.7837 0.0062 -0.6211
vn 0.7815 -0.0348 -0.6230
vn 0.8427 0.3062 -0.4428
vn 0.8111 0.0008 0.5850
vn 0.8103 0.0004 0.5861
vn 0.8442 -0.3035 -0.4419
vn 0.8480 0.2981 -0.4382
vn 0.8091 0.0009 0.5877
vn 0.9841 -0.1112 0.1384
vn 0.6097 -0.7845 0.1132
vn -0.7114 0.4045 -0.5747
vn -0.6877 0.4258 0.5880
vn -0.7101 0.4237 -0.5623
vn -0.6869 0.4457 0.5741
vn -0.8630 -0.0019 0.5052
vn -0.0814 0.0020 0.9967
vn -0.8622 0.0315 0.5056
vn -0.0776 0.0704 0.9945
vn -0.0214 0.0129 0.9997
vn -0.8440 0.0038 0.5364
vn -0.0256 -0.0569 0.9981
vn -0.8455 -0.0326 0.5329
vn -0.0877 -0.0041 -0.9961
vn -0.8851 -0.0053 -0.4653
vn -0.0837 0.0635 -0.9945
vn -0.8844 0.0253 -0.4661
vn -0.8667 -0.0002 -0.4989
vn -0.0227 0.0067 -0.9997
vn -0.8681 -0.0332 -0.4952
vn -0.0272 -0.0613 -0.9977
vn 0.7642 0.0019 0.6449
vn 0.9834 0.0023 0.1815
vn 0.7666 0.0440 0.6406
vn 0.9841 0.0081 0.1775
vn 0.7991 0.0017 -0.6012
vn 0.8027 0.0006 -0.5964
vn 0.9892 0.0031 0.1466
vn 0.8031 -0.0003 -0.5959
vn 0.9891 -0.0017 0.1472
vn 0.8006 -0.0014 -0.5992
vn 0.7767 -0.0017 -0.6299
vn 0.7795 0.0385 -0.6253
vn 0.8023 0.0045 -0.5969
vn 0.8018 -0.0336 -0.5966
vn 0.7897 0.0082 0.6134
vn 0.7890 -0.0326 0.6136
vn 0.8412 0.0015 0.5407
vn 0.9765 0.0013 -0.2153
vn 0.8394 0.0013 0.5435
vn 0.9776 0.0080 -0.2105
vn 0.9832 0.0023 -0.1823
vn 0.9833 -0.0034 -0.1818
vn -0.0023 -0.0443 0.9990
vn 0.7927 -0.0505 0.6076
vn 0.0058 -0.1581 0.9874
vn 0.7884 -0.1387 0.5994
vn 0.9910 -0.0423 0.1272
vn 0.9878 -0.0843 0.1306
vn 0.8097 -0.0515 -0.5845
vn -0.0027 -0.0512 -0.9987
vn 0.8049 -0.1348 -0.5778
vn 0.0049 -0.1636 -0.9865
vn 0.8111 -0.0339 0.5840
vn 0.9869 -0.0429 -0.1554
vn 0.8120 -0.0634 0.5803
vn 0.9832 -0.0855 -0.1611
vn -0.8541 -0.0499 -0.5177
vn -0.8292 -0.0474 0.5569
vn -0.8471 -0.1261 -0.5163
vn -0.8217 -0.1283 0.5552
vn -0.1108 0.1237 -0.9861
vn 0.7827 0.1347 -0.6077
vn -0.1120 0.2820 -0.9529
vn 0.7716 0.2503 -0.5848
vn 0.8167 0.0739 -0.5723
vn 0.7869 0.1682 -0.5936
vn 0.9789 0.1539 0.1342
vn 0.7585 0.2633 -0.5961
vn 0.9708 0.2159 0.1048
vn -0.1026 0.1247 0.9869
vn -0.8631 0.0954 0.4959
vn -0.0966 0.2827 0.9543
vn -0.8519 0.2072 0.4810
vn -0.8873 0.0882 -0.4526
vn -0.8780 0.1935 -0.4377
vn 0.9759 0.1621 -0.1458
vn 0.9670 0.2295 -0.1105
vn 0.7615 0.1349 0.6339
vn 0.7525 0.2503 0.6092
vn -0.6800 -0.4403 0.5862
vn -0.7017 -0.4273 -0.5700
vn -0.6851 0.4282 0.5893
vn -0.7086 0.4068 -0.5765
vn -0.6814 -0.4391 0.5856
vn -0.7031 -0.4261 -0.5692
vn -0.6864 0.4270 0.5886
vn -0.7100 0.4057 -0.5756
vn -0.6827 -0.4379 0.5849
vn -0.7045 -0.4249 -0.5684
vn 0.8098 0.0001 0.5867
vn 0.8472 0.2981 -0.4398
vn 0.8096 0.0002 0.5869
vn 0.8442 -0.3049 -0.4408
vn 0.8094 0.0002 0.5872
vn 0.8475 0.2981 -0.4393
vn 0.8093 0.0002 0.5874
vn 0.8445 -0.3049 -0.4403
vn 0.8091 0.0002 0.5877
vn 0.8477 0.2981 -0.4387
vn 0.8089 0.0002 0.5880
vn 0.8448 -0.3049 -0.4398
vn -0.0384 -0.6198 -0.7838
vn 0.6357 -0.6229 -0.4559
vn 0.4514 -0.8327 -0.3207
vn -0.0295 -0.8486 -0.5283
vn 0.6246 0.6066 0.4919
vn -0.0409 0.6170 0.7859
vn -0.0394 -0.6291 0.7764
vn 0.6266 -0.6132 0.4810
vn 0.6358 0.6124 -0.4698
vn -0.0417 0.6011 -0.7981
vn -0.0322 0.8318 -0.5541
vn 0.4648 0.8227 -0.3274
vn 0.6252 0.6067 0.4909
vn -0.0380 0.6173 0.7858
vn -0.0365 -0.6293 0.7763
vn 0.6273 -0.6133 0.4800
vn -0.0415 -0.6195 -0.7839
vn 0.6352 -0.6228 -0.4568
vn 0.4508 -0.8329 -0.3212
vn -0.0316 -0.8491 -0.5273
vn 0.6259 0.6068 0.4899
vn -0.0350 0.6176 0.7857
vn -0.0336 -0.6296 0.7762
vn 0.6280 -0.6133 0.4791
vn 0.1650 -0.5829 -0.7956
vn 0.1560 0.5700 -0.8067
vn 0.6352 0.6123 -0.4707
vn -0.0449 0.6009 -0.7981
vn -0.0344 0.8323 -0.5532
vn 0.4641 0.8228 -0.3280
vn -0.0336 -0.8496 -0.5264
vn -0.1431 -0.0000 0.9897
vn -0.0385 0.6014 -0.7980
vn 0.6363 0.6125 -0.4689
vn 0.6363 -0.6230 -0.4550
vn -0.0352 -0.6200 -0.7838
vn -0.0365 0.8315 0.5543
vn 0.2293 0.5965 0.7692
vn 0.4338 0.8392 0.3280
vn -0.0297 0.8096 0.5863
vn 0.7001 0.7076 0.0964
vn 0.7009 -0.7067 0.0968
vn -0.0469 -0.6070 0.7933
vn -0.6895 -0.4128 0.5952
vn 0.2274 -0.5566 0.7990
vn -0.0406 -0.8018 0.5963
vn 0.7001 0.7076 0.0956
vn 0.7010 -0.7067 0.0961
vn -0.0297 -0.8212 0.5699
vn 0.4249 -0.8452 0.3242
vn 0.7002 0.7076 0.0949
vn 0.7011 -0.7067 0.0954
vn 0.1482 -0.5612 -0.8143
vn 0.1496 0.5916 -0.7922
vn -0.1398 -0.0000 0.9902
vn 0.6999 0.7083 0.0914
vn 0.4151 0.8516 0.3202
vn -0.6858 0.4466 0.5746
vn -0.0469 0.6385 0.7682
vn -0.0391 0.8315 0.5542
vn 0.2258 0.5965 0.7702
vn 0.4332 0.8392 0.3286
vn -0.0319 0.8100 0.5855
vn -0.0442 -0.8307 -0.5550
vn 0.7038 -0.7033 0.1002
vn 0.6263 -0.5997 0.4981
vn 0.4372 -0.8335 0.3379
vn 0.7072 -0.7010 0.0917
vn -0.0506 -0.6070 0.7931
vn -0.6906 -0.4119 0.5945
vn 0.2239 -0.5566 0.8000
vn -0.0434 -0.8017 0.5961
vn -0.0317 -0.8217 0.5690
vn 0.4243 -0.8453 0.3248
vn -0.7118 -0.4007 -0.5768
vn -0.7090 0.4246 -0.5630
vn -0.7130 -0.3998 -0.5761
vn 0.8158 -0.0001 0.5783
vn 0.8394 0.3063 -0.4490
vn 0.8142 0.0008 0.5806
vn 0.8443 -0.2968 -0.4462
vn 0.8132 0.0008 0.5820
vn 0.8411 0.3063 -0.4459
vn 0.8121 0.0008 0.5835
vn 0.8459 -0.2968 -0.4431
vn 0.6190 0.6198 0.4825
vn 0.6961 0.7109 0.0999
vn 0.6997 0.7083 0.0937
vn 0.4135 0.8518 0.3216
vn 0.6170 0.6197 0.4851
vn -0.0505 0.6386 0.7679
vn 0.6244 -0.5995 0.5007
vn -0.0417 0.8314 0.5542
vn 0.2223 0.5965 0.7713
vn 0.4326 0.8393 0.3292
vn -0.0340 0.8105 0.5847
vn 0.7035 -0.7032 0.1025
vn 0.4356 -0.8337 0.3394
vn 0.7070 -0.7010 0.0940
vn -0.0554 0.6213 -0.7816
vn 0.6266 0.6249 -0.4657
vn 0.6339 -0.6095 -0.4762
vn -0.0535 -0.5988 -0.7991
vn 0.1572 0.5917 -0.7907
vn -0.0344 0.8511 -0.5238
vn -0.0515 0.6213 -0.7819
vn 0.6286 0.6251 -0.4628
vn 0.6359 -0.6096 -0.4733
vn -0.0495 -0.5987 -0.7994
vn -0.0338 -0.8222 0.5682
vn 0.4237 -0.8454 0.3253
vn 0.4874 0.5730 -0.6589
vn 0.4871 -0.5792 -0.6536
vn 0.6958 0.7110 0.1022
vn 0.1697 -0.5829 -0.7946
vn 0.1607 0.5700 -0.8058
vn 0.6993 0.7083 0.0960
vn 0.4119 0.8521 0.3230
vn -0.0386 -0.8308 -0.5552
vn 0.1558 -0.5612 -0.8129
vn 0.4320 0.8394 0.3298
vn -0.0361 0.8110 0.5839
vn 0.2356 -0.5790 0.7805
vn -0.0358 -0.8227 0.5674
vn 0.7037 0.7051 0.0872
vn 0.1534 0.5916 -0.7915
vn -0.0371 0.8510 -0.5238
vn 0.4660 0.8224 -0.3264
vn 0.4888 0.5730 -0.6578
vn 0.4879 0.5730 -0.6585
vn 0.4876 -0.5792 -0.6533
vn 0.1743 -0.5829 -0.7936
vn 0.1655 0.5700 -0.8048
vn 0.7046 -0.7042 0.0876
vn -0.0414 -0.8307 -0.5551
vn 0.1520 -0.5612 -0.8136
vn 0.4885 -0.5792 -0.6526
vn 0.4521 -0.8325 -0.3202
vn 0.7036 0.7051 0.0880
vn -0.0398 0.8509 -0.5238
vn 0.7578 0.2747 0.5919
vn 0.6817 0.2372 0.6921
vn 0.7922 0.1777 0.5838
vn 0.8233 -0.0004 0.5677
vn 0.8235 0.0002 0.5673
vn 0.4645 0.7035 0.5378
vn 0.4654 0.8225 -0.3269
vn 0.4884 0.5730 -0.6582
vn 0.9251 0.3790 -0.0249
vn 0.9258 -0.3770 -0.0269
vn 0.2204 -0.5566 0.8010
vn -0.0461 -0.8017 0.5960
vn 0.9255 0.3783 -0.0207
vn 0.9259 -0.3769 -0.0238
vn 0.4880 -0.5792 -0.6529
vn 0.9251 0.3783 -0.0320
vn 0.9254 -0.3776 -0.0327
vn 0.1791 -0.5829 -0.7926
vn 0.1703 0.5700 -0.8038
vn 0.9252 0.3783 -0.0311
vn 0.9254 -0.3776 -0.0317
vn 0.7045 -0.7042 0.0883
vn 0.9252 0.3782 -0.0301
vn 0.9254 -0.3776 -0.0308
vn 0.9250 0.3791 -0.0279
vn 0.4899 0.5787 0.6521
vn 0.7939 -0.0619 -0.6049
vn 0.7937 -0.0843 -0.6025
vn 0.7939 -0.0330 -0.6071
vn 0.7960 -0.0082 -0.6053
vn 0.8209 0.0017 -0.5711
vn 0.8682 0.0234 -0.4957
vn 0.8226 0.0014 -0.5686
vn 0.8182 0.0053 -0.5749
vn 0.5777 -0.6530 -0.4898
vn 0.9452 0.3185 -0.0721
vn 0.8690 -0.1233 -0.4792
vn 0.9256 -0.3773 -0.0293
vn 0.9186 -0.3864 -0.0825
vn 0.4231 -0.8455 0.3258
vn 0.4501 -0.8330 -0.3216
vn -0.0301 0.8313 -0.5550
vn -0.0275 -0.8480 -0.5292
vn -0.0279 0.8308 -0.5559
vn 0.7043 -0.7042 0.0899
vn 0.7034 0.7051 0.0895
vn 0.7044 -0.7042 0.0891
vn 0.7035 0.7051 0.0887
vn 0.2285 0.5744 0.7860
vn 0.2398 -0.5790 0.7792
vn 0.2328 0.5744 0.7848
vn 0.2441 -0.5790 0.7779
vn 0.2372 0.5744 0.7834
vn 0.2484 -0.5790 0.7765
vn 0.2416 0.5744 0.7821
vn 0.4339 -0.8339 0.3410
vn 0.4606 -0.8215 -0.3362
vn 0.4438 0.8357 -0.3235
vn 0.4623 -0.8213 -0.3343
vn 0.4455 0.8355 -0.3218
vn 0.4641 -0.8210 -0.3325
vn 0.4473 0.8352 -0.3200
vn 0.7067 -0.7009 0.0963
vn 0.4888 -0.5715 -0.6591
vn 0.4821 0.5806 -0.6561
vn 0.4864 -0.5715 -0.6609
vn 0.4798 0.5806 -0.6578
vn 0.4841 -0.5715 -0.6626
vn 0.4774 0.5806 -0.6595
vn 0.4921 -0.5760 0.6527
vn 0.4899 -0.5760 0.6544
vn 0.4877 0.5787 0.6537
vn 0.4877 -0.5760 0.6560
vn 0.4855 0.5787 0.6553
vn 0.4953 -0.5768 0.6497
vn 0.4943 0.5779 0.6494
vn 0.4946 -0.5768 0.6502
vn 0.4936 0.5779 0.6499
vn 0.4939 -0.5768 0.6507
vn 0.4929 0.5779 0.6504
vn 0.4932 -0.5768 0.6512
vn 0.4923 0.5779 0.6509
vn -0.1340 -0.0000 0.9910
vn -0.1465 -0.0000 0.9892
vn -0.1350 -0.0000 0.9908
vn -0.1361 -0.0000 0.9907
vn -0.1371 -0.0000 0.9906
vn 0.8686 0.0614 0.4918
vn 0.8428 0.1566 0.5149
vn 0.8128 0.1685 -0.5576
vn 0.8417 0.0644 -0.5360
vn -0.9585 0.2602 -0.1169
vn -0.9928 0.0037 -0.1195
vn -0.7988 0.0673 -0.5979
vn -0.7530 0.2970 -0.5872
vn 0.0291 0.1197 0.9924
vn 0.0520 0.2407 0.9692
vn -0.9875 -0.0396 -0.1526
vn -0.6778 0.7247 -0.1241
vn -0.5603 0.7168 -0.4152
vn -0.7767 -0.1069 -0.6208
vn -0.9870 -0.0188 0.1598
vn -0.4320 0.5457 0.7181
vn -0.5825 -0.0075 0.8128
vn -0.5601 -0.0093 0.8283
vn 0.0489 0.2367 -0.9703
vn 0.0291 0.1167 -0.9927
vn -0.7763 0.0331 -0.6294
vn 0.0918 0.0573 -0.9941
vn 0.1043 0.0210 -0.9943
vn -0.7740 -0.0067 -0.6331
vn -0.9942 0.0075 -0.1071
vn -0.8010 -0.0259 -0.5981
vn -0.8015 -0.0428 -0.5964
vn -0.9932 -0.0059 -0.1165
vn 0.0110 -0.7520 -0.6591
vn -0.0262 0.1526 -0.9879
vn -0.8132 0.1503 -0.5622
vn -0.5428 -0.7502 -0.3776
vn -0.9820 0.1112 0.1529
vn -0.7755 -0.6243 0.0945
vn -0.5362 -0.5247 0.6612
vn -0.5714 0.0625 0.8183
vn 0.0980 -0.3981 -0.9121
vn 0.1104 0.3915 -0.9136
vn -0.6935 0.5299 -0.4880
vn -0.7861 -0.3297 -0.5228
vn -0.9912 0.0076 0.1322
vn -0.5801 0.0042 0.8146
vn -0.5742 -0.0036 0.8187
vn -0.9893 -0.0057 0.1454
vn 0.8488 0.0967 0.5197
vn 0.5038 -0.8242 0.2587
vn -0.0125 -0.7828 0.6221
vn -0.0358 0.1656 0.9855
vn -0.9692 -0.2423 -0.0430
vn -0.8517 0.5240 -0.0068
vn -0.6507 0.4628 -0.6020
vn -0.6774 -0.1845 -0.7121
vn 0.0049 -0.0552 -0.9985
vn 0.8271 -0.0235 -0.5616
vn 0.8351 -0.0370 -0.5489
vn 0.0126 -0.0730 -0.9972
vn 0.8560 -0.0166 0.5167
vn 0.0042 -0.0471 0.9989
vn 0.0121 -0.0654 0.9978
vn 0.8625 -0.0298 0.5052
vn -0.9853 -0.0019 0.1706
vn -0.5524 -0.0000 0.8336
vn -0.5443 -0.0449 0.8377
vn -0.9882 -0.0621 0.1401
vn 0.1215 0.4251 0.8969
vn 0.1236 -0.4009 0.9077
vn -0.8058 -0.3294 0.4921
vn -0.7368 0.5103 0.4436
vn 0.8879 0.0307 0.4590
vn 0.0953 0.0628 0.9935
vn 0.1073 0.0245 0.9939
vn 0.8897 0.0040 0.4566
vn 0.8632 0.0023 -0.5049
vn 0.8624 0.0304 -0.5054
vn 0.8407 -0.3014 -0.4499
vn 0.7403 0.5420 -0.3976
vn 0.0846 -0.1418 0.9863
vn 0.0195 0.7453 0.6665
vn -0.4791 0.7252 0.4945
vn -0.8058 -0.0906 0.5852
vn -0.8211 0.0645 0.5671
vn -0.8099 0.2150 0.5458
vn 0.0403 0.7257 -0.6868
vn 0.0811 -0.1491 -0.9855
vn -0.9900 0.0740 0.1198
vn -0.9893 0.0053 0.1457
vn -0.5749 0.0039 0.8182
vn -0.5872 0.0202 0.8092
vn 0.8834 -0.0680 0.4636
vn 0.4886 0.6447 -0.5879
vn -0.9892 -0.0029 -0.1468
vn -0.9902 -0.0594 -0.1266
vn 0.0463 -0.7865 -0.6158
vn 0.0377 0.7596 -0.6493
vn 0.5571 0.7223 0.4098
vn 0.5599 -0.7225 0.4056
vn 0.0395 -0.6826 -0.7297
vn 0.6192 -0.6205 0.4813
vn 0.7717 0.5300 0.3517
vn 0.8708 -0.2829 0.4020
vn 0.5140 -0.7036 -0.4906
vn 0.5058 0.6957 -0.5100
vn 0.0203 0.7742 0.6326
vn 0.0392 -0.7878 0.6147
vn 0.5652 -0.5915 -0.5750
vn 0.0286 -0.6989 0.7146
vn -0.8251 -0.0200 0.5647
vn -0.8234 -0.0361 0.5663
vn -0.6497 -0.7504 -0.1216
vn -0.6546 0.7464 -0.1198
vn -0.5683 0.7354 -0.3691
vn -0.5557 -0.7577 -0.3422
vn -0.8297 -0.5418 -0.1342
vn -0.6815 -0.5775 -0.4496
vn -0.9663 -0.2553 0.0336
vn -0.8595 0.5109 -0.0144
vn -0.5167 0.7587 0.3968
vn -0.5112 -0.7741 0.3734
vn -0.5724 -0.6535 0.4952
vn -0.6177 -0.6982 0.3618
vn -0.8337 0.1500 0.5314
vn 0.5427 0.6818 0.4905
vn 0.8579 -0.0787 -0.5077
vn 0.4778 -0.8372 -0.2659
vn 0.8187 0.1023 -0.5651
vn -0.7995 0.0339 0.5998
vn -0.8021 -0.0062 0.5971
vn -0.4356 -0.5938 0.6765
vn -0.4396 0.5887 0.6784
vn -0.6015 -0.0005 0.7989
vn -0.6004 -0.0017 0.7997
vn -0.4686 -0.4963 0.7308
vn -0.6003 0.0172 0.7996
vn -0.9869 0.1107 -0.1176
vn -0.7849 -0.6151 -0.0750
vn 0.5328 -0.7188 -0.4466
vn 0.5756 -0.7329 0.3626
vn 0.5153 -0.6980 -0.4973
vn 0.5625 -0.7167 0.4123
vn 0.0830 -0.0019 -0.9965
vn 0.8593 0.0014 -0.5114
vn 0.0789 -0.0708 -0.9944
vn 0.8583 -0.0322 -0.5122
vn 0.8374 -0.0044 -0.5465
vn 0.0182 -0.0129 -0.9998
vn 0.8394 0.0325 -0.5426
vn 0.0230 0.0572 -0.9981
vn 0.8849 0.0047 0.4658
vn 0.0863 0.0044 0.9963
vn 0.8840 -0.0256 0.4669
vn 0.0819 -0.0639 0.9946
vn 0.0178 -0.0067 0.9998
vn 0.8644 -0.0004 0.5027
vn 0.0228 0.0617 0.9978
vn 0.8662 0.0328 0.4987
vn -0.9875 -0.0024 -0.1574
vn -0.7747 -0.0018 -0.6323
vn -0.9881 -0.0067 -0.1536
vn -0.7768 -0.0434 -0.6282
vn -0.9924 -0.0029 -0.1227
vn -0.5960 -0.0017 -0.8030
vn -0.6014 -0.0033 -0.7990
vn -0.9924 0.0006 -0.1234
vn -0.5956 0.0009 -0.8033
vn -0.5993 0.0026 -0.8005
vn -0.7957 0.0016 0.6056
vn -0.7981 -0.0372 0.6014
vn -0.8204 -0.0043 0.5718
vn -0.8197 0.0326 0.5718
vn -0.7994 -0.0080 -0.6008
vn -0.7985 0.0323 -0.6011
vn -0.9822 -0.0016 0.1880
vn -0.5394 0.0007 0.8421
vn -0.9830 -0.0065 0.1834
vn -0.5428 -0.0044 0.8398
vn -0.9881 -0.0021 0.1538
vn -0.9881 0.0019 0.1537
vn -0.8020 0.0511 -0.5952
vn -0.0019 0.0438 -0.9990
vn -0.7986 0.1392 -0.5856
vn -0.0109 0.1559 -0.9877
vn -0.9937 0.0420 -0.1036
vn -0.9907 0.0834 -0.1079
vn -0.0024 0.0511 0.9987
vn -0.8265 0.0518 0.5605
vn -0.0116 0.1625 0.9866
vn -0.8225 0.1345 0.5527
vn -0.9909 0.0423 0.1275
vn -0.5828 0.0246 0.8123
vn -0.9874 0.0839 0.1342
vn -0.5769 0.0482 0.8154
vn 0.8232 0.0466 -0.5658
vn 0.8527 0.0489 0.5201
vn 0.8154 0.1287 -0.5644
vn 0.8457 0.1252 0.5188
vn -0.7997 -0.1341 0.5852
vn 0.1120 -0.1223 0.9862
vn -0.7927 -0.2481 0.5568
vn 0.1145 -0.2800 0.9531
vn -0.9820 -0.1541 -0.1089
vn -0.5792 -0.1057 -0.8083
vn -0.5607 -0.0443 -0.8268
vn -0.9736 -0.2152 -0.0762
vn -0.5681 -0.1560 -0.8080
vn 0.8616 -0.0959 -0.4984
vn 0.1062 -0.1230 -0.9867
vn 0.8504 -0.2083 -0.4831
vn 0.1011 -0.2800 -0.9547
vn 0.8892 -0.0882 0.4490
vn 0.8801 -0.1934 0.4337
vn -0.9797 -0.1628 0.1173
vn -0.9706 -0.2284 0.0765
vn -0.7713 -0.1353 -0.6219
vn -0.7660 -0.2504 -0.5921
vn 0.5155 0.7186 -0.4668
vn 0.5654 0.7396 0.3651
vn 0.5367 -0.7190 -0.4416
vn 0.5783 -0.7333 0.3575
vn 0.5132 0.7185 -0.4694
vn 0.5636 0.7396 0.3678
vn 0.5345 -0.7192 -0.4439
vn 0.5766 -0.7335 0.3599
vn 0.5109 0.7185 -0.4719
vn 0.5618 0.7397 0.3705
vn -0.4444 -0.6048 0.6608
vn -0.6020 -0.0008 0.7985
vn -0.4445 0.5850 0.6784
vn -0.6023 -0.0007 0.7982
vn -0.4448 -0.6048 0.6606
vn -0.6026 -0.0007 0.7980
vn -0.4449 0.5849 0.6782
vn -0.6030 -0.0007 0.7978
vn -0.4452 -0.6047 0.6604
vn -0.6033 -0.0007 0.7975
vn -0.4454 0.5848 0.6780
vn -0.6036 -0.0007 0.7973
vn 0.5204 0.6757 -0.5221
vn -0.0315 0.9881 0.1506
vn -0.0664 0.9849 0.1596
vn 0.1025 0.7071 -0.6996
vn 0.6463 -0.4800 0.5932
vn 0.6787 0.4995 0.5383
vn 0.4450 0.7401 0.5042
vn 0.4699 -0.7237 0.5054
vn 0.2512 -0.6079 -0.7532
vn -0.0960 -0.9826 0.1592
vn -0.0301 -0.9831 0.1808
vn 0.5554 -0.6526 -0.5154
vn 0.6471 -0.4805 0.5919
vn 0.6795 0.4998 0.5371
vn 0.4451 0.7420 0.5013
vn 0.4699 -0.7263 0.5017
vn 0.5201 0.6737 -0.5250
vn -0.0318 0.9885 0.1478
vn -0.0658 0.9852 0.1582
vn 0.1010 0.7063 -0.7007
vn 0.6479 -0.4810 0.5906
vn 0.6803 0.5001 0.5358
vn 0.4452 0.7439 0.4984
vn 0.4699 -0.7288 0.4979
vn -0.6084 -0.5617 0.5607
vn -0.6173 0.5665 0.5459
vn 0.2497 -0.6067 -0.7547
vn -0.0954 -0.9828 0.1579
vn -0.0301 -0.9836 0.1781
vn 0.5548 -0.6499 -0.5194
vn -0.0332 0.9915 0.1260
vn 0.1431 -0.0001 -0.9897
vn 0.5560 -0.6554 -0.5112
vn 0.5207 0.6778 -0.5191
vn 0.1041 0.7079 -0.6986
vn 0.2528 -0.6091 -0.7517
vn -0.6469 -0.5762 -0.4995
vn 0.0018 -0.9753 -0.2208
vn 0.0025 -0.9625 -0.2712
vn -0.3008 -0.9485 -0.0990
vn 0.7390 -0.6673 0.0931
vn 0.7436 0.6622 0.0928
vn 0.0442 0.7427 -0.6681
vn 0.0049 0.9593 -0.2824
vn -0.6430 0.5555 -0.5272
vn 0.5706 0.7533 0.3270
vn 0.7390 -0.6673 0.0923
vn 0.7436 0.6623 0.0920
vn -0.2896 0.9517 -0.1017
vn 0.0001 0.9681 -0.2506
vn 0.7390 -0.6674 0.0915
vn 0.7436 0.6624 0.0911
vn -0.6027 -0.5794 0.5487
vn -0.6077 0.5568 0.5663
vn 0.1398 -0.0001 -0.9902
vn -0.2791 -0.9556 -0.0941
vn -0.6714 -0.7360 -0.0869
vn 0.5611 -0.7188 0.4104
vn -0.6437 -0.5771 -0.5026
vn 0.0027 -0.9754 -0.2203
vn 0.0496 -0.7823 -0.6209
vn 0.0029 -0.9633 -0.2684
vn -0.3005 -0.9486 -0.0987
vn -0.0308 0.9939 0.1055
vn -0.6560 0.7452 -0.1197
vn -0.6791 0.7291 -0.0851
vn -0.3082 0.9454 -0.1059
vn -0.5686 0.7265 -0.3860
vn 0.0472 0.7430 -0.6677
vn 0.0061 0.9594 -0.2819
vn -0.6397 0.5563 -0.5304
vn 0.5696 0.7539 0.3275
vn -0.2893 0.9518 -0.1014
vn 0.0004 0.9688 -0.2477
vn 0.5220 0.7387 -0.4264
vn 0.5144 -0.6999 -0.4955
vn 0.5207 0.7396 -0.4264
vn -0.4315 -0.5878 0.6843
vn -0.5945 -0.0020 0.8041
vn -0.4452 0.5976 0.6668
vn -0.5961 -0.0013 0.8029
vn -0.4335 -0.5907 0.6805
vn -0.5974 -0.0013 0.8019
vn -0.4480 0.5981 0.6646
vn -0.5989 -0.0013 0.8008
vn -0.5582 -0.7526 -0.3493
vn -0.2781 -0.9559 -0.0945
vn -0.6712 -0.7359 -0.0889
vn -0.6526 -0.7474 -0.1247
vn -0.5566 -0.7528 -0.3515
vn -0.5670 0.7266 -0.3881
vn 0.0526 -0.7824 -0.6205
vn -0.6397 -0.5834 -0.5004
vn 0.0037 -0.9755 -0.2199
vn 0.0034 -0.9641 -0.2657
vn -0.3003 -0.9487 -0.0985
vn -0.6555 0.7453 -0.1221
vn -0.6789 0.7290 -0.0871
vn -0.3072 0.9457 -0.1063
vn 0.0458 -0.7840 0.6190
vn 0.0319 0.7550 0.6550
vn -0.5189 0.7488 0.4123
vn -0.5096 -0.7705 0.3829
vn -0.0332 -0.9897 0.1391
vn -0.6104 -0.5719 0.5481
vn 0.0425 -0.7840 0.6193
vn 0.0288 0.7549 0.6552
vn -0.5207 0.7489 0.4099
vn -0.5114 -0.7705 0.3805
vn -0.2891 0.9520 -0.1011
vn 0.0006 0.9696 -0.2449
vn -0.1671 0.6977 0.6966
vn -0.1849 -0.6946 0.6952
vn -0.6521 -0.7474 -0.1271
vn -0.6121 -0.5598 0.5585
vn -0.6187 0.5661 0.5447
vn -0.2771 -0.9561 -0.0949
vn -0.6710 -0.7358 -0.0910
vn -0.6060 0.5569 0.5681
vn -0.0280 0.9828 0.1824
vn 0.0038 -0.9648 -0.2629
vn -0.3001 -0.9488 -0.0982
vn -0.0006 0.9753 -0.2208
vn -0.6517 0.5676 -0.5030
vn -0.6759 -0.7325 -0.0814
vn -0.0328 -0.9898 0.1387
vn -0.6067 -0.5729 0.5511
vn -0.1871 -0.6941 0.6951
vn -0.0971 -0.9820 0.1619
vn -0.1714 0.6975 0.6958
vn -0.1856 -0.6945 0.6951
vn -0.6158 -0.5591 0.5551
vn -0.6224 0.5655 0.5412
vn -0.6763 0.7320 -0.0826
vn -0.6022 0.5578 0.5712
vn -0.0273 0.9829 0.1819
vn -0.0671 0.9847 0.1610
vn -0.1731 0.6970 0.6959
vn -0.6757 -0.7326 -0.0822
vn -0.0323 -0.9899 0.1383
vn -0.5617 -0.1577 0.8122
vn -0.6757 -0.1916 0.7119
vn -0.5685 -0.1068 0.8157
vn -0.5672 0.0020 0.8236
vn -0.5667 -0.0015 0.8239
vn -0.6617 0.4559 0.5952
vn -0.1864 -0.6943 0.6951
vn -0.0965 -0.9823 0.1605
vn 0.2926 -0.3606 -0.8856
vn 0.2841 0.3668 -0.8859
vn 0.0014 0.9802 -0.1980
vn -0.6418 0.5600 -0.5240
vn 0.2946 -0.3611 -0.8848
vn 0.2870 0.3667 -0.8849
vn -0.1722 0.6972 0.6958
vn 0.7524 -0.2757 -0.5982
vn 0.7708 0.2820 -0.5712
vn -0.6196 -0.5585 0.5515
vn -0.6260 0.5648 0.5376
vn 0.7532 -0.2757 -0.5973
vn 0.7714 0.2820 -0.5705
vn -0.6760 0.7322 -0.0833
vn 0.7537 -0.2758 -0.5965
vn 0.7720 0.2819 -0.5697
vn -0.4802 -0.5702 -0.6665
vn 0.2892 -0.3627 -0.8859
vn -0.6019 0.0492 -0.7971
vn -0.5978 0.0651 -0.7990
vn -0.6059 0.0252 -0.7952
vn -0.6044 0.0047 -0.7967
vn -0.5706 -0.0041 -0.8212
vn -0.5387 -0.0117 -0.8424
vn -0.5677 -0.0002 -0.8232
vn -0.5746 -0.0013 -0.8184
vn -0.5570 -0.5203 -0.6473
vn 0.3008 -0.4106 -0.8608
vn -0.6534 0.2208 -0.7241
vn 0.2834 0.3647 -0.8869
vn 0.1503 0.3370 -0.9294
vn -0.2864 0.9543 -0.0855
vn -0.0600 0.9883 0.1405
vn -0.0300 -0.9825 0.1836
vn -0.0313 0.9877 0.1535
vn -0.0300 -0.9820 0.1864
vn -0.6739 0.7340 -0.0843
vn -0.6753 -0.7328 -0.0837
vn -0.6758 0.7323 -0.0841
vn -0.6755 -0.7327 -0.0829
vn -0.6457 -0.5651 -0.5136
vn -0.6491 -0.5632 -0.5114
vn -0.6537 0.5660 -0.5023
vn -0.6525 -0.5625 -0.5078
vn -0.6570 0.5653 -0.4988
vn -0.6559 -0.5618 -0.5042
vn -0.6603 0.5647 -0.4951
vn -0.2995 0.9532 -0.0408
vn -0.0586 -0.9866 0.1523
vn -0.0780 0.9929 0.0900
vn -0.0603 -0.9865 0.1521
vn -0.0939 0.9822 0.1627
vn -0.0621 -0.9864 0.1520
vn -0.0957 0.9821 0.1624
vn -0.6715 0.7358 -0.0870
vn -0.1685 -0.6974 0.6966
vn -0.1825 0.6947 0.6958
vn -0.1657 -0.6971 0.6976
vn -0.1798 0.6943 0.6968
vn -0.1662 -0.6935 0.7010
vn -0.1636 0.6988 0.6963
vn -0.4827 0.5677 -0.6669
vn -0.4804 0.5677 -0.6685
vn -0.4779 -0.5701 -0.6682
vn -0.4775 0.5707 -0.6680
vn -0.4772 -0.5696 -0.6691
vn -0.4858 0.5683 -0.6641
vn -0.4847 -0.5694 -0.6639
vn -0.4851 0.5684 -0.6646
vn -0.4840 -0.5695 -0.6644
vn -0.4845 0.5684 -0.6650
vn -0.4834 -0.5695 -0.6648
vn -0.4836 0.5689 -0.6652
vn -0.4829 -0.5695 -0.6652
vn 0.1340 -0.0000 -0.9910
vn 0.1420 -0.0010 -0.9899
vn 0.1350 -0.0000 -0.9908
vn 0.1361 -0.0000 -0.9907
vn 0.1367 -0.0001 -0.9906
vn 0.8046 -0.0005 -0.5938
vn 0.7975 0.0002 -0.6034
vn 0.7955 0.0003 -0.6060
vn 0.7961 0.0003 -0.6051
vn 0.7968 0.0003 -0.6043
vn 0.7990 0.0005 -0.6013
vn 0.8010 0.0005 -0.5986
vt 0.486826 0.250000
vt 0.486826 0.000000
vt 0.501940 0.000000
vt 0.501940 0.250000
vt 0.501938 0.708333
vt 0.501938 0.750000
vt 0.486805 0.750000
vt 0.486806 0.708333
vt 0.501939 0.375000
vt 0.486792 0.375000
vt 0.565579 0.708333
vt 0.565581 0.750000
vt 0.550452 0.750000
vt 0.550452 0.708333
vt 0.565572 0.541667
vt 0.565570 0.583333
vt 0.550451 0.583333
vt 0.550451 0.541667
vt 0.235782 0.330095
vt 0.235787 0.377260
vt 0.187983 0.300773
vt 0.187881 0.263034
vt 0.494883 0.593860
vt 0.595208 0.714250
vt 0.595212 0.833297
vt 0.494874 0.692823
vt 0.452410 0.708333
vt 0.468525 0.708333
vt 0.468527 0.750000
vt 0.452409 0.750000
vt 0.000000 0.000000
vt 0.000006 0.000008
vt 0.035328 0.042394
vt 0.035403 0.049564
vt 0.438626 0.543492
vt 0.438682 0.583333
vt 0.427390 0.583333
vt 0.427390 0.546701
vt 0.621694 0.870371
vt 0.621912 0.739332
vt 0.625000 0.740783
vt 0.625000 0.875000
vt 0.452411 0.541667
vt 0.468526 0.541667
vt 0.468525 0.583333
vt 0.452411 0.583333
vt 0.438729 0.250000
vt 0.438588 0.375000
vt 0.427390 0.375000
vt 0.427390 0.250000
vt 0.623986 0.704853
vt 0.623949 0.666667
vt 0.625000 0.666667
vt 0.625000 0.703725
vt 0.079118 0.110765
vt 0.130143 0.182200
vt 0.130151 0.208242
vt 0.079122 0.126595
vt 0.452406 0.250000
vt 0.468539 0.250000
vt 0.468539 0.375000
vt 0.452406 0.375000
vt 0.583858 0.541667
vt 0.616809 0.541751
vt 0.618038 0.583502
vt 0.583858 0.583333
vt 0.583867 0.250000
vt 0.615575 0.250000
vt 0.615583 0.375000
vt 0.583854 0.375000
vt 0.615575 0.000000
vt 0.583867 0.000000
vt 0.565600 0.375000
vt 0.565574 0.500000
vt 0.550451 0.500000
vt 0.550450 0.375000
vt 0.501939 0.500000
vt 0.486807 0.500000
vt 0.437070 0.524484
vt 0.437138 0.611993
vt 0.389218 0.544905
vt 0.389219 0.467063
vt 0.501939 0.541667
vt 0.501939 0.583333
vt 0.486809 0.583333
vt 0.486808 0.541667
vt 0.565585 0.250000
vt 0.550450 0.250000
vt 0.583861 0.708333
vt 0.616813 0.708272
vt 0.615581 0.750000
vt 0.583860 0.750000
vt 0.325286 0.455401
vt 0.325285 0.520457
vt 0.312500 0.500000
vt 0.312500 0.437500
vt 0.245372 0.343521
vt 0.245376 0.392602
vt 0.530237 0.250000
vt 0.530237 0.375000
vt 0.526195 0.375000
vt 0.526195 0.250000
vt 0.504972 0.250000
vt 0.504971 0.375000
vt 0.468527 0.500000
vt 0.452411 0.500000
vt 0.530238 0.708333
vt 0.530238 0.750000
vt 0.526195 0.750000
vt 0.526195 0.708333
vt 0.504970 0.708333
vt 0.504970 0.750000
vt 0.079131 0.094958
vt 0.130107 0.156129
vt 0.130143 0.182200
vt 0.079118 0.110765
vt 0.623916 0.545508
vt 0.623956 0.507683
vt 0.625000 0.510406
vt 0.625000 0.546870
vt 0.530238 0.500000
vt 0.526195 0.500000
vt 0.504971 0.500000
vt 0.438570 0.503650
vt 0.427390 0.510069
vt 0.437085 0.699335
vt 0.389212 0.622740
vt 0.325287 0.390344
vt 0.312500 0.375000
vt 0.245371 0.294445
vt 0.235781 0.282937
vt 0.035879 0.057407
vt 0.615581 0.500000
vt 0.583857 0.500000
vt 0.530238 0.541667
vt 0.530238 0.583333
vt 0.526195 0.583333
vt 0.526195 0.541667
vt 0.504971 0.541667
vt 0.504971 0.583333
vt 0.438621 0.707056
vt 0.438559 0.747445
vt 0.427390 0.742963
vt 0.427390 0.704815
vt 0.438734 0.000000
vt 0.427390 0.000000
vt 0.523163 0.250000
vt 0.523163 0.000000
vt 0.526195 0.000000
vt 0.546407 0.250000
vt 0.546407 0.000000
vt 0.550450 0.000000
vt 0.565586 0.000000
vt 0.494903 0.791845
vt 0.476600 0.761526
vt 0.476611 0.667143
vt 0.455289 0.727562
vt 0.455292 0.637352
vt 0.148384 0.207746
vt 0.148413 0.237190
vt 0.169713 0.237589
vt 0.169752 0.271241
vt 0.578080 0.375169
vt 0.578071 0.251143
vt 0.571345 0.375114
vt 0.571360 0.251106
vt 0.474328 0.251076
vt 0.474310 0.374978
vt 0.481044 0.251105
vt 0.481047 0.375041
vt 0.578062 0.751355
vt 0.578062 0.709405
vt 0.571370 0.751348
vt 0.571369 0.709402
vt 0.468524 0.666667
vt 0.474325 0.667465
vt 0.474325 0.709418
vt 0.481017 0.667461
vt 0.481017 0.709410
vt 0.486806 0.666667
vt 0.578069 0.498513
vt 0.571349 0.498494
vt 0.474318 0.498391
vt 0.481035 0.498439
vt 0.476611 0.572829
vt 0.455262 0.547169
vt 0.148378 0.178345
vt 0.169721 0.204016
vt 0.187917 0.225501
vt 0.578059 0.582144
vt 0.578064 0.540329
vt 0.571363 0.582140
vt 0.571356 0.540317
vt 0.474322 0.540230
vt 0.481027 0.540260
vt 0.468540 0.000000
vt 0.474338 -0.000877
vt 0.481030 -0.000887
vt 0.578064 -0.000883
vt 0.571373 -0.000872
vt 0.064321 0.090036
vt 0.064329 0.077166
vt 0.047924 0.067075
vt 0.047890 0.057441
vt 0.447698 0.748419
vt 0.447696 0.707172
vt 0.442603 0.747462
vt 0.442625 0.706686
vt 0.447712 0.501295
vt 0.447721 0.375096
vt 0.442574 0.502753
vt 0.442550 0.375248
vt 0.447694 0.584469
vt 0.447703 0.542882
vt 0.442646 0.584490
vt 0.442610 0.543622
vt 0.452406 0.000000
vt 0.447695 0.249234
vt 0.447682 0.001023
vt 0.442634 0.249264
vt 0.442666 0.001049
vt 0.064279 0.102898
vt 0.048110 0.076997
vt 0.618950 0.376777
vt 0.618939 0.500102
vt 0.621010 0.380883
vt 0.621010 0.499695
vt 0.618045 0.666545
vt 0.620682 0.666415
vt 0.619817 0.707356
vt 0.623085 0.666465
vt 0.622594 0.706099
vt 0.595191 0.952306
vt 0.605865 0.849965
vt 0.605862 0.969877
vt 0.612380 0.863680
vt 0.612381 0.979810
vt 0.618971 0.001064
vt 0.618970 0.248926
vt 0.621010 0.003527
vt 0.621010 0.246454
vt 0.618970 0.502036
vt 0.619818 0.542859
vt 0.622095 0.504826
vt 0.622568 0.544215
vt 0.618947 0.249213
vt 0.618959 0.372599
vt 0.621010 0.250000
vt 0.621010 0.366609
vt 0.605774 0.726812
vt 0.605844 0.846328
vt 0.616098 0.736241
vt 0.616012 0.860490
vt 0.504972 0.000000
vt 0.508004 0.000000
vt 0.508004 0.250000
vt 0.511036 0.000000
vt 0.511036 0.250000
vt 0.514068 0.000000
vt 0.514067 0.250000
vt 0.517099 0.000000
vt 0.517099 0.250000
vt 0.520131 0.000000
vt 0.520131 0.250000
vt 0.523163 0.583333
vt 0.523163 0.541667
vt 0.520131 0.583333
vt 0.520131 0.541667
vt 0.517099 0.583333
vt 0.517099 0.541667
vt 0.514067 0.583333
vt 0.514067 0.541667
vt 0.511035 0.583333
vt 0.511035 0.541667
vt 0.508003 0.583333
vt 0.508003 0.541667
vt 0.514067 0.375000
vt 0.514067 0.500000
vt 0.302910 0.363492
vt 0.302910 0.424074
vt 0.293321 0.410649
vt 0.293320 0.351984
vt 0.517099 0.500000
vt 0.517099 0.375000
vt 0.283730 0.340477
vt 0.283731 0.397223
vt 0.274141 0.383798
vt 0.274141 0.328969
vt 0.520131 0.375000
vt 0.520131 0.500000
vt 0.264551 0.317461
vt 0.264551 0.370372
vt 0.254962 0.356946
vt 0.254961 0.305953
vt 0.523163 0.500000
vt 0.523163 0.375000
vt 0.511035 0.375000
vt 0.511035 0.500000
vt 0.508003 0.500000
vt 0.508003 0.375000
vt 0.523163 0.708333
vt 0.523163 0.750000
vt 0.520131 0.750000
vt 0.520131 0.708333
vt 0.338073 0.473302
vt 0.338071 0.540913
vt 0.517099 0.708333
vt 0.517099 0.750000
vt 0.514067 0.750000
vt 0.514067 0.708333
vt 0.511034 0.708333
vt 0.511034 0.750000
vt 0.508002 0.750000
vt 0.508002 0.708333
vt 0.350856 0.561370
vt 0.350859 0.491202
vt 0.302911 0.484657
vt 0.293322 0.469315
vt 0.534281 0.708333
vt 0.534281 0.750000
vt 0.283733 0.453972
vt 0.274144 0.438630
vt 0.363645 0.509103
vt 0.363642 0.581827
vt 0.264555 0.423287
vt 0.254965 0.407945
vt 0.530237 0.000000
vt 0.534280 0.000000
vt 0.534280 0.250000
vt 0.538322 0.000000
vt 0.538322 0.250000
vt 0.542365 0.000000
vt 0.542365 0.250000
vt 0.546408 0.583333
vt 0.546408 0.541667
vt 0.542365 0.583333
vt 0.542365 0.541667
vt 0.538323 0.583333
vt 0.538323 0.541667
vt 0.534280 0.583333
vt 0.534280 0.541667
vt 0.538323 0.750000
vt 0.538323 0.708333
vt 0.376433 0.451719
vt 0.376431 0.527004
vt 0.363646 0.436375
vt 0.376427 0.602283
vt 0.350860 0.421032
vt 0.338073 0.405688
vt 0.542366 0.708333
vt 0.542366 0.750000
vt 0.546408 0.375000
vt 0.546408 0.500000
vt 0.542365 0.500000
vt 0.542365 0.375000
vt 0.538323 0.375000
vt 0.538323 0.500000
vt 0.534280 0.500000
vt 0.534280 0.375000
vt 0.546409 0.708333
vt 0.546409 0.750000
vt 0.623041 0.583605
vt 0.623876 0.583333
vt 0.620666 0.583682
vt 0.481020 0.582081
vt 0.474326 0.582068
vt 0.625000 0.583333
vt 0.538323 0.666667
vt 0.534281 0.666667
vt 0.546409 0.666667
vt 0.542366 0.666667
vt 0.511034 0.666667
vt 0.508002 0.666667
vt 0.517099 0.666667
vt 0.514066 0.666667
vt 0.523163 0.666667
vt 0.520131 0.666667
vt 0.530238 0.666667
vt 0.622102 0.745733
vt 0.624023 0.743038
vt 0.618953 0.748297
vt 0.442648 0.665909
vt 0.438684 0.666667
vt 0.447693 0.665926
vt 0.452410 0.666667
vt 0.481017 0.751359
vt 0.474326 0.751371
vt 0.571369 0.667455
vt 0.565577 0.666667
vt 0.578062 0.667456
vt 0.583862 0.666667
vt 0.427390 0.666667
vt 0.504970 0.666667
vt 0.501938 0.666667
vt 0.526195 0.666667
vt 0.550452 0.666667
s 1
usemtl Material.002
f 5667/3447/2856 5662/3448/2857 5631/3449/2858 5632/3450/2859
f 5911/3451/2860 5649/3452/2861 5710/3453/2862 5919/3454/2863
f 5632/3450/2859 5637/3455/2864 5678/3456/2865 5667/3447/2856
f 5915/3457/2866 5707/3458/2867 5647/3459/2868 5909/3460/2869
f 5882/3461/2870 5694/3462/2871 5643/3463/2872 5876/3464/2873
f 5626/3465/2874 5631/3466/2858 5662/3467/2857 5651/3468/2875
f 5706/3469/2876 5763/3470/2877 5770/3471/2878 5655/3472/2879
f 5920/3473/2880 5916/3474/2881 5711/3475/2882 5723/3476/2883
f 5620/3477/2884 5619/3478/2885 5722/3479/2886 5727/3480/2887
f 5890/3481/2888 5742/3482/2889 5625/3483/2890 5875/3484/2891
f 5771/3485/2892 5762/3486/2893 5614/3487/2894 5616/3488/2895
f 5887/3489/2896 5883/3490/2897 5690/3491/2898 5743/3492/2899
f 5715/3493/2900 5734/3494/2901 5622/3495/2902 5617/3496/2903
f 5927/3497/2904 5766/3498/2905 5615/3499/2906 5907/3500/2907
f 5726/3501/2908 5650/3502/2909 5663/3503/2910 5739/3504/2911
f 5714/3505/2912 5666/3506/2913 5679/3507/2914 5735/3508/2915
f 5879/3509/2916 5891/3510/2917 5774/3511/2918 5695/3512/2919
f 5613/3477/2920 5612/3477/2921 5754/3477/2922 5759/3477/2923
f 5671/3513/2924 5751/3514/2925 5758/3515/2926 5674/3516/2927
f 5747/3517/2928 5751/3514/2925 5671/3513/2924 5658/3518/2929
f 5616/3477/2895 5610/3477/2930 5746/3477/2931 5771/3477/2892
f 5675/3519/2932 5683/3520/2933 5638/3521/2934 5635/3522/2935
f 5637/3455/2864 5640/3523/2936 5686/3524/2937 5678/3456/2865
f 5707/3525/2867 5654/3526/2938 5628/3527/2939 5647/3528/2868
f 5878/3529/2940 5641/3530/2941 5691/3531/2942 5886/3532/2943
f 5670/3533/2944 5675/3519/2932 5635/3522/2935 5634/3534/2945
f 5912/3535/2946 5924/3536/2947 5763/3537/2877 5706/3538/2876
f 5834/3539/2948 5843/3540/2949 5630/3541/2950 5627/3542/2951
f 5778/3543/2952 5791/3544/2953 5631/3466/2858 5626/3465/2874
f 5611/3477/2954 5613/3477/2920 5759/3477/2923 5750/3477/2955
f 5844/3545/2956 5853/3546/2957 5636/3547/2958 5633/3548/2959
f 5792/3549/2960 5805/3550/2961 5637/3455/2864 5632/3450/2859
f 5735/3508/2915 5679/3507/2914 5687/3551/2962 5718/3552/2963
f 5939/3553/2964 5863/3554/2965 5648/3555/2966 5910/3556/2967
f 5934/3557/2968 5819/3558/2969 5649/3452/2861 5911/3451/2860
f 5723/3559/2883 5711/3560/2882 5650/3561/2909 5726/3562/2908
f 5894/3563/2970 5754/3564/2922 5612/3565/2921 5874/3566/2971
f 5853/3546/2957 5868/3567/2972 5639/3568/2973 5636/3547/2958
f 5805/3550/2961 5826/3569/2974 5640/3523/2936 5637/3455/2864
f 5734/3494/2901 5719/3570/2975 5618/3571/2976 5622/3495/2902
f 5654/3526/2938 5659/3572/2977 5629/3573/2978 5628/3527/2939
f 5863/3574/2965 5834/3539/2948 5627/3542/2951 5648/3575/2966
f 5819/3576/2969 5778/3543/2952 5626/3465/2874 5649/3577/2861
f 5623/3477/2979 5620/3477/2884 5727/3480/2887 5738/3578/2980
f 5674/3516/2927 5758/3515/2926 5755/3579/2981 5682/3580/2982
f 5906/3581/2983 5873/3582/2984 5642/3583/2985 5877/3584/2986
f 5901/3585/2987 5833/3586/2988 5641/3530/2941 5878/3529/2940
f 5923/3587/2989 5722/3588/2886 5619/3589/2885 5908/3590/2990
f 5738/3591/2980 5715/3493/2900 5617/3496/2903 5623/3592/2979
f 5798/3593/2991 5785/3594/2992 5630/3595/2950 5633/3548/2959
f 5848/3596/2993 5839/3597/2994 5629/3598/2978 5634/3534/2945
f 5610/3477/2930 5611/3477/2954 5750/3477/2955 5746/3477/2931
f 5634/3534/2945 5629/3598/2978 5659/3599/2977 5670/3533/2944
f 5655/3472/2879 5658/3600/2929 5660/3601/2995 5657/3602/2996
f 5657/3602/2996 5660/3601/2995 5661/3603/2997 5656/3604/2998
f 5656/3604/2998 5661/3603/2997 5659/3572/2977 5654/3526/2938
f 5663/3503/2910 5650/3502/2909 5652/3605/2999 5665/3606/3000
f 5665/3606/3000 5652/3605/2999 5653/3607/3001 5664/3608/3002
f 5664/3608/3002 5653/3607/3001 5651/3468/2875 5662/3467/2857
f 5671/3513/2924 5674/3516/2927 5676/3609/3003 5673/3610/3004
f 5673/3610/3004 5676/3609/3003 5677/3611/3005 5672/3612/3006
f 5672/3612/3006 5677/3611/3005 5675/3519/2932 5670/3533/2944
f 5679/3507/2914 5666/3506/2913 5668/3613/3007 5681/3614/3008
f 5681/3614/3008 5668/3613/3007 5669/3615/3009 5680/3616/3010
f 5680/3616/3010 5669/3615/3009 5667/3447/2856 5678/3456/2865
f 5912/3535/2946 5706/3538/2876 5708/3617/3011 5913/3618/3012
f 5913/3618/3012 5708/3617/3011 5709/3619/3013 5914/3620/3014
f 5914/3620/3014 5709/3619/3013 5707/3458/2867 5915/3457/2866
f 5916/3474/2881 5703/3621/3015 5705/3622/3016 5917/3623/3017
f 5917/3623/3017 5705/3622/3016 5704/3624/3018 5918/3625/3019
f 5918/3625/3019 5704/3624/3018 5702/3626/3020 5919/3454/2863
f 5674/3516/2927 5682/3580/2982 5684/3627/3021 5676/3609/3003
f 5676/3609/3003 5684/3627/3021 5685/3628/3022 5677/3611/3005
f 5677/3611/3005 5685/3628/3022 5683/3520/2933 5675/3519/2932
f 5687/3551/2962 5679/3507/2914 5681/3614/3008 5689/3629/3023
f 5689/3629/3023 5681/3614/3008 5680/3616/3010 5688/3630/3024
f 5688/3630/3024 5680/3616/3010 5678/3456/2865 5686/3524/2937
f 5706/3469/2876 5655/3472/2879 5657/3602/2996 5708/3631/3011
f 5708/3631/3011 5657/3602/2996 5656/3604/2998 5709/3632/3013
f 5709/3632/3013 5656/3604/2998 5654/3526/2938 5707/3525/2867
f 5650/3561/2909 5711/3560/2882 5713/3633/3025 5652/3605/2999
f 5652/3605/2999 5713/3633/3025 5712/3634/3026 5653/3607/3001
f 5653/3607/3001 5712/3634/3026 5710/3635/2862 5651/3468/2875
f 5879/3509/2916 5695/3512/2919 5697/3636/3027 5880/3637/3028
f 5880/3637/3028 5697/3636/3027 5696/3638/3029 5881/3639/3030
f 5881/3639/3030 5696/3638/3029 5694/3462/2871 5882/3461/2870
f 5883/3490/2897 5687/3551/2962 5689/3629/3023 5884/3640/3031
f 5884/3640/3031 5689/3629/3023 5688/3630/3024 5885/3641/3032
f 5885/3641/3032 5688/3630/3024 5686/3524/2937 5886/3532/2943
f 5666/3506/2913 5663/3642/2910 5665/3643/3000 5668/3613/3007
f 5668/3613/3007 5665/3643/3000 5664/3644/3002 5669/3615/3009
f 5669/3615/3009 5664/3644/3002 5662/3448/2857 5667/3447/2856
f 5658/3518/2929 5671/3513/2924 5673/3610/3004 5660/3645/2995
f 5660/3645/2995 5673/3610/3004 5672/3612/3006 5661/3646/2997
f 5661/3646/2997 5672/3612/3006 5670/3533/2944 5659/3599/2977
f 5649/3577/2861 5626/3465/2874 5651/3468/2875 5710/3635/2862
f 5723/3559/2883 5726/3562/2908 5728/3647/3033 5725/3648/3034
f 5725/3648/3034 5728/3647/3033 5729/3649/3035 5724/3650/3036
f 5724/3650/3036 5729/3649/3035 5727/3480/2887 5722/3479/2886
f 5920/3473/2880 5723/3476/2883 5725/3651/3034 5921/3652/3037
f 5921/3652/3037 5725/3651/3034 5724/3653/3036 5922/3654/3038
f 5922/3654/3038 5724/3653/3036 5722/3588/2886 5923/3587/2989
f 5735/3508/2915 5718/3552/2963 5720/3655/3039 5737/3656/3040
f 5737/3656/3040 5720/3655/3039 5721/3657/3041 5736/3658/3042
f 5736/3658/3042 5721/3657/3041 5719/3570/2975 5734/3494/2901
f 5887/3489/2896 5743/3492/2899 5745/3659/3043 5888/3660/3044
f 5888/3660/3044 5745/3659/3043 5744/3661/3045 5889/3662/3046
f 5889/3662/3046 5744/3661/3045 5742/3482/2889 5890/3481/2888
f 5739/3663/2911 5714/3505/2912 5716/3664/3047 5741/3665/3048
f 5741/3665/3048 5716/3664/3047 5717/3666/3049 5740/3667/3050
f 5740/3667/3050 5717/3666/3049 5715/3493/2900 5738/3591/2980
f 5726/3501/2908 5739/3504/2911 5741/3668/3048 5728/3647/3033
f 5728/3647/3033 5741/3668/3048 5740/3669/3050 5729/3649/3035
f 5729/3649/3035 5740/3669/3050 5738/3578/2980 5727/3480/2887
f 5714/3505/2912 5735/3508/2915 5737/3656/3040 5716/3664/3047
f 5716/3664/3047 5737/3656/3040 5736/3658/3042 5717/3666/3049
f 5717/3666/3049 5736/3658/3042 5734/3494/2901 5715/3493/2900
f 5663/3642/2910 5666/3506/2913 5714/3505/2912 5739/3663/2911
f 5755/3579/2981 5758/3515/2926 5760/3670/3051 5757/3671/3052
f 5757/3671/3052 5760/3670/3051 5761/3672/3053 5756/3673/3054
f 5756/3477/3054 5761/3477/3053 5759/3477/2923 5754/3477/2922
f 5924/3536/2947 5767/3674/3055 5769/3675/3056 5925/3676/3057
f 5925/3676/3057 5769/3675/3056 5768/3677/3058 5926/3678/3059
f 5926/3678/3059 5768/3677/3058 5766/3498/2905 5927/3497/2904
f 5747/3679/2928 5770/3471/2878 5772/3680/3060 5749/3681/3061
f 5749/3681/3061 5772/3680/3060 5773/3682/3062 5748/3683/3063
f 5748/3477/3063 5773/3477/3062 5771/3477/2892 5746/3477/2931
f 5751/3514/2925 5747/3517/2928 5749/3684/3061 5753/3685/3064
f 5753/3685/3064 5749/3684/3061 5748/3686/3063 5752/3687/3065
f 5752/3477/3065 5748/3477/3063 5746/3477/2931 5750/3477/2955
f 5891/3510/2917 5755/3579/2981 5757/3688/3052 5892/3689/3066
f 5892/3689/3066 5757/3688/3052 5756/3690/3054 5893/3691/3067
f 5893/3691/3067 5756/3690/3054 5754/3564/2922 5894/3563/2970
f 5758/3515/2926 5751/3514/2925 5753/3692/3064 5760/3693/3051
f 5760/3693/3051 5753/3692/3064 5752/3694/3065 5761/3695/3053
f 5761/3477/3053 5752/3477/3065 5750/3477/2955 5759/3477/2923
f 5770/3471/2878 5763/3470/2877 5765/3696/3068 5772/3697/3060
f 5772/3697/3060 5765/3696/3068 5764/3698/3069 5773/3699/3062
f 5773/3699/3062 5764/3698/3069 5762/3486/2893 5771/3485/2892
f 5655/3472/2879 5770/3471/2878 5747/3679/2928 5658/3600/2929
f 5632/3450/2859 5631/3449/2858 5791/3700/2953 5792/3549/2960
f 5792/3549/2960 5791/3700/2953 5790/3701/3070 5793/3702/3071
f 5793/3702/3071 5790/3701/3070 5789/3703/3072 5794/3704/3073
f 5794/3704/3073 5789/3703/3072 5788/3705/3074 5795/3706/3075
f 5795/3706/3075 5788/3705/3074 5787/3707/3076 5796/3708/3077
f 5796/3708/3077 5787/3707/3076 5786/3709/3078 5797/3710/3079
f 5797/3710/3079 5786/3709/3078 5785/3594/2992 5798/3593/2991
f 5877/3584/2986 5642/3583/2985 5827/3711/3080 5895/3712/3081
f 5895/3712/3081 5827/3711/3080 5828/3713/3082 5896/3714/3083
f 5896/3714/3083 5828/3713/3082 5829/3715/3084 5897/3716/3085
f 5897/3716/3085 5829/3715/3084 5830/3717/3086 5898/3718/3087
f 5898/3718/3087 5830/3717/3086 5831/3719/3088 5899/3720/3089
f 5899/3720/3089 5831/3719/3088 5832/3721/3090 5900/3722/3091
f 5900/3722/3091 5832/3721/3090 5833/3586/2988 5901/3585/2987
f 5802/3723/3092 5823/3724/3093 6006/3724/3094 5986/3723/3095
f 5813/3725/3096 5784/3726/3097 5783/3727/3098 5814/3728/3099
f 5822/3729/3100 5801/3730/3101 5985/3730/3102 6005/3729/3103
f 5815/3731/3104 5782/3732/3105 5781/3733/3106 5816/3734/3107
f 5800/3735/3108 5821/3736/3109 6004/3736/3110 5984/3735/3111
f 5817/3737/3112 5780/3738/3113 5779/3739/3114 5818/3740/3115
f 5798/3593/2991 5633/3548/2959 5950/3548/3116 5951/3593/3117
f 5820/3741/3118 5799/3742/3119 5983/3742/3120 6003/3741/3121
f 5799/3742/3119 5820/3741/3118 5821/3736/3109 5800/3735/3108
f 5633/3548/2959 5636/3547/2958 5949/3547/3122 5950/3548/3116
f 5801/3730/3101 5822/3729/3100 5823/3724/3093 5802/3723/3092
s 0
f 5856/3477/3123 5857/3477/3123 6045/3477/3123 6044/3477/3123
s 1
f 5803/3743/3124 5824/3744/3125 5825/3745/3126 5804/3746/3127
f 5843/3540/2949 5834/3539/2948 6024/3539/3128 6032/3540/3129
f 5778/3543/2952 5819/3576/2969 6002/3576/3130 5964/3543/3131
f 5928/3747/3132 5813/3748/3096 5814/3749/3099 5929/3750/3133
f 5835/3751/3134 5842/3752/3135 6031/3752/3136 6025/3751/3137
f 5930/3753/3138 5815/3754/3104 5816/3755/3107 5931/3756/3139
f 5818/3740/3115 5779/3739/3114 5965/3739/3140 6001/3740/3141
f 5932/3757/3142 5817/3758/3112 5818/3759/3115 5933/3760/3143
f 5848/3596/2993 5634/3534/2945 5947/3534/3144 5948/3596/3145
s 0
f 5854/3477/3146 5855/3477/3146 6043/3477/3146 6042/3477/3146
s 1
f 5798/3593/2991 5799/3742/3119 5800/3735/3108 5797/3710/3079
f 5863/3554/2965 5939/3553/2964 6065/3553/3147 6050/3554/3148
f 5796/3708/3077 5801/3730/3101 5802/3723/3092 5795/3706/3075
f 5841/3761/3149 5836/3762/3150 6026/3762/3151 6030/3761/3152
f 5794/3704/3073 5803/3743/3124 5804/3746/3127 5793/3702/3071
f 5780/3738/3113 5817/3737/3112 6000/3737/3153 5966/3738/3154
f 5634/3534/2945 5635/3522/2935 5946/3522/3155 5947/3534/3144
f 5784/3726/3097 5785/3763/2992 5786/3764/3078 5783/3727/3098
f 5938/3765/3156 5862/3766/3157 6049/3766/3158 6064/3765/3159
f 5782/3732/3105 5787/3767/3076 5788/3768/3074 5781/3733/3106
f 5837/3769/3160 5840/3770/3161 6029/3770/3162 6027/3769/3163
f 5780/3738/3113 5789/3771/3072 5790/3772/3070 5779/3739/3114
f 5816/3734/3107 5781/3733/3106 5967/3733/3164 5999/3734/3165
f 5633/3548/2959 5630/3595/2950 5843/3773/2949 5844/3545/2956
f 5844/3545/2956 5843/3773/2949 5842/3774/3135 5845/3775/3166
f 5845/3775/3166 5842/3774/3135 5841/3776/3149 5846/3777/3167
f 5846/3777/3167 5841/3776/3149 5840/3778/3161 5847/3779/3168
f 5847/3779/3168 5840/3778/3161 5839/3597/2994 5848/3596/2993
f 5876/3464/2873 5643/3463/2872 5869/3780/3169 5902/3781/3170
f 5902/3781/3170 5869/3780/3169 5870/3782/3171 5903/3783/3172
f 5903/3783/3172 5870/3782/3171 5871/3784/3173 5904/3785/3174
f 5904/3785/3174 5871/3784/3173 5872/3786/3175 5905/3787/3176
f 5905/3787/3176 5872/3786/3175 5873/3582/2984 5906/3581/2983
f 5861/3788/3177 5937/3789/3178 6063/3789/3179 6048/3788/3180
f 5859/3790/3181 5838/3791/3182 5837/3769/3160 5860/3792/3183
f 5839/3793/2994 5838/3791/3182 5942/3791/3184 6028/3793/3185
f 5861/3794/3177 5836/3762/3150 5835/3751/3134 5862/3795/3157
f 5782/3732/3105 5815/3731/3104 5998/3731/3186 5968/3732/3187
f 5936/3796/3188 5860/3797/3183 6047/3797/3189 6062/3796/3190
f 5849/3798/3191 5864/3799/3192 5865/3800/3193 5850/3801/3194
f 5853/3546/2957 5844/3545/2956 6033/3545/3195 6041/3546/3196
f 5851/3802/3197 5866/3803/3198 5867/3804/3199 5852/3805/3200
f 5814/3728/3099 5783/3727/3098 5969/3727/3201 5997/3728/3202
f 5877/3584/2986 5895/3712/3081 6010/3712/3203 5963/3584/3204
f 5935/3806/3205 5859/3807/3181 5860/3797/3183 5936/3796/3188
f 5796/3708/3077 5797/3710/3079 5982/3710/3206 5981/3708/3207
f 5937/3789/3178 5861/3788/3177 5862/3766/3157 5938/3765/3156
f 5859/3807/3181 5935/3806/3205 6061/3806/3208 6046/3807/3209
f 5845/3775/3166 5852/3805/3200 6040/3805/3210 6034/3775/3211
f 5848/3596/2993 5849/3798/3191 5850/3801/3194 5847/3779/3168
f 5784/3726/3097 5813/3725/3096 5996/3725/3212 5945/3726/3213
f 5846/3777/3167 5851/3802/3197 5852/3805/3200 5845/3775/3166
f 5627/3542/2951 5630/3541/2950 5943/3541/3214 5944/3542/3215
f 5819/3558/2969 5934/3557/2968 6023/3557/3216 6002/3558/3130
f 5838/3791/3182 5839/3793/2994 5840/3770/3161 5837/3769/3160
f 5851/3802/3197 5846/3777/3167 6035/3777/3217 6039/3802/3218
f 5836/3762/3150 5841/3761/3149 5842/3752/3135 5835/3751/3134
f 5901/3585/2987 5826/3569/2974 6009/3569/3219 6016/3585/3220
f 5896/3714/3083 5897/3716/3085 6012/3716/3221 6011/3714/3222
f 5866/3803/3198 5904/3785/3174 5905/3787/3176 5867/3804/3199
f 5794/3704/3073 5795/3706/3075 5980/3706/3223 5979/3704/3224
f 5864/3799/3192 5902/3781/3170 5903/3783/3172 5865/3800/3193
f 5933/3760/3143 5818/3759/3115 6001/3759/3141 6022/3760/3225
f 5847/3779/3168 5850/3801/3194 6038/3801/3226 6036/3779/3227
f 5824/3744/3125 5899/3720/3089 5900/3722/3091 5825/3745/3126
f 5825/3745/3126 5900/3722/3091 6015/3722/3228 6008/3745/3229
f 5822/3729/3100 5897/3716/3085 5898/3718/3087 5823/3724/3093
f 5817/3758/3112 5932/3757/3142 6021/3757/3230 6000/3758/3153
f 5820/3741/3118 5895/3712/3081 5896/3714/3083 5821/3736/3109
f 5849/3798/3191 5848/3596/2993 5948/3596/3145 6037/3798/3231
f 5777/3808/3232 5893/3691/3067 5894/3563/2970 5775/3809/3233
f 5776/3810/3234 5892/3689/3066 5893/3691/3067 5777/3808/3232
f 5774/3511/2918 5891/3510/2917 5892/3689/3066 5776/3810/3234
f 5721/3657/3041 5889/3662/3046 5890/3481/2888 5719/3570/2975
f 5720/3655/3039 5888/3660/3044 5889/3662/3046 5721/3657/3041
f 5718/3552/2963 5887/3489/2896 5888/3660/3044 5720/3655/3039
f 5693/3811/3235 5885/3641/3032 5886/3532/2943 5691/3531/2942
f 5692/3812/3236 5884/3640/3031 5885/3641/3032 5693/3811/3235
f 5690/3491/2898 5883/3490/2897 5884/3640/3031 5692/3812/3236
f 5685/3628/3022 5881/3639/3030 5882/3461/2870 5683/3520/2933
f 5684/3627/3021 5880/3637/3028 5881/3639/3030 5685/3628/3022
f 5682/3580/2982 5879/3509/2916 5880/3637/3028 5684/3627/3021
f 5826/3569/2974 5901/3585/2987 5878/3529/2940 5640/3523/2936
f 5868/3567/2972 5906/3581/2983 5877/3584/2986 5639/3568/2973
f 5775/3809/3233 5894/3563/2970 5874/3566/2971 5624/3813/3237
f 5640/3523/2936 5878/3529/2940 5886/3532/2943 5686/3524/2937
f 5682/3580/2982 5755/3579/2981 5891/3510/2917 5879/3509/2916
f 5718/3552/2963 5687/3551/2962 5883/3490/2897 5887/3489/2896
f 5719/3570/2975 5890/3481/2888 5875/3484/2891 5618/3571/2976
f 5683/3520/2933 5882/3461/2870 5876/3464/2873 5638/3521/2934
f 5899/3720/3089 5824/3744/3125 6007/3744/3238 6014/3720/3239
f 5856/3814/3240 5937/3789/3178 5938/3765/3156 5855/3815/3241
f 5628/3527/2939 5629/3573/2978 5940/3573/3242 5941/3527/3243
f 5858/3816/3244 5935/3806/3205 5936/3796/3188 5857/3817/3245
f 5898/3718/3087 5899/3720/3089 6014/3720/3239 6013/3718/3246
f 5846/3777/3167 5847/3779/3168 6036/3779/3227 6035/3777/3217
f 5808/3818/3247 5932/3757/3142 5933/3760/3143 5807/3819/3248
f 5792/3549/2960 5793/3702/3071 5978/3702/3249 5977/3549/3250
f 5810/3820/3251 5930/3753/3138 5931/3756/3139 5809/3821/3252
f 5931/3756/3139 5816/3755/3107 5999/3755/3165 6020/3756/3253
f 5812/3822/3254 5928/3747/3132 5929/3750/3133 5811/3823/3255
f 5939/3553/2964 5854/3824/3256 6042/3824/3257 6065/3553/3147
f 5764/3825/3069 5926/3678/3059 5927/3497/2904 5762/3826/2893
f 5765/3827/3068 5925/3676/3057 5926/3678/3059 5764/3825/3069
f 5763/3537/2877 5924/3536/2947 5925/3676/3057 5765/3827/3068
f 5733/3828/3258 5922/3654/3038 5923/3587/2989 5731/3829/3259
f 5732/3830/3260 5921/3652/3037 5922/3654/3038 5733/3828/3258
f 5730/3831/3261 5920/3473/2880 5921/3652/3037 5732/3830/3260
f 5712/3832/3026 5918/3625/3019 5919/3454/2863 5710/3453/2862
f 5713/3833/3025 5917/3623/3017 5918/3625/3019 5712/3832/3026
f 5711/3475/2882 5916/3474/2881 5917/3623/3017 5713/3833/3025
f 5701/3834/3262 5914/3620/3014 5915/3457/2866 5699/3835/3263
f 5700/3836/3264 5913/3618/3012 5914/3620/3014 5701/3834/3262
f 5698/3837/3265 5912/3535/2946 5913/3618/3012 5700/3836/3264
f 5731/3829/3259 5923/3587/2989 5908/3590/2990 5621/3838/3266
f 5806/3839/3267 5934/3557/2968 5911/3451/2860 5646/3840/3268
f 5854/3824/3256 5939/3553/2964 5910/3556/2967 5645/3841/3269
f 5698/3837/3265 5767/3674/3055 5924/3536/2947 5912/3535/2946
f 5762/3826/2893 5927/3497/2904 5907/3500/2907 5614/3487/2894
f 5730/3831/3261 5703/3621/3015 5916/3474/2881 5920/3473/2880
f 5699/3835/3263 5915/3457/2866 5909/3460/2869 5644/3842/3270
f 5646/3840/3268 5911/3451/2860 5919/3454/2863 5702/3626/3020
f 5961/3575/3271 5944/3542/3215 5945/3726/3213 5996/3725/3212
f 5997/3728/3202 5969/3727/3201 5968/3732/3187 5998/3731/3186
f 5999/3734/3165 5967/3733/3164 5966/3738/3154 6000/3737/3153
f 6001/3740/3141 5965/3739/3140 5964/3543/3131 6002/3576/3130
f 5949/3547/3122 5959/3568/3272 6003/3741/3121 5983/3742/3120
f 5984/3735/3111 6004/3736/3110 6005/3729/3103 5985/3730/3102
f 5986/3723/3095 6006/3724/3094 6007/3744/3238 5987/3743/3273
f 5988/3746/3274 6008/3745/3229 6009/3569/3219 5989/3550/3275
f 5955/3556/3276 5961/3555/3271 5996/3748/3212 6017/3747/3277
f 6018/3750/3278 5997/3749/3202 5998/3754/3186 6019/3753/3279
f 6020/3756/3253 5999/3755/3165 6000/3758/3153 6021/3757/3230
f 6022/3760/3225 6001/3759/3141 6002/3558/3130 6023/3557/3216
f 5950/3548/3116 5949/3547/3122 5983/3742/3120 5951/3593/3117
f 5982/3710/3206 5984/3735/3111 5985/3730/3102 5981/3708/3207
f 5980/3706/3223 5986/3723/3095 5987/3743/3273 5979/3704/3224
f 5978/3702/3249 5988/3746/3274 5989/3550/3275 5977/3549/3250
f 5944/3542/3215 5943/3541/3214 5970/3763/3280 5945/3726/3213
f 5969/3727/3201 5971/3764/3281 5972/3767/3282 5968/3732/3187
f 5967/3733/3164 5973/3768/3283 5974/3771/3284 5966/3738/3154
f 5965/3739/3140 5975/3772/3285 5976/3544/3286 5964/3543/3131
f 5960/3528/3287 5941/3527/3243 5942/3791/3184 6046/3790/3209
f 6047/3792/3189 6027/3769/3163 6026/3762/3151 6048/3794/3180
f 6049/3795/3158 6025/3751/3137 6024/3539/3128 6050/3574/3148
f 5946/3522/3155 5958/3521/3288 6051/3799/3289 6037/3798/3231
f 6038/3801/3226 6052/3800/3290 6053/3803/3291 6039/3802/3218
f 6040/3805/3210 6054/3804/3292 6055/3567/3293 6041/3546/3196
f 5952/3460/3294 5960/3459/3287 6046/3807/3209 6061/3806/3208
f 6062/3796/3190 6047/3797/3189 6048/3788/3180 6063/3789/3179
f 6064/3765/3159 6049/3766/3158 6050/3554/3148 6065/3553/3147
f 5947/3534/3144 5946/3522/3155 6037/3798/3231 5948/3596/3145
f 6036/3779/3227 6038/3801/3226 6039/3802/3218 6035/3777/3217
f 6034/3775/3211 6040/3805/3210 6041/3546/3196 6033/3545/3195
f 5941/3527/3243 5940/3573/3242 6028/3793/3185 5942/3791/3184
f 6027/3769/3163 6029/3770/3162 6030/3761/3152 6026/3762/3151
f 6025/3751/3137 6031/3752/3136 6032/3540/3129 6024/3539/3128
f 6054/3804/3292 6059/3787/3295 6060/3581/3296 6055/3567/3293
f 6052/3800/3290 6057/3783/3297 6058/3785/3298 6053/3803/3291
f 5958/3521/3288 5962/3464/3299 6056/3781/3300 6051/3799/3289
f 6008/3745/3229 6015/3722/3228 6016/3585/3220 6009/3569/3219
f 6006/3724/3094 6013/3718/3246 6014/3720/3239 6007/3744/3238
f 6004/3736/3110 6011/3714/3222 6012/3716/3221 6005/3729/3103
f 5959/3568/3272 5963/3584/3204 6010/3712/3203 6003/3741/3121
f 6043/3815/3301 6064/3765/3159 6065/3553/3147 6042/3824/3257
f 6045/3817/3302 6062/3796/3190 6063/3789/3179 6044/3814/3303
f 5953/3842/3304 5952/3460/3294 6061/3806/3208 5954/3816/3305
f 5991/3819/3306 6022/3760/3225 6023/3557/3216 5990/3839/3307
f 5993/3821/3308 6020/3756/3253 6021/3757/3230 5992/3818/3309
f 5995/3823/3310 6018/3750/3278 6019/3753/3279 5994/3820/3311
f 5956/3841/3312 5955/3556/3276 6017/3747/3277 5957/3822/3313
s 0
f 5806/3477/3314 5807/3477/3314 5991/3477/3314 5990/3477/3314
s 1
f 5644/3842/3270 5909/3460/2869 5952/3460/3294 5953/3842/3304
f 5824/3744/3125 5803/3743/3124 5987/3743/3273 6007/3744/3238
s 0
f 5858/3477/3315 5644/3477/3315 5953/3477/3315 5954/3477/3315
s 1
f 5804/3746/3127 5825/3745/3126 6008/3745/3229 5988/3746/3274
s 0
f 5808/3477/3316 5809/3477/3316 5993/3477/3316 5992/3477/3316
s 1
f 5826/3569/2974 5805/3550/2961 5989/3550/3275 6009/3569/3219
f 5645/3841/3269 5910/3556/2967 5955/3556/3276 5956/3841/3312
f 5928/3747/3132 5812/3822/3254 5957/3822/3313 6017/3747/3277
s 0
f 5810/3477/3317 5811/3477/3317 5995/3477/3317 5994/3477/3317
f 5812/3477/3318 5645/3477/3318 5956/3477/3318 5957/3477/3318
s 1
f 5811/3823/3255 5929/3750/3133 6018/3750/3278 5995/3823/3310
f 5930/3753/3138 5810/3820/3251 5994/3820/3311 6019/3753/3279
f 5809/3821/3252 5931/3756/3139 6020/3756/3253 5993/3821/3308
f 5635/3522/2935 5638/3521/2934 5958/3521/3288 5946/3522/3155
f 5932/3757/3142 5808/3818/3247 5992/3818/3309 6021/3757/3230
f 5807/3819/3248 5933/3760/3143 6022/3760/3225 5991/3819/3306
f 5636/3547/2958 5639/3568/2973 5959/3568/3272 5949/3547/3122
f 5934/3557/2968 5806/3839/3267 5990/3839/3307 6023/3557/3216
f 5799/3742/3119 5798/3593/2991 5951/3593/3117 5983/3742/3120
f 5797/3710/3079 5800/3735/3108 5984/3735/3111 5982/3710/3206
f 5647/3528/2868 5628/3527/2939 5941/3527/3243 5960/3528/3287
f 5801/3730/3101 5796/3708/3077 5981/3708/3207 5985/3730/3102
f 5648/3575/2966 5627/3542/2951 5944/3542/3215 5961/3575/3271
f 5795/3706/3075 5802/3723/3092 5986/3723/3095 5980/3706/3223
f 5803/3743/3124 5794/3704/3073 5979/3704/3224 5987/3743/3273
f 5909/3460/2869 5647/3459/2868 5960/3459/3287 5952/3460/3294
f 5638/3521/2934 5876/3464/2873 5962/3464/3299 5958/3521/3288
f 5793/3702/3071 5804/3746/3127 5988/3746/3274 5978/3702/3249
f 5910/3556/2967 5648/3555/2966 5961/3555/3271 5955/3556/3276
f 5805/3550/2961 5792/3549/2960 5977/3549/3250 5989/3550/3275
f 5639/3568/2973 5877/3584/2986 5963/3584/3204 5959/3568/3272
f 5785/3763/2992 5784/3726/3097 5945/3726/3213 5970/3763/3280
f 5902/3781/3170 5864/3799/3192 6051/3799/3289 6056/3781/3300
f 5783/3727/3098 5786/3764/3078 5971/3764/3281 5969/3727/3201
f 5865/3800/3193 5903/3783/3172 6057/3783/3297 6052/3800/3290
f 5787/3767/3076 5782/3732/3105 5968/3732/3187 5972/3767/3282
f 5904/3785/3174 5866/3803/3198 6053/3803/3291 6058/3785/3298
f 5781/3733/3106 5788/3768/3074 5973/3768/3283 5967/3733/3164
f 5867/3804/3199 5905/3787/3176 6059/3787/3295 6054/3804/3292
f 5789/3771/3072 5780/3738/3113 5966/3738/3154 5974/3771/3284
f 5906/3581/2983 5868/3567/2972 6055/3567/3293 6060/3581/3296
f 5779/3739/3114 5790/3772/3070 5975/3772/3285 5965/3739/3140
f 5838/3791/3182 5859/3790/3181 6046/3790/3209 5942/3791/3184
f 5791/3544/2953 5778/3543/2952 5964/3543/3131 5976/3544/3286
f 5860/3792/3183 5837/3769/3160 6027/3769/3163 6047/3792/3189
f 5836/3762/3150 5861/3794/3177 6048/3794/3180 6026/3762/3151
f 5862/3795/3157 5835/3751/3134 6025/3751/3137 6049/3795/3158
f 5834/3539/2948 5863/3574/2965 6050/3574/3148 6024/3539/3128
f 5864/3799/3192 5849/3798/3191 6037/3798/3231 6051/3799/3289
f 5850/3801/3194 5865/3800/3193 6052/3800/3290 6038/3801/3226
f 5630/3595/2950 5785/3594/2992 5970/3594/3280 5943/3595/3214
f 5629/3598/2978 5839/3597/2994 6028/3597/3185 5940/3598/3242
f 5866/3803/3198 5851/3802/3197 6039/3802/3218 6053/3803/3291
f 5905/3787/3176 5906/3581/2983 6060/3581/3296 6059/3787/3295
f 5852/3805/3200 5867/3804/3199 6054/3804/3292 6040/3805/3210
f 5786/3709/3078 5787/3707/3076 5972/3707/3282 5971/3709/3281
f 5840/3778/3161 5841/3776/3149 6030/3776/3152 6029/3778/3162
f 5868/3567/2972 5853/3546/2957 6041/3546/3196 6055/3567/3293
f 5903/3783/3172 5904/3785/3174 6058/3785/3298 6057/3783/3297
f 5935/3806/3205 5858/3816/3244 5954/3816/3305 6061/3806/3208
f 5788/3705/3074 5789/3703/3072 5974/3703/3284 5973/3705/3283
f 5842/3774/3135 5843/3773/2949 6032/3773/3129 6031/3774/3136
f 5895/3712/3081 5820/3741/3118 6003/3741/3121 6010/3712/3203
f 5857/3817/3245 5936/3796/3188 6062/3796/3190 6045/3817/3302
f 5813/3748/3096 5928/3747/3132 6017/3747/3277 5996/3748/3212
f 5876/3464/2873 5902/3781/3170 6056/3781/3300 5962/3464/3299
f 5821/3736/3109 5896/3714/3083 6011/3714/3222 6004/3736/3110
f 5937/3789/3178 5856/3814/3240 6044/3814/3303 6063/3789/3179
f 5929/3750/3133 5814/3749/3099 5997/3749/3202 6018/3750/3278
f 5790/3701/3070 5791/3700/2953 5976/3700/3286 5975/3701/3285
f 5844/3545/2956 5845/3775/3166 6034/3775/3211 6033/3545/3195
f 5900/3722/3091 5901/3585/2987 6016/3585/3220 6015/3722/3228
f 5897/3716/3085 5822/3729/3100 6005/3729/3103 6012/3716/3221
f 5855/3815/3241 5938/3765/3156 6064/3765/3159 6043/3815/3301
f 5815/3754/3104 5930/3753/3138 6019/3753/3279 5998/3754/3186
f 5823/3724/3093 5898/3718/3087 6013/3718/3246 6006/3724/3094
f 6123/3447/3319 6088/3450/3320 6087/3449/3321 6118/3448/3322
f 6367/3451/3323 6375/3454/3324 6166/3453/3325 6105/3452/3326
f 6088/3450/3320 6123/3447/3319 6134/3456/3327 6093/3455/3328
f 6371/3457/3329 6365/3460/3330 6103/3459/3331 6163/3458/3332
f 6338/3461/3333 6332/3464/3334 6099/3463/3335 6150/3462/3336
f 6082/3465/3337 6107/3468/3338 6118/3467/3322 6087/3466/3321
f 6162/3469/3339 6111/3472/3340 6226/3471/3341 6219/3470/3342
f 6376/3473/3343 6179/3476/3344 6167/3475/3345 6372/3474/3346
f 6076/3477/3347 6183/3480/3348 6178/3479/3349 6075/3478/3350
f 6346/3481/3351 6331/3484/3352 6081/3483/3353 6198/3482/3354
f 6227/3485/3355 6072/3488/3356 6070/3487/3357 6218/3486/3358
f 6343/3489/3359 6199/3492/3360 6146/3491/3361 6339/3490/3362
f 6171/3493/3363 6073/3496/3364 6078/3495/3365 6190/3494/3366
f 6383/3497/3367 6363/3500/3368 6071/3499/3369 6222/3498/3370
f 6182/3501/3371 6195/3504/3372 6119/3503/3373 6106/3502/3374
f 6170/3505/3375 6191/3508/3376 6135/3507/3377 6122/3506/3378
f 6335/3509/3379 6151/3512/3380 6230/3511/3381 6347/3510/3382
f 6069/3477/3383 6215/3477/3384 6210/3477/3385 6068/3477/3386
f 6127/3513/3387 6130/3516/3388 6214/3515/3389 6207/3514/3390
f 6203/3517/3391 6114/3518/3392 6127/3513/3387 6207/3514/3390
f 6072/3477/3356 6227/3477/3355 6202/3477/3393 6066/3477/3394
f 6131/3519/3395 6091/3522/3396 6094/3521/3397 6139/3520/3398
f 6093/3455/3328 6134/3456/3327 6142/3524/3399 6096/3523/3400
f 6163/3525/3332 6103/3528/3331 6084/3527/3401 6110/3526/3402
f 6334/3529/3403 6342/3532/3404 6147/3531/3405 6097/3530/3406
f 6126/3533/3407 6090/3534/3408 6091/3522/3396 6131/3519/3395
f 6368/3535/3409 6162/3538/3339 6219/3537/3342 6380/3536/3410
f 6290/3539/3411 6083/3542/3412 6086/3541/3413 6299/3540/3414
f 6234/3543/3415 6082/3465/3337 6087/3466/3321 6247/3544/3416
f 6067/3477/3417 6206/3477/3418 6215/3477/3384 6069/3477/3383
f 6300/3545/3419 6089/3548/3420 6092/3547/3421 6309/3546/3422
f 6248/3549/3423 6088/3450/3320 6093/3455/3328 6261/3550/3424
f 6191/3508/3376 6174/3552/3425 6143/3551/3426 6135/3507/3377
f 6395/3553/3427 6366/3556/3428 6104/3555/3429 6319/3554/3430
f 6390/3557/3431 6367/3451/3323 6105/3452/3326 6275/3558/3432
f 6179/3559/3344 6182/3562/3371 6106/3561/3374 6167/3560/3345
f 6350/3563/3433 6330/3566/3434 6068/3565/3386 6210/3564/3385
f 6309/3546/3422 6092/3547/3421 6095/3568/3435 6324/3567/3436
f 6261/3550/3424 6093/3455/3328 6096/3523/3400 6282/3569/3437
f 6190/3494/3366 6078/3495/3365 6074/3571/3438 6175/3570/3439
f 6110/3526/3402 6084/3527/3401 6085/3573/3440 6115/3572/3441
f 6319/3574/3430 6104/3575/3429 6083/3542/3412 6290/3539/3411
f 6275/3576/3432 6105/3577/3326 6082/3465/3337 6234/3543/3415
f 6079/3477/3442 6194/3578/3443 6183/3480/3348 6076/3477/3347
f 6130/3516/3388 6138/3580/3444 6211/3579/3445 6214/3515/3389
f 6362/3581/3446 6333/3584/3447 6098/3583/3448 6329/3582/3449
f 6357/3585/3450 6334/3529/3403 6097/3530/3406 6289/3586/3451
f 6379/3587/3452 6364/3590/3453 6075/3589/3350 6178/3588/3349
f 6194/3591/3443 6079/3592/3442 6073/3496/3364 6171/3493/3363
f 6254/3593/3454 6089/3548/3420 6086/3595/3413 6241/3594/3455
f 6304/3596/3456 6090/3534/3408 6085/3598/3440 6295/3597/3457
f 6066/3477/3394 6202/3477/3393 6206/3477/3418 6067/3477/3417
f 6090/3534/3408 6126/3533/3407 6115/3599/3441 6085/3598/3440
f 6111/3472/3340 6113/3602/3458 6116/3601/3459 6114/3600/3392
f 6113/3602/3458 6112/3604/3460 6117/3603/3461 6116/3601/3459
f 6112/3604/3460 6110/3526/3402 6115/3572/3441 6117/3603/3461
f 6119/3503/3373 6121/3606/3462 6108/3605/3463 6106/3502/3374
f 6121/3606/3462 6120/3608/3464 6109/3607/3465 6108/3605/3463
f 6120/3608/3464 6118/3467/3322 6107/3468/3338 6109/3607/3465
f 6127/3513/3387 6129/3610/3466 6132/3609/3467 6130/3516/3388
f 6129/3610/3466 6128/3612/3468 6133/3611/3469 6132/3609/3467
f 6128/3612/3468 6126/3533/3407 6131/3519/3395 6133/3611/3469
f 6135/3507/3377 6137/3614/3470 6124/3613/3471 6122/3506/3378
f 6137/3614/3470 6136/3616/3472 6125/3615/3473 6124/3613/3471
f 6136/3616/3472 6134/3456/3327 6123/3447/3319 6125/3615/3473
f 6368/3535/3409 6369/3618/3474 6164/3617/3475 6162/3538/3339
f 6369/3618/3474 6370/3620/3476 6165/3619/3477 6164/3617/3475
f 6370/3620/3476 6371/3457/3329 6163/3458/3332 6165/3619/3477
f 6372/3474/3346 6373/3623/3478 6161/3622/3479 6159/3621/3480
f 6373/3623/3478 6374/3625/3481 6160/3624/3482 6161/3622/3479
f 6374/3625/3481 6375/3454/3324 6158/3626/3483 6160/3624/3482
f 6130/3516/3388 6132/3609/3467 6140/3627/3484 6138/3580/3444
f 6132/3609/3467 6133/3611/3469 6141/3628/3485 6140/3627/3484
f 6133/3611/3469 6131/3519/3395 6139/3520/3398 6141/3628/3485
f 6143/3551/3426 6145/3629/3486 6137/3614/3470 6135/3507/3377
f 6145/3629/3486 6144/3630/3487 6136/3616/3472 6137/3614/3470
f 6144/3630/3487 6142/3524/3399 6134/3456/3327 6136/3616/3472
f 6162/3469/3339 6164/3631/3475 6113/3602/3458 6111/3472/3340
f 6164/3631/3475 6165/3632/3477 6112/3604/3460 6113/3602/3458
f 6165/3632/3477 6163/3525/3332 6110/3526/3402 6112/3604/3460
f 6106/3561/3374 6108/3605/3463 6169/3633/3488 6167/3560/3345
f 6108/3605/3463 6109/3607/3465 6168/3634/3489 6169/3633/3488
f 6109/3607/3465 6107/3468/3338 6166/3635/3325 6168/3634/3489
f 6335/3509/3379 6336/3637/3490 6153/3636/3491 6151/3512/3380
f 6336/3637/3490 6337/3639/3492 6152/3638/3493 6153/3636/3491
f 6337/3639/3492 6338/3461/3333 6150/3462/3336 6152/3638/3493
f 6339/3490/3362 6340/3640/3494 6145/3629/3486 6143/3551/3426
f 6340/3640/3494 6341/3641/3495 6144/3630/3487 6145/3629/3486
f 6341/3641/3495 6342/3532/3404 6142/3524/3399 6144/3630/3487
f 6122/3506/3378 6124/3613/3471 6121/3643/3462 6119/3642/3373
f 6124/3613/3471 6125/3615/3473 6120/3644/3464 6121/3643/3462
f 6125/3615/3473 6123/3447/3319 6118/3448/3322 6120/3644/3464
f 6114/3518/3392 6116/3645/3459 6129/3610/3466 6127/3513/3387
f 6116/3645/3459 6117/3646/3461 6128/3612/3468 6129/3610/3466
f 6117/3646/3461 6115/3599/3441 6126/3533/3407 6128/3612/3468
f 6105/3577/3326 6166/3635/3325 6107/3468/3338 6082/3465/3337
f 6179/3559/3344 6181/3648/3496 6184/3647/3497 6182/3562/3371
f 6181/3648/3496 6180/3650/3498 6185/3649/3499 6184/3647/3497
f 6180/3650/3498 6178/3479/3349 6183/3480/3348 6185/3649/3499
f 6376/3473/3343 6377/3652/3500 6181/3651/3496 6179/3476/3344
f 6377/3652/3500 6378/3654/3501 6180/3653/3498 6181/3651/3496
f 6378/3654/3501 6379/3587/3452 6178/3588/3349 6180/3653/3498
f 6191/3508/3376 6193/3656/3502 6176/3655/3503 6174/3552/3425
f 6193/3656/3502 6192/3658/3504 6177/3657/3505 6176/3655/3503
f 6192/3658/3504 6190/3494/3366 6175/3570/3439 6177/3657/3505
f 6343/3489/3359 6344/3660/3506 6201/3659/3507 6199/3492/3360
f 6344/3660/3506 6345/3662/3508 6200/3661/3509 6201/3659/3507
f 6345/3662/3508 6346/3481/3351 6198/3482/3354 6200/3661/3509
f 6195/3663/3372 6197/3665/3510 6172/3664/3511 6170/3505/3375
f 6197/3665/3510 6196/3667/3512 6173/3666/3513 6172/3664/3511
f 6196/3667/3512 6194/3591/3443 6171/3493/3363 6173/3666/3513
f 6182/3501/3371 6184/3647/3497 6197/3668/3510 6195/3504/3372
f 6184/3647/3497 6185/3649/3499 6196/3669/3512 6197/3668/3510
f 6185/3649/3499 6183/3480/3348 6194/3578/3443 6196/3669/3512
f 6170/3505/3375 6172/3664/3511 6193/3656/3502 6191/3508/3376
f 6172/3664/3511 6173/3666/3513 6192/3658/3504 6193/3656/3502
f 6173/3666/3513 6171/3493/3363 6190/3494/3366 6192/3658/3504
f 6119/3642/3373 6195/3663/3372 6170/3505/3375 6122/3506/3378
f 6211/3579/3445 6213/3671/3514 6216/3670/3515 6214/3515/3389
f 6213/3671/3514 6212/3673/3516 6217/3672/3517 6216/3670/3515
f 6212/3477/3516 6210/3477/3385 6215/3477/3384 6217/3477/3517
f 6380/3536/3410 6381/3676/3518 6225/3675/3519 6223/3674/3520
f 6381/3676/3518 6382/3678/3521 6224/3677/3522 6225/3675/3519
f 6382/3678/3521 6383/3497/3367 6222/3498/3370 6224/3677/3522
f 6203/3679/3391 6205/3681/3523 6228/3680/3524 6226/3471/3341
f 6205/3681/3523 6204/3683/3525 6229/3682/3526 6228/3680/3524
f 6204/3477/3525 6202/3477/3393 6227/3477/3355 6229/3477/3526
f 6207/3514/3390 6209/3685/3527 6205/3684/3523 6203/3517/3391
f 6209/3685/3527 6208/3687/3528 6204/3686/3525 6205/3684/3523
f 6208/3477/3528 6206/3477/3418 6202/3477/3393 6204/3477/3525
f 6347/3510/3382 6348/3689/3529 6213/3688/3514 6211/3579/3445
f 6348/3689/3529 6349/3691/3530 6212/3690/3516 6213/3688/3514
f 6349/3691/3530 6350/3563/3433 6210/3564/3385 6212/3690/3516
f 6214/3515/3389 6216/3693/3515 6209/3692/3527 6207/3514/3390
f 6216/3693/3515 6217/3695/3517 6208/3694/3528 6209/3692/3527
f 6217/3477/3517 6215/3477/3384 6206/3477/3418 6208/3477/3528
f 6226/3471/3341 6228/3697/3524 6221/3696/3531 6219/3470/3342
f 6228/3697/3524 6229/3699/3526 6220/3698/3532 6221/3696/3531
f 6229/3699/3526 6227/3485/3355 6218/3486/3358 6220/3698/3532
f 6111/3472/3340 6114/3600/3392 6203/3679/3391 6226/3471/3341
f 6088/3450/3320 6248/3549/3423 6247/3700/3416 6087/3449/3321
f 6248/3549/3423 6249/3702/3533 6246/3701/3534 6247/3700/3416
f 6249/3702/3533 6250/3704/3535 6245/3703/3536 6246/3701/3534
f 6250/3704/3535 6251/3706/3537 6244/3705/3538 6245/3703/3536
f 6251/3706/3537 6252/3708/3539 6243/3707/3540 6244/3705/3538
f 6252/3708/3539 6253/3710/3541 6242/3709/3542 6243/3707/3540
f 6253/3710/3541 6254/3593/3454 6241/3594/3455 6242/3709/3542
f 6333/3584/3447 6351/3712/3543 6283/3711/3544 6098/3583/3448
f 6351/3712/3543 6352/3714/3545 6284/3713/3546 6283/3711/3544
f 6352/3714/3545 6353/3716/3547 6285/3715/3548 6284/3713/3546
f 6353/3716/3547 6354/3718/3549 6286/3717/3550 6285/3715/3548
f 6354/3718/3549 6355/3720/3551 6287/3719/3552 6286/3717/3550
f 6355/3720/3551 6356/3722/3553 6288/3721/3554 6287/3719/3552
f 6356/3722/3553 6357/3585/3450 6289/3586/3451 6288/3721/3554
f 6258/3723/3555 6442/3723/3556 6462/3724/3557 6279/3724/3558
f 6269/3725/3559 6270/3728/3560 6239/3727/3561 6240/3726/3562
f 6278/3729/3563 6461/3729/3564 6441/3730/3565 6257/3730/3566
f 6271/3731/3567 6272/3734/3568 6237/3733/3569 6238/3732/3570
f 6256/3735/3571 6440/3735/3572 6460/3736/3573 6277/3736/3574
f 6273/3737/3575 6274/3740/3576 6235/3739/3577 6236/3738/3578
f 6254/3593/3454 6407/3593/3579 6406/3548/3580 6089/3548/3420
f 6276/3741/3581 6459/3741/3582 6439/3742/3583 6255/3742/3584
f 6255/3742/3584 6256/3735/3571 6277/3736/3574 6276/3741/3581
f 6089/3548/3420 6406/3548/3580 6405/3547/3585 6092/3547/3421
f 6257/3730/3566 6258/3723/3555 6279/3724/3558 6278/3729/3563
s 0
f 6312/3477/3586 6500/3477/3586 6501/3477/3586 6313/3477/3586
s 1
f 6259/3743/3587 6260/3746/3588 6281/3745/3589 6280/3744/3590
f 6299/3540/3414 6488/3540/3591 6480/3539/3592 6290/3539/3411
f 6234/3543/3415 6420/3543/3593 6458/3576/3594 6275/3576/3432
f 6384/3747/3595 6385/3750/3596 6270/3749/3560 6269/3748/3559
f 6291/3751/3597 6481/3751/3598 6487/3752/3599 6298/3752/3600
f 6386/3753/3601 6387/3756/3602 6272/3755/3568 6271/3754/3567
f 6274/3740/3576 6457/3740/3603 6421/3739/3604 6235/3739/3577
f 6388/3757/3605 6389/3760/3606 6274/3759/3576 6273/3758/3575
f 6304/3596/3456 6404/3596/3607 6403/3534/3608 6090/3534/3408
s 0
f 6310/3477/3609 6498/3477/3609 6499/3477/3609 6311/3477/3609
s 1
f 6254/3593/3454 6253/3710/3541 6256/3735/3571 6255/3742/3584
f 6319/3554/3430 6506/3554/3610 6521/3553/3611 6395/3553/3427
f 6252/3708/3539 6251/3706/3537 6258/3723/3555 6257/3730/3566
f 6297/3761/3612 6486/3761/3613 6482/3762/3614 6292/3762/3615
f 6250/3704/3535 6249/3702/3533 6260/3746/3588 6259/3743/3587
f 6236/3738/3578 6422/3738/3616 6456/3737/3617 6273/3737/3575
f 6090/3534/3408 6403/3534/3608 6402/3522/3618 6091/3522/3396
f 6240/3726/3562 6239/3727/3561 6242/3764/3542 6241/3763/3455
f 6394/3765/3619 6520/3765/3620 6505/3766/3621 6318/3766/3622
f 6238/3732/3570 6237/3733/3569 6244/3768/3538 6243/3767/3540
f 6293/3769/3623 6483/3769/3624 6485/3770/3625 6296/3770/3626
f 6236/3738/3578 6235/3739/3577 6246/3772/3534 6245/3771/3536
f 6272/3734/3568 6455/3734/3627 6423/3733/3628 6237/3733/3569
f 6089/3548/3420 6300/3545/3419 6299/3773/3414 6086/3595/3413
f 6300/3545/3419 6301/3775/3629 6298/3774/3600 6299/3773/3414
f 6301/3775/3629 6302/3777/3630 6297/3776/3612 6298/3774/3600
f 6302/3777/3630 6303/3779/3631 6296/3778/3626 6297/3776/3612
f 6303/3779/3631 6304/3596/3456 6295/3597/3457 6296/3778/3626
f 6332/3464/3334 6358/3781/3632 6325/3780/3633 6099/3463/3335
f 6358/3781/3632 6359/3783/3634 6326/3782/3635 6325/3780/3633
f 6359/3783/3634 6360/3785/3636 6327/3784/3637 6326/3782/3635
f 6360/3785/3636 6361/3787/3638 6328/3786/3639 6327/3784/3637
f 6361/3787/3638 6362/3581/3446 6329/3582/3449 6328/3786/3639
f 6317/3788/3640 6504/3788/3641 6519/3789/3642 6393/3789/3643
f 6315/3790/3644 6316/3792/3645 6293/3769/3623 6294/3791/3646
f 6295/3793/3457 6484/3793/3647 6398/3791/3648 6294/3791/3646
f 6317/3794/3640 6318/3795/3622 6291/3751/3597 6292/3762/3615
f 6238/3732/3570 6424/3732/3649 6454/3731/3650 6271/3731/3567
f 6392/3796/3651 6518/3796/3652 6503/3797/3653 6316/3797/3645
f 6305/3798/3654 6306/3801/3655 6321/3800/3656 6320/3799/3657
f 6309/3546/3422 6497/3546/3658 6489/3545/3659 6300/3545/3419
f 6307/3802/3660 6308/3805/3661 6323/3804/3662 6322/3803/3663
f 6270/3728/3560 6453/3728/3664 6425/3727/3665 6239/3727/3561
f 6333/3584/3447 6419/3584/3666 6466/3712/3667 6351/3712/3543
f 6391/3806/3668 6392/3796/3651 6316/3797/3645 6315/3807/3644
f 6252/3708/3539 6437/3708/3669 6438/3710/3670 6253/3710/3541
f 6393/3789/3643 6394/3765/3619 6318/3766/3622 6317/3788/3640
f 6315/3807/3644 6502/3807/3671 6517/3806/3672 6391/3806/3668
f 6301/3775/3629 6490/3775/3673 6496/3805/3674 6308/3805/3661
f 6304/3596/3456 6303/3779/3631 6306/3801/3655 6305/3798/3654
f 6240/3726/3562 6401/3726/3675 6452/3725/3676 6269/3725/3559
f 6302/3777/3630 6301/3775/3629 6308/3805/3661 6307/3802/3660
f 6083/3542/3412 6400/3542/3677 6399/3541/3678 6086/3541/3413
f 6275/3558/3432 6458/3558/3594 6479/3557/3679 6390/3557/3431
f 6294/3791/3646 6293/3769/3623 6296/3770/3626 6295/3793/3457
f 6307/3802/3660 6495/3802/3680 6491/3777/3681 6302/3777/3630
f 6292/3762/3615 6291/3751/3597 6298/3752/3600 6297/3761/3612
f 6357/3585/3450 6472/3585/3682 6465/3569/3683 6282/3569/3437
f 6352/3714/3545 6467/3714/3684 6468/3716/3685 6353/3716/3547
f 6322/3803/3663 6323/3804/3662 6361/3787/3638 6360/3785/3636
f 6250/3704/3535 6435/3704/3686 6436/3706/3687 6251/3706/3537
f 6320/3799/3657 6321/3800/3656 6359/3783/3634 6358/3781/3632
f 6389/3760/3606 6478/3760/3688 6457/3759/3603 6274/3759/3576
f 6303/3779/3631 6492/3779/3689 6494/3801/3690 6306/3801/3655
f 6280/3744/3590 6281/3745/3589 6356/3722/3553 6355/3720/3551
f 6281/3745/3589 6464/3745/3691 6471/3722/3692 6356/3722/3553
f 6278/3729/3563 6279/3724/3558 6354/3718/3549 6353/3716/3547
f 6273/3758/3575 6456/3758/3617 6477/3757/3693 6388/3757/3605
f 6276/3741/3581 6277/3736/3574 6352/3714/3545 6351/3712/3543
f 6305/3798/3654 6493/3798/3694 6404/3596/3607 6304/3596/3456
f 6233/3808/3695 6231/3809/3696 6350/3563/3433 6349/3691/3530
f 6232/3810/3697 6233/3808/3695 6349/3691/3530 6348/3689/3529
f 6230/3511/3381 6232/3810/3697 6348/3689/3529 6347/3510/3382
f 6177/3657/3505 6175/3570/3439 6346/3481/3351 6345/3662/3508
f 6176/3655/3503 6177/3657/3505 6345/3662/3508 6344/3660/3506
f 6174/3552/3425 6176/3655/3503 6344/3660/3506 6343/3489/3359
f 6149/3811/3698 6147/3531/3405 6342/3532/3404 6341/3641/3495
f 6148/3812/3699 6149/3811/3698 6341/3641/3495 6340/3640/3494
f 6146/3491/3361 6148/3812/3699 6340/3640/3494 6339/3490/3362
f 6141/3628/3485 6139/3520/3398 6338/3461/3333 6337/3639/3492
f 6140/3627/3484 6141/3628/3485 6337/3639/3492 6336/3637/3490
f 6138/3580/3444 6140/3627/3484 6336/3637/3490 6335/3509/3379
f 6282/3569/3437 6096/3523/3400 6334/3529/3403 6357/3585/3450
f 6324/3567/3436 6095/3568/3435 6333/3584/3447 6362/3581/3446
f 6231/3809/3696 6080/3813/3700 6330/3566/3434 6350/3563/3433
f 6096/3523/3400 6142/3524/3399 6342/3532/3404 6334/3529/3403
f 6138/3580/3444 6335/3509/3379 6347/3510/3382 6211/3579/3445
f 6174/3552/3425 6343/3489/3359 6339/3490/3362 6143/3551/3426
f 6175/3570/3439 6074/3571/3438 6331/3484/3352 6346/3481/3351
f 6139/3520/3398 6094/3521/3397 6332/3464/3334 6338/3461/3333
f 6355/3720/3551 6470/3720/3701 6463/3744/3702 6280/3744/3590
f 6312/3814/3703 6311/3815/3704 6394/3765/3619 6393/3789/3643
f 6084/3527/3401 6397/3527/3705 6396/3573/3706 6085/3573/3440
f 6314/3816/3707 6313/3817/3708 6392/3796/3651 6391/3806/3668
f 6354/3718/3549 6469/3718/3709 6470/3720/3701 6355/3720/3551
f 6302/3777/3630 6491/3777/3681 6492/3779/3689 6303/3779/3631
f 6264/3818/3710 6263/3819/3711 6389/3760/3606 6388/3757/3605
f 6248/3549/3423 6433/3549/3712 6434/3702/3713 6249/3702/3533
f 6266/3820/3714 6265/3821/3715 6387/3756/3602 6386/3753/3601
f 6387/3756/3602 6476/3756/3716 6455/3755/3627 6272/3755/3568
f 6268/3822/3717 6267/3823/3718 6385/3750/3596 6384/3747/3595
f 6395/3553/3427 6521/3553/3611 6498/3824/3719 6310/3824/3720
f 6220/3825/3532 6218/3826/3358 6383/3497/3367 6382/3678/3521
f 6221/3827/3531 6220/3825/3532 6382/3678/3521 6381/3676/3518
f 6219/3537/3342 6221/3827/3531 6381/3676/3518 6380/3536/3410
f 6189/3828/3721 6187/3829/3722 6379/3587/3452 6378/3654/3501
f 6188/3830/3723 6189/3828/3721 6378/3654/3501 6377/3652/3500
f 6186/3831/3724 6188/3830/3723 6377/3652/3500 6376/3473/3343
f 6168/3832/3489 6166/3453/3325 6375/3454/3324 6374/3625/3481
f 6169/3833/3488 6168/3832/3489 6374/3625/3481 6373/3623/3478
f 6167/3475/3345 6169/3833/3488 6373/3623/3478 6372/3474/3346
f 6157/3834/3725 6155/3835/3726 6371/3457/3329 6370/3620/3476
f 6156/3836/3727 6157/3834/3725 6370/3620/3476 6369/3618/3474
f 6154/3837/3728 6156/3836/3727 6369/3618/3474 6368/3535/3409
f 6187/3829/3722 6077/3838/3729 6364/3590/3453 6379/3587/3452
f 6262/3839/3730 6102/3840/3731 6367/3451/3323 6390/3557/3431
f 6310/3824/3720 6101/3841/3732 6366/3556/3428 6395/3553/3427
f 6154/3837/3728 6368/3535/3409 6380/3536/3410 6223/3674/3520
f 6218/3826/3358 6070/3487/3357 6363/3500/3368 6383/3497/3367
f 6186/3831/3724 6376/3473/3343 6372/3474/3346 6159/3621/3480
f 6155/3835/3726 6100/3842/3733 6365/3460/3330 6371/3457/3329
f 6102/3840/3731 6158/3626/3483 6375/3454/3324 6367/3451/3323
f 6417/3575/3734 6452/3725/3676 6401/3726/3675 6400/3542/3677
f 6453/3728/3664 6454/3731/3650 6424/3732/3649 6425/3727/3665
f 6455/3734/3627 6456/3737/3617 6422/3738/3616 6423/3733/3628
f 6457/3740/3603 6458/3576/3594 6420/3543/3593 6421/3739/3604
f 6405/3547/3585 6439/3742/3583 6459/3741/3582 6415/3568/3735
f 6440/3735/3572 6441/3730/3565 6461/3729/3564 6460/3736/3573
f 6442/3723/3556 6443/3743/3736 6463/3744/3702 6462/3724/3557
f 6444/3746/3737 6445/3550/3738 6465/3569/3683 6464/3745/3691
f 6411/3556/3739 6473/3747/3740 6452/3748/3676 6417/3555/3734
f 6474/3750/3741 6475/3753/3742 6454/3754/3650 6453/3749/3664
f 6476/3756/3716 6477/3757/3693 6456/3758/3617 6455/3755/3627
f 6478/3760/3688 6479/3557/3679 6458/3558/3594 6457/3759/3603
f 6406/3548/3580 6407/3593/3579 6439/3742/3583 6405/3547/3585
f 6438/3710/3670 6437/3708/3669 6441/3730/3565 6440/3735/3572
f 6436/3706/3687 6435/3704/3686 6443/3743/3736 6442/3723/3556
f 6434/3702/3713 6433/3549/3712 6445/3550/3738 6444/3746/3737
f 6400/3542/3677 6401/3726/3675 6426/3763/3743 6399/3541/3678
f 6425/3727/3665 6424/3732/3649 6428/3767/3744 6427/3764/3745
f 6423/3733/3628 6422/3738/3616 6430/3771/3746 6429/3768/3747
f 6421/3739/3604 6420/3543/3593 6432/3544/3748 6431/3772/3749
f 6416/3528/3750 6502/3790/3671 6398/3791/3648 6397/3527/3705
f 6503/3792/3653 6504/3794/3641 6482/3762/3614 6483/3769/3624
f 6505/3795/3621 6506/3574/3610 6480/3539/3592 6481/3751/3598
f 6402/3522/3618 6493/3798/3694 6507/3799/3751 6414/3521/3752
f 6494/3801/3690 6495/3802/3680 6509/3803/3753 6508/3800/3754
f 6496/3805/3674 6497/3546/3658 6511/3567/3755 6510/3804/3756
f 6408/3460/3757 6517/3806/3672 6502/3807/3671 6416/3459/3750
f 6518/3796/3652 6519/3789/3642 6504/3788/3641 6503/3797/3653
f 6520/3765/3620 6521/3553/3611 6506/3554/3610 6505/3766/3621
f 6403/3534/3608 6404/3596/3607 6493/3798/3694 6402/3522/3618
f 6492/3779/3689 6491/3777/3681 6495/3802/3680 6494/3801/3690
f 6490/3775/3673 6489/3545/3659 6497/3546/3658 6496/3805/3674
f 6397/3527/3705 6398/3791/3648 6484/3793/3647 6396/3573/3706
f 6483/3769/3624 6482/3762/3614 6486/3761/3613 6485/3770/3625
f 6481/3751/3598 6480/3539/3592 6488/3540/3591 6487/3752/3599
f 6510/3804/3756 6511/3567/3755 6516/3581/3758 6515/3787/3759
f 6508/3800/3754 6509/3803/3753 6514/3785/3760 6513/3783/3761
f 6414/3521/3752 6507/3799/3751 6512/3781/3762 6418/3464/3763
f 6464/3745/3691 6465/3569/3683 6472/3585/3682 6471/3722/3692
f 6462/3724/3557 6463/3744/3702 6470/3720/3701 6469/3718/3709
f 6460/3736/3573 6461/3729/3564 6468/3716/3685 6467/3714/3684
f 6415/3568/3735 6459/3741/3582 6466/3712/3667 6419/3584/3666
f 6499/3815/3764 6498/3824/3719 6521/3553/3611 6520/3765/3620
f 6501/3817/3765 6500/3814/3766 6519/3789/3642 6518/3796/3652
f 6409/3842/3767 6410/3816/3768 6517/3806/3672 6408/3460/3757
f 6447/3819/3769 6446/3839/3770 6479/3557/3679 6478/3760/3688
f 6449/3821/3771 6448/3818/3772 6477/3757/3693 6476/3756/3716
f 6451/3823/3773 6450/3820/3774 6475/3753/3742 6474/3750/3741
f 6412/3841/3775 6413/3822/3776 6473/3747/3740 6411/3556/3739
s 0
f 6262/3477/3777 6446/3477/3777 6447/3477/3777 6263/3477/3777
s 1
f 6100/3842/3733 6409/3842/3767 6408/3460/3757 6365/3460/3330
f 6280/3744/3590 6463/3744/3702 6443/3743/3736 6259/3743/3587
s 0
f 6314/3477/3778 6410/3477/3778 6409/3477/3778 6100/3477/3778
s 1
f 6260/3746/3588 6444/3746/3737 6464/3745/3691 6281/3745/3589
s 0
f 6264/3477/3779 6448/3477/3779 6449/3477/3779 6265/3477/3779
s 1
f 6282/3569/3437 6465/3569/3683 6445/3550/3738 6261/3550/3424
f 6101/3841/3732 6412/3841/3775 6411/3556/3739 6366/3556/3428
f 6384/3747/3595 6473/3747/3740 6413/3822/3776 6268/3822/3717
s 0
f 6266/3477/3780 6450/3477/3780 6451/3477/3780 6267/3477/3780
f 6268/3477/3781 6413/3477/3781 6412/3477/3781 6101/3477/3781
s 1
f 6267/3823/3718 6451/3823/3773 6474/3750/3741 6385/3750/3596
f 6386/3753/3601 6475/3753/3742 6450/3820/3774 6266/3820/3714
f 6265/3821/3715 6449/3821/3771 6476/3756/3716 6387/3756/3602
f 6091/3522/3396 6402/3522/3618 6414/3521/3752 6094/3521/3397
f 6388/3757/3605 6477/3757/3693 6448/3818/3772 6264/3818/3710
f 6263/3819/3711 6447/3819/3769 6478/3760/3688 6389/3760/3606
f 6092/3547/3421 6405/3547/3585 6415/3568/3735 6095/3568/3435
f 6390/3557/3431 6479/3557/3679 6446/3839/3770 6262/3839/3730
f 6255/3742/3584 6439/3742/3583 6407/3593/3579 6254/3593/3454
f 6253/3710/3541 6438/3710/3670 6440/3735/3572 6256/3735/3571
f 6103/3528/3331 6416/3528/3750 6397/3527/3705 6084/3527/3401
f 6257/3730/3566 6441/3730/3565 6437/3708/3669 6252/3708/3539
f 6104/3575/3429 6417/3575/3734 6400/3542/3677 6083/3542/3412
f 6251/3706/3537 6436/3706/3687 6442/3723/3556 6258/3723/3555
f 6259/3743/3587 6443/3743/3736 6435/3704/3686 6250/3704/3535
f 6365/3460/3330 6408/3460/3757 6416/3459/3750 6103/3459/3331
f 6094/3521/3397 6414/3521/3752 6418/3464/3763 6332/3464/3334
f 6249/3702/3533 6434/3702/3713 6444/3746/3737 6260/3746/3588
f 6366/3556/3428 6411/3556/3739 6417/3555/3734 6104/3555/3429
f 6261/3550/3424 6445/3550/3738 6433/3549/3712 6248/3549/3423
f 6095/3568/3435 6415/3568/3735 6419/3584/3666 6333/3584/3447
f 6241/3763/3455 6426/3763/3743 6401/3726/3675 6240/3726/3562
f 6358/3781/3632 6512/3781/3762 6507/3799/3751 6320/3799/3657
f 6239/3727/3561 6425/3727/3665 6427/3764/3745 6242/3764/3542
f 6321/3800/3656 6508/3800/3754 6513/3783/3761 6359/3783/3634
f 6243/3767/3540 6428/3767/3744 6424/3732/3649 6238/3732/3570
f 6360/3785/3636 6514/3785/3760 6509/3803/3753 6322/3803/3663
f 6237/3733/3569 6423/3733/3628 6429/3768/3747 6244/3768/3538
f 6323/3804/3662 6510/3804/3756 6515/3787/3759 6361/3787/3638
f 6245/3771/3536 6430/3771/3746 6422/3738/3616 6236/3738/3578
f 6362/3581/3446 6516/3581/3758 6511/3567/3755 6324/3567/3436
f 6235/3739/3577 6421/3739/3604 6431/3772/3749 6246/3772/3534
f 6294/3791/3646 6398/3791/3648 6502/3790/3671 6315/3790/3644
f 6247/3544/3416 6432/3544/3748 6420/3543/3593 6234/3543/3415
f 6316/3792/3645 6503/3792/3653 6483/3769/3624 6293/3769/3623
f 6292/3762/3615 6482/3762/3614 6504/3794/3641 6317/3794/3640
f 6318/3795/3622 6505/3795/3621 6481/3751/3598 6291/3751/3597
f 6290/3539/3411 6480/3539/3592 6506/3574/3610 6319/3574/3430
f 6320/3799/3657 6507/3799/3751 6493/3798/3694 6305/3798/3654
f 6306/3801/3655 6494/3801/3690 6508/3800/3754 6321/3800/3656
f 6086/3595/3413 6399/3595/3678 6426/3594/3743 6241/3594/3455
f 6085/3598/3440 6396/3598/3706 6484/3597/3647 6295/3597/3457
f 6322/3803/3663 6509/3803/3753 6495/3802/3680 6307/3802/3660
f 6361/3787/3638 6515/3787/3759 6516/3581/3758 6362/3581/3446
f 6308/3805/3661 6496/3805/3674 6510/3804/3756 6323/3804/3662
f 6242/3709/3542 6427/3709/3745 6428/3707/3744 6243/3707/3540
f 6296/3778/3626 6485/3778/3625 6486/3776/3613 6297/3776/3612
f 6324/3567/3436 6511/3567/3755 6497/3546/3658 6309/3546/3422
f 6359/3783/3634 6513/3783/3761 6514/3785/3760 6360/3785/3636
f 6391/3806/3668 6517/3806/3672 6410/3816/3768 6314/3816/3707
f 6244/3705/3538 6429/3705/3747 6430/3703/3746 6245/3703/3536
f 6298/3774/3600 6487/3774/3599 6488/3773/3591 6299/3773/3414
f 6351/3712/3543 6466/3712/3667 6459/3741/3582 6276/3741/3581
f 6313/3817/3708 6501/3817/3765 6518/3796/3652 6392/3796/3651
f 6269/3748/3559 6452/3748/3676 6473/3747/3740 6384/3747/3595
f 6332/3464/3334 6418/3464/3763 6512/3781/3762 6358/3781/3632
f 6277/3736/3574 6460/3736/3573 6467/3714/3684 6352/3714/3545
f 6393/3789/3643 6519/3789/3642 6500/3814/3766 6312/3814/3703
f 6385/3750/3596 6474/3750/3741 6453/3749/3664 6270/3749/3560
f 6246/3701/3534 6431/3701/3749 6432/3700/3748 6247/3700/3416
f 6300/3545/3419 6489/3545/3659 6490/3775/3673 6301/3775/3629
f 6356/3722/3553 6471/3722/3692 6472/3585/3682 6357/3585/3450
f 6353/3716/3547 6468/3716/3685 6461/3729/3564 6278/3729/3563
f 6311/3815/3704 6499/3815/3764 6520/3765/3620 6394/3765/3619
f 6271/3754/3567 6454/3754/3650 6475/3753/3742 6386/3753/3601
f 6279/3724/3558 6462/3724/3557 6469/3718/3709 6354/3718/3549
f 5612/3477/2921 5613/3477/2920 6069/3477/3383 6068/3477/3386
f 5614/3487/2894 5907/3500/2907 6363/3500/3368 6070/3487/3357
f 5610/3477/2930 5616/3477/2895 6072/3477/3356 6066/3477/3394
f 5619/3478/2885 5620/3477/2884 6076/3477/3347 6075/3478/3350
f 5621/3838/3266 5908/3590/2990 6364/3590/3453 6077/3838/3729
f 5622/3495/2902 5618/3571/2976 6074/3571/3438 6078/3495/3365
f 5611/3477/2954 5610/3477/2930 6066/3477/3394 6067/3477/3417
f 5624/3813/3237 5874/3566/2971 6330/3566/3434 6080/3813/3700
f 5618/3571/2976 5875/3484/2891 6331/3484/3352 6074/3571/3438
f 5623/3592/2979 5617/3496/2903 6073/3496/3364 6079/3592/3442
f 5613/3477/2920 5611/3477/2954 6067/3477/3417 6069/3477/3383
f 5616/3488/2895 5614/3487/2894 6070/3487/3357 6072/3488/3356
f 5620/3477/2884 5623/3477/2979 6079/3477/3442 6076/3477/3347
f 5617/3496/2903 5622/3495/2902 6078/3495/3365 6073/3496/3364
s 0
f 5644/3477/3782 5858/3477/3782 6314/3477/3782 6100/3477/3782
f 5645/3477/3783 5812/3477/3783 6268/3477/3783 6101/3477/3783
s 1
f 5642/3583/2985 5873/3582/2984 6329/3582/3449 6098/3583/3448
f 5641/3530/2941 5833/3586/2988 6289/3586/3451 6097/3530/3406
f 5698/3837/3265 5700/3836/3264 6156/3836/3727 6154/3837/3728
f 5700/3836/3264 5701/3834/3262 6157/3834/3725 6156/3836/3727
f 5701/3834/3262 5699/3835/3263 6155/3835/3726 6157/3834/3725
f 5705/3622/3016 5703/3621/3015 6159/3621/3480 6161/3622/3479
f 5704/3624/3018 5705/3622/3016 6161/3622/3479 6160/3624/3482
f 5702/3626/3020 5704/3624/3018 6160/3624/3482 6158/3626/3483
f 5697/3636/3027 5695/3512/2919 6151/3512/3380 6153/3636/3491
f 5696/3638/3029 5697/3636/3027 6153/3636/3491 6152/3638/3493
f 5694/3462/2871 5696/3638/3029 6152/3638/3493 6150/3462/3336
f 5690/3491/2898 5692/3812/3236 6148/3812/3699 6146/3491/3361
f 5692/3812/3236 5693/3811/3235 6149/3811/3698 6148/3812/3699
f 5693/3811/3235 5691/3531/2942 6147/3531/3405 6149/3811/3698
f 5643/3463/2872 5694/3462/2871 6150/3462/3336 6099/3463/3335
f 5691/3531/2942 5641/3530/2941 6097/3530/3406 6147/3531/3405
f 5699/3835/3263 5644/3842/3270 6100/3842/3733 6155/3835/3726
f 5646/3840/3268 5702/3626/3020 6158/3626/3483 6102/3840/3731
f 5730/3831/3261 5732/3830/3260 6188/3830/3723 6186/3831/3724
f 5732/3830/3260 5733/3828/3258 6189/3828/3721 6188/3830/3723
f 5733/3828/3258 5731/3829/3259 6187/3829/3722 6189/3828/3721
f 5745/3659/3043 5743/3492/2899 6199/3492/3360 6201/3659/3507
f 5744/3661/3045 5745/3659/3043 6201/3659/3507 6200/3661/3509
f 5742/3482/2889 5744/3661/3045 6200/3661/3509 6198/3482/3354
f 5625/3483/2890 5742/3482/2889 6198/3482/3354 6081/3483/3353
f 5743/3492/2899 5690/3491/2898 6146/3491/3361 6199/3492/3360
f 5731/3829/3259 5621/3838/3266 6077/3838/3729 6187/3829/3722
f 5703/3621/3015 5730/3831/3261 6186/3831/3724 6159/3621/3480
f 5769/3675/3056 5767/3674/3055 6223/3674/3520 6225/3675/3519
f 5768/3677/3058 5769/3675/3056 6225/3675/3519 6224/3677/3522
f 5766/3498/2905 5768/3677/3058 6224/3677/3522 6222/3498/3370
f 5774/3511/2918 5776/3810/3234 6232/3810/3697 6230/3511/3381
f 5776/3810/3234 5777/3808/3232 6233/3808/3695 6232/3810/3697
f 5777/3808/3232 5775/3809/3233 6231/3809/3696 6233/3808/3695
f 5695/3512/2919 5774/3511/2918 6230/3511/3381 6151/3512/3380
f 5775/3809/3233 5624/3813/3237 6080/3813/3700 6231/3809/3696
f 5615/3499/2906 5766/3498/2905 6222/3498/3370 6071/3499/3369
f 5767/3674/3055 5698/3837/3265 6154/3837/3728 6223/3674/3520
f 5806/3839/3267 5646/3840/3268 6102/3840/3731 6262/3839/3730
s 0
f 5807/3477/3784 5806/3477/3784 6262/3477/3784 6263/3477/3784
s 1
f 5808/3818/3247 5807/3819/3248 6263/3819/3711 6264/3818/3710
s 0
f 5809/3477/3785 5808/3477/3785 6264/3477/3785 6265/3477/3785
s 1
f 5810/3820/3251 5809/3821/3252 6265/3821/3715 6266/3820/3714
s 0
f 5811/3477/3786 5810/3477/3786 6266/3477/3786 6267/3477/3786
s 1
f 5812/3822/3254 5811/3823/3255 6267/3823/3718 6268/3822/3717
f 5827/3711/3080 5642/3583/2985 6098/3583/3448 6283/3711/3544
f 5828/3713/3082 5827/3711/3080 6283/3711/3544 6284/3713/3546
f 5829/3715/3084 5828/3713/3082 6284/3713/3546 6285/3715/3548
f 5830/3717/3086 5829/3715/3084 6285/3715/3548 6286/3717/3550
f 5831/3719/3088 5830/3717/3086 6286/3717/3550 6287/3719/3552
f 5832/3721/3090 5831/3719/3088 6287/3719/3552 6288/3721/3554
f 5833/3586/2988 5832/3721/3090 6288/3721/3554 6289/3586/3451
f 5854/3824/3256 5645/3841/3269 6101/3841/3732 6310/3824/3720
s 0
f 5855/3477/3787 5854/3477/3787 6310/3477/3787 6311/3477/3787
s 1
f 5856/3814/3240 5855/3815/3241 6311/3815/3704 6312/3814/3703
s 0
f 5857/3477/3788 5856/3477/3788 6312/3477/3788 6313/3477/3788
s 1
f 5858/3816/3244 5857/3817/3245 6313/3817/3708 6314/3816/3707
f 5869/3780/3169 5643/3463/2872 6099/3463/3335 6325/3780/3633
f 5870/3782/3171 5869/3780/3169 6325/3780/3633 6326/3782/3635
f 5871/3784/3173 5870/3782/3171 6326/3782/3635 6327/3784/3637
f 5872/3786/3175 5871/3784/3173 6327/3784/3637 6328/3786/3639
f 5873/3582/2984 5872/3786/3175 6328/3786/3639 6329/3582/3449
f 5874/3566/2971 5612/3565/2921 6068/3565/3386 6330/3566/3434
f 5875/3484/2891 5625/3483/2890 6081/3483/3353 6331/3484/3352
f 5907/3500/2907 5615/3499/2906 6071/3499/3369 6363/3500/3368
f 5908/3590/2990 5619/3589/2885 6075/3589/3350 6364/3590/3453
